e3b0c44298fc1c149afbf4c8996fb92427ae41e4649b934ca495991b7852b855
ba7816bf8f01cfea414140de5dae2223b00361a396177a9cb410ff61f20015ad
85e655d6417a17953363376a624cde5c76e09589cac5f811cc4b32c1f20e533a
248d6a61d20638b8e5c026930c3e6039a33ce45964ff2167f6ecedd419db06c1
d7a8fbb307d7809469ca9abcb0082e4f8d5651e46d3cdb762d02d0bf37c9e592
66a857d633aaf43d9e9100e64015039affda85933ec2e7d40ce4c3a4cea10e1a
17659e9d67db86a07b472b689030cd91259b7fea1ab74bf484908cf4a2f6aad5
2d5754c905b91f0bdf605dd0d2799a6c9ddf608cfe97718a7db5d9b9ebc39a90
811045a298c744ff8c4340ddd8e07cce9272ba7e06e4a9b0313ccaa864346d47
e99e351c79789d54dae295aef5496acf12f64ca80ba52dd3187806223182b96c
9283b76fecd67ab7982c3dc46a2531f92b9a639805ac81605e9df434889b08ed
4ace76a026b0f1ea184848ba6563c62e443f42e478797a62b205380d9f8a5b44
e5f4a6d01767cc8067406fd4dcb471aa88dddfeec30efa56a7092354de1fdb91
d1ea346486adc40c5087c0c93bb9a0a06519ea68320dbfa2cf35d12f8f8da29c
aa81602f065f502d6286119e3bf51cad05a6cd82bf77ff8228d9dd41bffeaeb7
0669592d9b387c218463a1e65c91fe978811818bf0297039a0c1e2753fee3a88
a77372e0056376f605e2f093eaa6f3d9362d6d6ddd434ec0c15a88a7393ac61b
a88e179cad616c5ce22680b42e5358c90c260289976e137e8c47f04a01b14d8d
7e70ad0d3927f37ed94a478ef5c39a2a0776fa74c9f719fbc202c50f53a54f94
a9e8fcfba982d27b8d9e6a049e132f2e367f9e194b9d7a696d39555cb14a9c1b
aa8ff3053de9e46e9e1a1f75a422a9642093104ebda74e0b925a96b1f42b9cd5
0ad1ad4694d71e29cd6081d042a23aaf745bf778fa368f1af732484a4973c463
1056232b50cce74ac68497870641b8e4bc0821648247c41281212f3c8c5dc7a1
b4fe803ce450f93b89f1b26512f47d4e789b9bc344a1095db4513ae3d6c1564b
e5dd2c43ebf8c1033852911f0b577fa6b05292d77de4dfe711a1d66a4a7ec205
271e1c6cdd855620f43990b2b72b6f5408d7f788f36616076100addb0d5aefe4
15fdf0d5f4ee2da23a2c092c26736cfdade8d901c010c60140e0489790b5499a
3b6c5fa8108cdd3ade9244c8cd09dfa4b92900970b23a0e34967d16a44375d90
4e6b9ff0966dbeeb5378688070b3b17c64a2eaa6a97890f6276cbf2e56db35fd
9e401e3065247ba5d0f95ac574a77aff9c83ceda0431f6ce9dd550519037d474
e92cec3a40188dc42e43365073d453524f4919e9dc9a764e1a16d168422322d3
1b6e7e96a6574411ffaeedd7d73194eadfeb20a6800dccc37762c897f4701f50
6b464596c9a366e4b2401f7a610d6bd2bc4a295338d28b71e9c57b526e2287d8
f033adaea96397df49818d9879a508d340c1dbb7ad686a7dcc5dd53e4adc5f8a
091a05c586b3ebc224af2be0f0bb2ee9c6e1456a57d4af420a74ca771ce0608a
2dca1050e408bb16b2a338aacff1d0e087abe424f58e448d9bc8b3dda4757100
bc2ea16c305151abb32c79fa807c9c6000478fc120c2dec856e36dbf26e7d1fe
17e08082b9e51c752e5b8e3576ad6cbc5ee88569ab8c95a35df7da49f7b916f5
ca23d0b160003b5a10dd1dd3ac2478d1ed733b08f9932ebd42cf0f91bbb86e91
e4b9939a786495a2321124876106259973e5627540f24a6b9311665560adbb27
0204dfeff3745b38d2513eb34cb90174694ce3447a218d93f35a4b444bfc739a
dd21648d84b9deea79c678fe9f8dfaf8341d46c4eec84415f9aa4080bfb68972
717a3f3a7949a38d715db5cb87dbada5a1987ba88305227934d85c09353ccdeb
fa6944167d455468a512cf4cd412413d9618ac511ab05992dbc702b5118a31a2
6bb89ab9921064a303969d27067d1592fbc51fcf3163bd7fe221f3eed7723b97
c0090131f552a5b793bbddab8e24d498b6f96a57d19b24a8316f547f0c9812eb
589b4f5adc2307fe4ff2ec788a9ac9ce9675e0b28ce46c7aaa79797e49e7f9af
f7ddd0398e4ede36f54e84d12a84b502bd695dbc651a9ff5f7200bb1ec26c258
63294551c79abe756115746716e2deb593cae2da8e55ff0e3c255d25566fc5e0
f52267f6110e1381e61ce66fe592397586e6cee8bf12643a01a9c664904ee478
32014176690d7532fbfad4fe21a401e8364e584e9fdfd7860ad15f346e7fe35b
0b0db7c04694b282436cacc8b949a1f5bc9257c0c847edecce09a3d00cb0520a
0fdcee5245370bcb68ca62b65df80b9e9f0b7fa77ce2f4510fe100da88e9bc1d
49668bd1a44a13cf3051ef8803c70686e570573959f608940e1ae8050f548017
71f5fe0a4ab20f5c86c178400ed2f7246ac506ff6ebc0210e77f496d838665de
8fa2b79a256f8c241f379d458f1f3dc2148c4d39133028df71f8913eba0d3a32
67ad559bd2b7cfb0a5c10fe2659f050be2098ddc820bf3fcb6df5aaeac51804f
0cc295d972764a8114045a8ebe567bc7ae46224cda11a94ca30eb914388af872
40193234313501e3dbba3f1a028716415cdbabeb5d7b8217fed96ebdf2095055
eaced1a1be0ef134d2a9e70c79f329c77577628a511cfe9c21171e0899d24db9
0c90a08ff5304a8268ffe247080fd19c083fca353eb04226639d1d39cf3b4698
0fc6338bb7963c466fcd82557cd4ac2fc4e129f52d439ea0b13530d5b9a87b98
3b23e64a79e912966a8b900e45447baf7737f6892f50b2fe3276d8711636543a
ebf6ba44e8b7b8ca98c2725fd3f548c2c35d055b4ee6ca5de5f311d972dfbc5b
4b11ba86782cf0c22df986e802bfe6ee677f4a92707c37f339549958d7305707
0a90b8460a687f7afb382d11615798e8fae3c0a60c708581e87e7e42c7be2251
19a13988b261b2f678bb28b426196decee0961a6e7a9aa9b4b4e6d2988eadd2f
1625220c58ff1b31e62164cc60c715629020616805828c7ff78e8827c87bb8aa
e357b5e3fb9ee51307fdcc0844f34089967643aa4beaf32902aa5a9083605ebc
7fa88584a5d7512cbca9c02cfb0186871812b1e1f454d1938c840f763c85b7fd
975346ba8ac5a5d13e5a1026a123a7eae7e7039638b02b00222f27583fe10905
535041bb1b0f5d9790c96d4892aca201d03533a71abdd12a1b347ddf94e4923c
d0cff14e62e5e796ac78d2049841a513f163373d3b634ef3424ba1468a8af5d2
3c8e84c71e79ac1ee36d450418b61202df456d5a1d7bdfdbb6ffedcb19591e69
976d22aab6e11fdf583d474b1ab820da4d593854ef2a8179a24d2e99cad1b5da
8c6e67cc72a4b0e945611d40ba514768286141e7b39e19f56215c5114d4944fe
534c0531d67c2d42956bc75307a519f83dd52cae1b1cea9332478506fe34f6e5
6b996b07839e745f27356a3dd7a7e8bbd8360e5f9392e6faf8a274e4d3a0e04c
35e2e17119e9153f6e3e47dd72f4ae94703ccc82def91bae617aa804768288a6
e9a6bd210abeedbd10d700a0a3e39c60b61d90434b59fc3aea577fa53f8aa7de
032a2426c000821a2892ee68b231a0bd372fba4c1774a237764f7af2b4896a55
e5b9b52bb4c64ffbd9a7b0fd5c4aba738ae659fa0b576ecc7ff6418c710123b1
607a01c3d03ede8e7b0bd1c9996df798091008e30bb64f853fd4104da7c0b097
b70931e9c8a168c7d7767a48bcd81fc9a130a0cd52527efe168ba1637e4b6f97
3e9b07a9e11a57846acea5b1db3a3f1e435989e86c1ce5abebcc387449c3bbac
5028322264f45b956a34d38dae36469ca1e748aae7736f21c6d2a559de7f90ff
043df0d1e028305176bebdda5401c45250a00319f22987cc759a753c0e44b1bc
f4ec903c58b3f6f1caca6da3b0ce2606dc4aac38f20c8c9409eb00b6653fd57b
889d66cfc4cbb2a8ec90bca2294331cdbb39344db8e73bdd4c816ad252e8807e
9b1da82e29f8340f072f257abd1afc0af80bfb83da0543988db2b1ff2b1ad27d
8446ced51f8bce4ab0107f0aef205d379c0a314be4900ca0dbafa24ff8c53f96
d00fd445787ab25c6417809de5d00dbcedf0a9f3746908120c40a61ede450f72
e9a76c9443e1a3dc3d7dcaeea65ef42cc63d0c10a661d7ef15509591e3c0771c
ca61cac6e6f9d5bdb96fd547b377131bc068758d119e993d6fc53f4b68ce55e3
78a95b501b54aa71088655382b75355cb011e946dd7ff770a263f1bb19c728e4
8f39c1c7e4bf64ef46927bfb773fe75c199d3e052708c71cf812c9c345435048
e65829daf2904eeb47a0895b2a75f06a59ba96ca8aa26760eb35b23fb950f779
5fa0b5f44f515609a9c0b28b9f5eab088d553772f8020d7d8d8e824034e0ff57
7bc0ef1ce5905d11ae65dd67e4ef420c77fd593fd54780c8f83191122b297e69
7a40c9e7940ecbf292775dd064d79602b79e8311397cc617d9ee85091b780bfc
571114b095b267795e043647f6957702e02a4773a2809b4bf31c4f599e0dbe70
a24e67bd25424275be63a209ec2f0c508c68f55e81e3ef245d5f27d9ff7b1c62
ce3a683c588dd31d3a21a2abd7c0d32a214f62f7d2763e7df4da82ab0f9c785e
0f40156d9e700169b714932b14f5c3d7b52ada6ff2797049b8616dae931c6373
8c1a7ab7cadb7a9e5aedebb90c2b6fe7314d60573ab5aa79333d52f34e05912d
0f64e9f0ab935c0e18928828c7090c100c3d9894fffac6dfbe8c5b1827001967
caa92624de984741af5d9a11054dcc7013a3aa797c535671da72a5a16df17ae4
8ee5c6e40d0d1745f65f281df96473695a471adee72d655b8b09bc52d48b12ef
9ff4898e66fe00597bc5ea307414ab493416bf64f8a78401884c29ab1ba4a9fa
a62706633ffb49ad9cdbd036da62233c5e3d879ab6009e9beec8bb6ffdea88ca
66b8226428a63af38612a4e56ccef63699d45ad5a25f41a07824f09cb1bdf294
fe66271caeba51c195ae463539694ab3a886dc1c2cb24d49453ebd3fa6df6ba0
f3b084cbe57faa28900accfc1f41c1a269ad9ee196a514f9ec26fd3619c3d83d
616b671c72c20dc8a22ceafa8243764ac23fd2b5fe27123e42536b83596302ab
00c0163b6bd3f32cac181dcc5fdbfc4b9870bb15d27134082675d2c5a8ced7a2
a8e09ef5ec7b1528834c56aea2a6f008ee8a02d0e2fe0c051d17cec17fea5054
51caa94092c73bbaba2b3531b73bfdbb559f33443a091007dc7a946b91218a7f
fad52850f043adbba12385e30e4b2918ce100d21167affcdcbf850a407713fd7
64a05b641bbaa85eb7d14dcf0a42371e8c2dc90ebfd9f90e959cff9aab652e13
0ba1187a41063086f20aa48f876e4c24b8786f5d198f476e9a7062f6e1eda020
005b4d410bd538b3ce5747b46c4ebe1af31f2c375fd4eefff3b2cad12fe624bb
72fbee38c817b9eff4ec21eff481e03a499ffedef3ee9f7723062ef2ab4acde9
24b2b436f3a3c60d702378d11c18cc044c90400ff87adf98eaec06d1d96b8d63
c00922707eab92aee2137604864425165fc94059ad4f3cccac84f84e8ca643f0
f59a5b053df4c5b53c9412a4c22f55c979c6bcd53ec72f117dcc858b53f2b3f8
eb77088cc946abd8c73ef71dc3026e30b7c1310637879c9ac87b3a35a71fb478
785928dd1836c04d70e522c037a984002ed14d0cce9f789eca3ee688fd08f2ef
bec85408eb240f16a7a82962a9a847cf37e1089b2f7293db4756140dc8c3ac28
d651567c35a690850fcb08ea4b20583bc8b59df8f1295d8d31f0302640279d6e
ef9ff27cb973911d90ebfcd00a23eefb0458724ae339ab80a8f73d139e6f6dff
5228b0cc3865c8006a2712f4a32f9e9b9be1ccc67d1e1eedcb0b56c719bf135c
c5aa0a86c2f785183f9f1ff52e9c83e6d94bae27d823137e22f4fb5c4b0d898c
78fd3f1f76aa7cf58b8392f14a6eb5e32c359b2e9d542ded1dabf14c13bb6054
fce9fd478687520d2d7da1c51fbd3266fbfa75da40411d40fa4c792304f688a9
d703f6a5928b774f073fde61a929f395b5d796028502bd1321380d64a700b07d
532f7849bdd68bc8ffd0f641bdf1c545aa7fc40b0b2447f31f2b8a14b22c8ae5
2e350d74fcde8532d802e0298a5df25b7df0758df65584ab9cd0e5cb29e7846a
aec40af060a6f1f506780b6d440c2d00f4147ca8732681ec5db13bdb2efd2a4c
ee5dfb7714fd5e5a06cc84e6aad03c9ce7ca2692f1146ddd229ac704269b933d
ec36693acba3e8da2c88bdf4126b0eef3ebe9eb826ef2630a1dba2d0d83e1dba
18b9a58a1c5c9b10d91b7cfd6b91b54073ff9033b09b195c39d7383d17218ebe
f8f5ac3cf6391f0b7f18e2adc578a4e0d99bb9c567c396da78acb6281335fdf9
a7ada0bb79fe0a378bcac948070aaa89fa55118959e7a317d376262e1d7ba552
bfd48a7a157a48a8ffa9aacbe629ab66c4abe7444640dd8e9d7e8c497f2fc8ee
0088b63a497d4867ab092e7672480b998cbe11ae808f56225889bafe1733e80f
553cdf14f226aa72531cc45a5fdd93d4ed37c0ac5d991a15ca1b0ba0558f3556
5e9b58545b4fa842267554f6caa5e4689d946173743a8a173e25550f47452e93
7d4086e49fd98c7fec4a1a9b89ea048335e6506764c835c349be7cbc7f09e847
803c4bf59474f2b898aab99f0485022eab41874b5560cee1e04a44fe36583fdc
d8378b2f5cbc5db07203b12da8d8fb1f20138233eff6d5ac17e0178a5eaabca8
0fae9ebfcfdb4f8e61c858a2b767a2b45b804580e9b112c7ee8efbbf73c31325
8e42e59115f6a8a99cc3758cd840cda1c738771e8da474982122cb397f2050a3
efa0e1751fec48defb34490e301e11161795cd9785288ad62969e924132cb283
87fbc9c60b694f70465490ff618e39f81580657ec9b478565c10319183372e86
93d4d0b05d943882e141e414c6f5c70ab824bf772cab98f330d001a2bca44d99
44f235f9d49d59a3e94b790f4b738df07493b4d30e6f324679d20ae2288073b0
18ac3e7343f016890c510e93f935261169d9e3f565436429830faf0934f4f8e4
7dfd17b65ebb3bbd53da29a79b3ee6fb3fea00c57778d80f80d4c07221384906
f62f1aa3ac5d547e3cdfe660ecdf0da74d6816c82df64aea5dd08f5fa3233a48
d823cb4a50273bddcd935397bdf3f9dad99d18e5c8a115790d1ea59ff48205da
e935939c7d51e7cb220c42f08f028b997023a04a8aa3438dfaf907d1a2299cff
82594be5f524ccc882aac7a7c241fef7a17b8acf2cecab86e43571014cba4698
5a313b3eae254c4686cdcf7368560dd4af3938bfec899a6e2cbce690f8089504
8ca59492057b5d291353065f96a7cc25a8f4c3709dfdbe67a900f7b7111eb430
250713885ca6c09b1fadb45939095b3a1ad741066070aa54923316cbcea07734
7de3dfd806684943bc170633a697a18c64337f89b7e29285ffd59aba9f93dbcc
ccc732c2adfe65c17bf74018f71f300a22dc7895327adfaab6a82f7be4038c21
013089720c8779270fb250296959cbaecf1b4b574c34160d04f0d3386ba8a9f1
6e719d959ec9954e88ec16752a4a424d5408db0bb897457a7775a56d550db5c4
dd0af1ab95676c9e7b732aac09649645a3f9b3f8e21dea186c73d2e16db0fc8b
63da4a43c1c1a37efca6b2efe2a7fd62e7d971bae5aa42cd594fa58dec0701e9
f19b83c45d9028fc96c0d44b0a183ba652fe23092cdbb409be71e6c3cfef9436
3e693a239644f1e964e85ea5236f4996e104678181e98754091dfc04d9fb2110
a9ee5d66c20b715ca4a027fb88ecb42d2295ae6fd5aa0e72a728d86d6b8d4cb7
e266c3d4d65f382c621bf261c72dd9aa7b0a29037db987c150e5e65aca2436d0
279ff0351f70a679dd68f33c8230ad7fc143a0910cce70d6bcb62b1fb0fbcf34
95a5f766213f25966851992efc05d05128700699abe929b832623374d0027458
1c932c54ae08ec3abc1c6eaa5a3cff89a452a315d33b6ac70cbacc3e13d95fa5
7980a59ce09874baae9dc880ce86b737e138dd07e641499fee0e01a6ff436f93
d17202ccecf26c9ad449e26360413a8e9326c2f49b6c49edc4eabad8e6059e6e
9ab82d8a28b7ee34826da58ccb4f72059a13ebbf2623742397927e2127849a0b
f64f32978817b44fff88ce66e9cca5fe85648f8feb228eecbaa1a1fbd41c8c8d
f3d286e8d17a1cb7c84c0047136cce246889f809b0b57d5e7167ff8552865250
1cf7b8fc809bb7b609b64499eb7b80ff6eedde29dabed0db49a82c2116d53c5e
40446a84be4e120dbb3cc9c5bc93d3c71a0836e6609ccbef3054aaf730b6a04c
33c11b08af65ba2c16451aa2f4cb6cb32627a64a2f9ece826f55646e1eb9d382
8fa2bcacc7f93b74bb8214625dbb80529cf0b856490d87defc0f79bc1c34b155
d555491508903a0c06d42e17ad22931c6deedd99d068e910e4ae60808aa56ac9
31234b6e5e7b1d4fc51c2f8419ca9de5fc659192f888861880e837e44a08636d
66219c158a3aa79b40fede5fc217b4394e5901a3abd5a7a5b54c9f9e77c79159
0761474dcc0ec96bd3d2ffe9d71237e5bdab5dbdd56ea51ba5380f8062029a76
b735c4c48e970302dbf4e3b44cae88a755a648495c694c4e30f263f8746eae5b
069d57661d5b1637772cb0ef0ca5bc1cfad79bfc8b1d82978c41876bec97a633
1720a12d80b8e22dcc6070dcde88fddc105ffcbc970fbedacc582f9d4e990f83
1ca1cd2f7ca5f691d0691b8b635263d7fb83bf452e2784e7f9b5097b0961b376
4efd60618b57956c16d2594922852d88656c18500733bcd30ec3b0466afd9744
856bf34b3b79ef5e270698b21fb9e78a96b484d7d233ccfd010f17c2df512421
0de7682a0e165852d822eccd0e3d2162e6d76916ea3508a2476d221806f2effe
0e60655888a5d280539b9753fdfd2b0482b15e0b1f4d5bd68544065246f6b563
9a993c7e45045edce88de571e05594196bbea886edccd7dbabc93069e3bbf9db
43a07a7d3cbbbb396e329966e47be8f6e7ce5e5dead36f491c8add922c611d62
34c5e858ffb60d5a94b56b1605fa9482282c14aadf660e9097fd716ab75907fe
36ca8758b353e6d8d6e3ce671f74d88f73910786c7ad78bd460bb46ce4e75ce2
0258e4e3e43cee81877bebb6a36123c782f9a40b831345e3dd12f93d3b462a6f
00d211a56d64c09d20895720bfe9b0dfdc9a0a1c790ba0fe8d67bc4a800755e6
dfc8cb43e06ccceb37612509c01324b2a90ef14a317f04c8a64d80d94ee0d85a
9616724df758166342a4a99a705dfa5f7ade7801d20b865c2df7154953b2afa3
a34bfba5a993fc06e1b6fd0446b1e7e768407ef39538f0dad160adb810a7e61d
30313b508b00cbf301b8f3382fac5c97d043d8d414b10ba7aa9168bc8e4e80e5
9fb96dd2e3f6a7a8b189af3eff280aeec9dc6a6b77407f7039caabed47b18917
0bb8e2c222ee989d6bb34ae7b3e72bad090637d272cd93c7fa56fdbf0e2bf2a3
23faeb6e16de2361d923044f62163a8250ba13563aee9cbcaa01f495210ab037
ed37407819dc8e4df49e8650b6aa8dff544c0245db88eb45e1fae8c403340b1d
b69a2ca3daa393ad57fddbd23adf1557db71c6ba8fa8529e420d1f75a76e55ab
86ad4a7def1f514a128af3f6438d0247675531c0134126c87a8a77442c7d3774
f1ccbb230ad6f125d620b0b43d5d88ba2b452933c2acb415a9edb82a2b65e67f
c1f8c6488bf0ba99d8a53a023e81cb4339a58c3534e2a6b1fdea3f55f05189ad
cbdf8e382d0585335f6583f8bcc9881c3faf11ee4afd7e096e1eb5e1ad7fbd9c
f4b19842894c41c8d6c27a21167ca0e2a7fc3cf42620cfb0718e80f0d1ea9c45
5ab6f9711992893925d2e625c9523c51f0d9b2a42edf37a0e26d0170ccd88540
85f4ebd543b089f6009751f004c274b2d3502dd7a5dd025dbbde3724aaa83223
cb98f283a7b3f4aeeb933cc5544fe9438059793bdb0f817ae5c19f659f4d5f80
8b0172a047fba8bc0e89a1f7440f1d68690f64586ad22aef0eb3b77c299d7aad
021a3e95ceb9b0ebdfc6e94ba4372edcfa54895b9211390c179982d6e52648dc
aa0d812899bd517fff8ae3b6b4dc2416906339c534ff4ad0d50335abdfe3e97a
1a2d47aaef8da0aa4ca001a765f9d4f4efab73fd6c2d27a59909cc097fa434fd
d9e7a68d05dcbcb2525a31ad514033e20de7b658c5dc43029c5c4938dab7484c
2153dde955f30080bb66f4e26c2af4d60dca53355c738e05f30173658943d175
e23c1a29f4cc489dcbeea304a3000e664379124e93d111d486974c012f6176c3
2e3e2f4f5ae22a9c4e6471492cb04ed9deb24425169bf6d0fb7b5763d2c70a86
024fead10e3df7133865eae8be247e76c1a2db0ae79c143c6f292b0dec02ef2d
4726e80a33f7170b83e2077e8c4f1c0037796ba011cc9b342c8ac1df648359cc
cc6efecb9f57f3804eca64df324d458f4d60c50559a16544ed880586a31a0320
3ff86820acebc2254e57353afdec4299ffb144186c285377b169153d90b4c766
b76726cb759ef6b6229300b4bed7a885c7df20991c998db6fba6b481463f04d4
e9018b17d16c973399ce39e602448de745b706ccbb9c969153f2ed74b2b579a5
42c283ccde7e016778ca71e4d7a885e36fc986305550eeb2f3c3e3e482b92a43
221cb5d7caafe5d2c1c9ff86497939942791d3fc431a2bfeb72c33bb54c6f35b
b1f4ea53781d2c2f7cbe799ee73eb04259c81902fcf78605c87114b6f8645733
bd4225ff0a5337ad7c63e9624b915f3e7580ce06192c851ff1f0193518a9a138
a22e03df215851c30bebc5187ae64f76ad5dca20ff7bfb306997c4ccc648899f
1887535df871512f348ab418a338f7bbf65b3b4ef3290c5238148c29c031d824
683440bd342dfa23c300ac7f3663798cd654cfa2ebfe1390f245c9d15cf717bf
9d918779c8db49db4874a62835e47f1deb8268bf8bf5c2cbf239f72a0a1be116
6f8ea6b52536e9c51b55c28f862c82e4ea9757bf0292a35d572604ca2cdca59a
d0d456973d126038e21f57025b4334ff35e504481a9726e7109b2dd0bcfe94f3
b92f58d837390c226e6fd084053dd78d49247ae3439a40da1ee802bbff106468
f0c0613ce339053bea3e1abf6f9bb1713c3fa2e577d6120294ff9fdb0bb1ede6
99f979fc354862ee47561b44f1bb6f706781faabff0b2d8fdecfa02693f3107e
5f769f9109fbf74f7013a5a6e7e47f33ba2d6dd3462e096d60c26df1dbbe466c
ca0090334f16c762ab3a79a553954ee16e9aa38d3e6e149f4e60cb5b62b0c2cd
e90595beb948bf21b41cf6fc49a2a57635bbc7d0c8711e723d0954840f52f839
cc5e93a681d43cf6dff277be03684ab3b06c29eaea825db805127e647c904346
b88d167e46785f2fb8e08ce7e32472c245d599a95696cd3e33b3d770ce842bc4
79faa76d20c1900595576fec34a6f1f7d46f195982e03d64dbe0b2ba398c53c4
97eadc51c18e91026d120bbb701a528fd03730f804ffff0a0284b065f26c5268
f2a8074b9c4c99c0f4fbd14799a435a701440a5f982429972d250618f471e126
bea66ca55e3c30aff150780b12276b9e7303f03d97d45d42c9ebbe353c0e9801
af992399231826c760b80ab149082c5c9ebf5bb3def6ee2e2953e0a62fe3daa9
3d367a2131796bae6145fcea9773e3f91d1528e75aebeb0cf1c08c0744422317
48141c80a0acc90fdfb29ecb944c5ad0f59d726053385e49fc01fe9309c216eb
d140fb7df39dbfe6f3c5629c403d028a4b5e783a33e765e5cf846c055b99998c
edfc42158238b7aaa26fa74cc8b6130fb64c96a0295f2db12dcbeccb5c59a934
b61a8945cb4f51264baf57dd58d7b095e45718cacbe54994961bb8d2e98ed7f5
f5f1cbc18ba793a4665852deddbcba9958e5b30ee6139f7a04d13bfad7d9e3e6
5b71d1ac0d9a7de9ada8a76ae5d2a3823c85c3161af9d0865378b955d5db3585
a81eba71fd8ca9c57e0ccc299f4efb901a0dea207e43b49dd4e9ed8ec525eb68
91e5a2e10688cd12d7fa3f1321f3e39fabcb390e3558557605c44548d48bb1be
0b22b12d3a55ec74b7635cc08d9ae14631c624db46c55eb8c701f33d7678889c
63837cb5a203739be0e2be61d0ba88d1916c65ac57ad9df493624394ba61cb19
bd46558f078e5cdf892dbb98783dae2a1984e95cb1938f6ccfcb1aca413707f0
daaf37675c2ababa66904923411977af0176cc2d69fe71bb9965101a2508b35d
5973160195f8265d66b4e9c83c70b8876b502decd262edac0644b75d95ba5ac3
d1fe2ead1bd12659cfe34d9f2ce7f772a0325c6df6aedab1accf662cb4175a65
dcb90d2411d3d60062e984116f275f80ed793c479b2c21a848ffe1af2a41ec2b
4f3b6c48cb70024b015247956c1f64a175025f69db97dae9426bbe1519dde7fa
dfa4df6a09ba58b1d74a1733fadcde95359b631b5b9676a2deefb29a22a51b54
ebd788bed05b3523d9ffa180da51bc5e85d5bf5a53bf31c4dfd8583e7caf5f82
3cae5b8b0a8a725c5e24b3c6fc145e900ddd010af0eb47be2a7411c3c8c956b9
bdad538f1eda2150d3878cccb59c6c3b407a58c083549d18cadba35e225bfd54
78c03ac31a2cd511f2fc2128380c8927f0a93de3145d05b7a02d49b8ea20fdce
03da35722ae1bf35d684b08413d739df3928705b4897be298755c85d17cead33
25cf45a9d47b105dbff2a100fe2873c00f54a633ee74a83d12ccd2206ad29fc9
9116d6af976af203157b86c56f388c1e81e116b309fb0b258fba860f770aa683
07d41870acbef41fc35bdba8064c1dfa08ca2911adfaf798dc3d04ea6620f0f7
372cae2854b8b27027ac6e31c32fc0377561261bddf5be0d1302e3250b708cb2
8e9bd34565d2a73b369506be29be4b7421221c05072407984e97d4c12bd59aab
eaaa067c1b3fb1720c6dada7257a157985f59716f0270d80e7b0427669f88cd9
8dd95e7e28dbf2d2e248be6852315d60a00f796c0838049f43436e868006d53f
add3f8ab67e47f31739b70874c5039e5ad62756244053ddc1fb2dc936748e84f
47fd5739d64ac760140bca6b2f9761ed99f814a9645d653d01e706585bc9ef09
9848407f746af4ec210c278f78d39688bce4df59599d5341f829f5c13986ca41
4494db4f614cd964df58d467bf7d482418038ddff77b4d62ded4c9c919391c25
0e1ed38fe0df8390b8cbd50bc8214c3204975fe7d59bc860df8c58231d32dd14
ee599ef21ffb36b485fd27df265e3cecb6826682fbaab5e68ce253c3eb175fe3
c06542fe9128cfcfaf5b44135e937336d3d0de4c98cbbdeef3436fd6f9f7235a
6b8057dde203eccd72d78f2bce9acadd8272f5c67eaf6f4a4b87e2648a879a01
90979f2746dcefdcb0c1199d8824053116072c57fe99e8438dd2c2a109629ce9
ff658176b62c019b886e9ae4619c3c21b1ccd5f9e24911c1beb1a6e935b7c51d
ec69801071c1f49f93eb5ac149af6d77036bf13744e8c134db384611c18bfc53
7dc7bdfd9155bd30fc2469eeea904bb62d60eb74d84f80ef7920a7cea7870375
5ae765cd3cfb0ee27462bbbb1ca758bf42a31800295ba0aca95b85ac53f64b14
9093e9ffbbf027ea5ad38cb2df467e04813253ea88b3478ca0fe7f8ce8d8f355
3badee05768736b65f9d9a5db27527eafdb79a317f7dfff2d23dc236b63393c6
cd3d160b0b8c00154b76aaea8846baa69159370016132cc20b638e373f953449
6ee4011b0a971af632be6c3b1021888dee2657b525c52d9d7b01a625e5ea16bc
e2a69fcd438d5ce580d1be66f772e4d2ca4bb4b5265841d2f4421a66e9278f8d
53eb6657ba8df141451e94e605e158d68cddbb45a6d454d25cf4d2d9cc1bf821
77d08a76996e57cb0949f393ed27a73d10ee019eb074fbfe5d2122f2ac4b6086
e2a6eaac3a90e16aeb0b4d9915be0fd86505a56eda5bb6d7a3cfd4f28f3d325b
6e8db885ccb544176e0d528ee5784b58a5d1e989ef5ab9ede13f5017d9aa033c
c8bbe2bb074686880c1debfef97508ee24c4f13235a37dffff71d8ff7d3f952f
01bca0967b3800e54de24e13a9c8b10880ed1b392e57c5e2d814cdec1bedd724
c5e82d7ce2a751b218ba1d6338dcd013500d09caadcd5ee53ed09d1d094ada31
e04cc0678e3d61f9a4c51b8aaec4d15fb76514bc8647ccf7390ebd9edf44c71e
7b1709da1df2f9a46951a460d8bb755d9b40493b0f5f05a6f0595799172fe727
cada42e9659a569f3261389afe5ca808bbe271f4973533a71c319d5b9a0f559b
7e492ae4b46191c94ffdfd8adb60650ac40354661ddd3367ce5d94abcd1e75a8
32511558fae3a0eb443328ccdee73c52c72b31d1c0fc3497e81d4e34eb4c0a16
44da4101c66729ae2707f96e7c344654dd9104290a3353f1911deacd539a0c39
aadee0ad9a38937803cba1f300e2bec69debf9aeb3b8ec11439c7559b46d6750
e12cbea26a7d9511f41e42940e9a7c6fdd09ae1d9558b55c4a715a52908b625f
d52c55032fb8ae2f531c42a0710f72f2c4bf95a7f2e2d0ea411477a94b53193e
a8d234c1ff0ad00fa8f1c62d2af2598eb9776b3d0ae6334b5962299d53e0793c
4a5713895755ba6c168a9244ea7287e78aa28db4b69a5f55edf9e8accf7f43eb
8de4170a63f6d763cd00f2eaa984f60e90254ed2c91d5cd90d3bb81cbf900feb
3c73d87810bea8ef23fdb9bec73147c7e425fb5c685c10e69cf3d34a052d0295
3d795fef3cc69bf3eccfbda0d3636ed609b63a270e9c2241de5cc690ec774ec4
55b30f50764b62827262d26af07f4ab372eed19947ad3821a3a63e1a671900ab
26f78d81b661666359bf0dcc5315f8ba1389116973d342308c35283d900714de
bfac5bb260a1b19f01106777e7d62f270c19847c5cc07eca44d95a89d6751518
0f848359e29874333edcaf4ff9482f2bf675591ee0d65a0e2022014ca6ff7540
45c5d1c1fe80115ab3423c6bf61e768a739cb2212ead13fbaf9aab2136262b60
27ec4acaa1ac913dc4b45f1cb7725ac2ccaa257c0937e11836191fcfedeba498
86bb3c70d698d03ff752c43db943016b49a67adb956aa1eeaa2730faab0dc4eb
82fb3047f4791eec02a53e5fe216c224b811f876f792bdd045192b93a6150808
ffebeea36cb33e3ace87fd7eb4f963bc9a7dc1cf4ce91d90b5094afa670aa162
998af53d51c5fa1d61f8da07ede4a2ef1293669e8595734e67ee7e8ee73598d0
692d18849d06b80ec75271101d8d269016a7c18d27850005da6dc18d4f693685
22cde0aeec6b63d37a0e7f78aec124ecdb6a05211807f369584de6ba152f9d0f
5f8a7204d2852de5e31fb108e299e1bff07d5052f72c47c4175e9e3d3c653ff0
a7ca97a1bf80f6e9dc72c4d016dd68e578515129812feeefd44ceb0100610113
ab7b80d9a42585bcb46513774f39f50913243e2908c242e66551e9fec2b6e3b4
4303917de4e116c35015e5a7380accb9fa5e727e5ebe71784e43dca4d0e62adc
dbbca9439842a9bde82c13526157955b122deff09cc1dece6c64e2b0621cad21
46ee62e305452452c7dfbe0fa1647d27bca591faccd1b80c2c0b65a3b808d75d
52c022749e267f7487fd68fa012ac36ac84140f7c214b87e9daed9f23173593b
ccf805dc5ba552cf6fdbe673b9d917cd4da898b06a02d24b6374770565c8f7c4
eb8a5f42edccd775c7d5d56c56a1a26fe713c24c977810bd97c2f6ae9c9b41b4
2aed7d0def77d2d1bf6c79692ff6d1d021b596419c8098939cb2ac7b6f6895e9
d3e475c703a52eb3626f989658a74e9c262e83604c656400cde1b84bd3eef669
18f9255ace9cf624c6b89e51a3c86c88479fada5e8a0b171f9aead42f8af83d6
eebf82fc875992a7b06341143bae8d3806ce6bde632081b9d9180d4d6562122d
98bca8c612a6737ab5d905f2a2b179434cf1650b6fede10737d7152949437e32
ce874de125e776a46a2ffc7c54f31d868b3f32e4eca91ce3f0e088e45dbff6dc
930834fa5b5a7078d9a198aed9dc24be2d5a11823152d1599250f59949f20f9a
d997c0e132900f409ded3374eeb96101b7e000dfa9d587c1b135964fa748af9c
37e05997287816f918cb353b073f658e7aea2fed77d1e75420bc15d39d888286
695c27d5ac3ee8d50406e8176fb705983ad00b6d0ef6cb9a8df20a7ec0f4e8db
dae67ba0279792684a61ede3c7b012ca36c36e89eba2543d3487c805c0780442
b9243fe8683cc44ad3640cdfd5f450c64b496672a411e7351d1180a0722b8267
3e5b02e27897bd1132ec49953c8043c6b61bff49b47ca228f0efb3a7cf1ade77
fe59eb9592d8d44905d5e88678caf31646a4eab3b3cce8a73880bacfb65a0234
4a1fbbf111c96e921efc76301d393b075b3cd5452230e37c16f2c8b6750a7a09
ba628777149d4a1ca90849bc76bb3a34f02437d0285b8cf379c12e1ab0b210e6
54695d7ead9d60d20d0bdaa2d4ff536421749600cabaea281e3f45a9fb25e134
d62721ce1be54f1a09c5e6edbc4f80d1b4a0deae4506e736ae81737996e5a631
ac70e116ed497d37bea71271710f88891ec1c0a573d60bc51acb2629429f8c29
39c4190c460a7eea95eb80ec55a70a76550446c2f10d835f0dc9ba946efad31f
2d0c465085acad388aece9f8223f1c4c8016b190f45f6bdcd4aba478304404e7
db36b9cdb8d78b3b5c3c6852262342b0b2fd7d29f3d3ffea5d08396e0c68b303
a11af64c8283b425965b2bf4b2f71ea9ffcc5bf551f5011e530077695d3ddd67
725cba343e4d1aa63faf3924dbec02659c5d9a7ec265ed74ce9bcba52a6aa8e2
5ad76c374d1937b6545cb9cf9a7d19c09ba2570a657282b48666f990593ba08a
3a894229f3cf7f48cc111266fe6eacebb910623cbe9663c8c5300d08b7412a66
9935b810aa476bdaa3eb53e70b8fc511f3ceb70439b8677a846d91e3b5bdf5cb
1092d8be4fa77265313958f82b9f524d9f0ddf283fb796be0debceaf38a4f8ff
41405a38137ed3e68bf911f8c4b874c988c6ab6a73cc85f53a12a914239c125d
da712d1264e5accdb36c688ba2e14be9708f0dab4ef056dbfe62157482bbb357
1ec602c1eef60cb14d1e05379ef8d85a657cedb4931cf5d346aa131be5befe0d
b035a673b1e72d0f1f626708d57b28207479ae9e0dfd45d016fc91100431a42c
f964426accc3c7f1ec8d93a032cdf9221520e4c6bd2ef4a2fbc4ef319457bdc0
fd92ac1d787ee6967511a184888377351acaacfda20d4ec84ad5b8e47e49a2c1
53d95c81a502faca026adf664954a87e4e2425b51405e3c73f1b637fafd13102
c9033fbcd30c6a546576739b6a2edcaf5f0fb21a5e286c17db8a32e166de78b3
4f181ea994a4758c71dd01c276fbae7aa309c62661e4ac0528f8c906d27476e2
6b27e3efc51f92816238f7776439c632b2f3c8e3baec7575f84dcfb45325e08b
fd405949e0554ca74756169dbb199ccad6f43d762ffcffd81b7e720a6ab7938f
6ca1ca215c81573ff46eba43589b6a161fd9532423535a896acb395c600eb1f9
01d987f380ba3be3bdf712682b6f45bc3f450391a5c10343c144a3daed6fe7b9
cab5fbcb3ef4fb6c66e72ef116a1b315b01321d37b1be7a3d16b17e56d1606a9
3aa4599c33d60363975c2035988c92edf4281800644e75c7dc0f5ed7b9b12b12
1d1a155c46e0c30258f2ec107e06b3beaac75ee0d500115798c220152c1aa149
4936a2ede05824ce6b7c313787612740f6129d6ff3a8f6b04107c295b0d768e3
baa51f922a3ea396660d11e8b2c78f926c2bc43eae0bba41cde23720062392f0
9f529b9f73fa72aa9160cc19fb9d1bd59f6360ad3f17bed750e184bd4fdccea9
9f5b37019f10469f05b8db9c1565730d215c2ad439439b81864c260053e09840
9b04347767c19dc138f5f18e7d6208a3902512cdd4eb4cce567ff80f03028b71
3e8d37dd1c0e6cee5f5da5486dd6ea50a05cc2d62798d51890c758ef9b650f5b
2aac97a3d8925bfcd6e851a0b83da32e97737a1d28911a94708d573f10960f01
3ad1191cf0680f71933ab87751f8f402336508af3733b2961d3783df6e4aa051
96d7761551bfd3c504e35210e4bccb4ae9af985817e5efc26898558479653047
5a5673666e01e3230c7da8ea780d97b6e222570abf31eae4be1b86f4bd8aea5a
75dae9ccb8a84faef15229a3cfe5654d97cd7fa899c41da049938e29ccec99ed
e8836cdeb1f9ec9c341ef424d5ccbfa202d102a3ef6a040877d681b894dcac4d
89fae7ddb8086bebe2430ef6cec90165ffb57c90065472ebeb9ea1bb26c6e3b6
2c246e0239ead62bbe4e74fa293b85deed4e12fe17c4387db563f5da5f1e4395
e3b0c44298fc1c149afbf4c8996fb92427ae41e4649b934ca495991b7852b855
07b1f21df62f66a461d8611d56111f721b6b138119f278ac2acf90ae92432380
dc788f75d0182c8d400e3b9800d8d412af5497149d9276f065792cd6602c6bef
12afa3aa36ef9d8f06b53d64ca10c4ebe800406d3f1944afcced15e39cefc5aa
e3433b91eb992cb7df594a54f9f474be6228ac79f3655736b5f641b9e0273044
659d8d8fd0f054fc3f025b70dfaac95dc3ad3b0a63e295315df4be326acaddac
5786d9e80ff308b08c0d2057f8ad03e648866d8efc649a2891011381b66602a2
f0e937598db2ac51c5387733cf72a94e8150fb8aede8fc0da66426f7d89b2fe2
cbc1c7b8ea07c558bf83c99d7a162faaef0a995e8ff0943f0bc654df459047e6
90525218425130510ecd28191bf0cba55715a1d5a4ddfb9c4853c4c9fff422d4
359fbe9786885afad46dbd19e96af5e78ecc4b5079fb256361f6ed1c44814527
d224362d79372f729033bf9d095968827fc57cf3d42d92599bd58f2296b1ba0d
139931d9d80f339d9be40ab101290e2ae243a759f4ffb242bc4c04255b6f07e1
61d74a446e9f16a1f2472ff0db995f1bcc35991db8a61a11980768a1266fc308
b277d1febbca34ccc62497f869d0616f8a3ac784d548f438b08f53a01b5b518e
97514dd7a4bd27c697c659d2c63281ee1de8f2743d9f96cb95a24cd30046a309
eaed42a918b471490aa27c793c636397c49606f0001c0eff6d8fd67d97ef9076
634f3b7be10625bcd9302857260a80397ed0916af681282da47a288ac6fb0ad7
8b6a9efc13393238e5dcf23bcf2d4497e8e908f50ff8e5d35fdb7e8137b8f78c
f91106bc91f6168f5a4f1e6955381481ce70f45fcb62d1542d5fa6ed35815bc1
aec339a0c7c22c51dacac58798673e8681726e5c50f6f2bf829ae93ba348969e
18abeebcbc27a619712845b5eda171e158501fdc0680a5af2bfe998bb2a5dedb
6116f4c29e1717cf2f1137b4bac6eba537c12b939410f2d92ef53f224d1da4f5
27c1bcaf1fe2ef4b98875ed25295c70d637470421d0524b923fdb58737c4b8d6
5638aa3bd42c7597db0f7ec8b79df30e75f70ebc017da0542a3e58068e7cd1cf
54f56beead705af1abdd18c4dd9c9a00c38ac5020483373cc95a3e04b2dacf29
7fa972124d57eb7f816a000731bc557f086ba64b5c9a03d45971e72c891c0e7e
adc4a058a228a6f69ffae0e0a0f04fd3b7d1420c2805c8dd5f75ba34f236df9a
e7a9380a28f45f110c9b829eb33ad3fa30ce0ddfa936740c2f4d24730f22d5f7
8e25e4037c2830c0881c4642fc92372dac0669ed0caf2df2b098de2d67a88e43
1ace427ed3ae0502e83300edcc5d32d322e106f85ebefbf53c74570f0144aff0
86b443b15889509ba10b4f8c7b87bab1efaeed5bf07129ef2cf5fcbb529f7622
7578a265adb085c64ac78b46a3da5be3cf1d768c92d5e6959aff400510062f14
ef7b97a8f84ac0905f68edfd2c951f0aa2b148d9144c404e8379e532c9c5b45e
2715be8e2c2c8febd01a6de9f4651a25c5d5540a022010caab1abd37365b10a5
e6ec95c4bb9eced30bafebc59b7990ba4c298d5069f55e48a2637d2bed3a998a
8d7b60be8fe03f66033a4e1c2d4ba6a9b689ce333c69060ec8a89edb3e89927a
ab641af1ecb3f84b22061c20cd66a216039f01de4118596608f36dd5903d5218
7d90365e4a77395015b2f0675e4f9f46e0773f2b6092c952c967ebdaffccf900
b189f7b7f4e303292e3695d74c3fad6e9726d73d37a89dc89cc858db39ce0dfb
26b2e3d70334987fd9df9919499079919247bac81e0a81388ccc86666611f252
43cf2f26d16731e06ef23ae264b5442deebefc55a71c9b3d63e2226b2aa685fd
72e77ff93a3580c9c3d0025b30b38e50d3006572539b2c160b754f7a2cce2fb6
434b1a33ccbbc40b758b26e410a4d7b48dcc86119c2835b6396360ad6f139d58
4dac08411796cc52a97d5487f06a6a9026226d8fee7f52d11e796cebfec87336
84b9d5d444c980609f93a760b5c37c3fec5e52e2a273f82bd44f9bcbcbebc265
3a2c31c5a65faa4916a901eb9c038f4845b6726beae2fb6c424edc57226e1499
16c8ee79e73ff6df94957e0399a202535bf39852a33e5d8a549cdb418e235296
247076a7cd1702eb1bda5d6be9a48f3618a5ade9ff9da13dd29f573adade08dc
2ea6918e7a8838b20c62cd22cd5a2936f0aa4c56c9e9d9025824be27a8405a9f
d8bbab52ff3f23325438845b57d0391ebffafbfd8c051c9c99d22c36ab491c57
3060a44a6d501eccf8fb52242fb1a41cc14a3841e9d4b9ec8bcc4def163e27e3
30f88403fc54e1d1bff5dc4195bfdfb87b09451ab0393f4fd85989957c4bb6d6
cf2ae958ccdbbfabf3a1b00428f6dd2d3b90b6ad7f5eb4518cee8fd0767a59ef
833dcecff89cb6b0c18827fe25f872acbeff953711704c2b3c46f0e9a41fec86
5323982c929b276f2070ef92c78020c0a6ed4f48669fbf9900a7866fd4f4e17a
419bd0e1f550af1a39eef5eb3dc965f1ce45c0c8d3d665ef615e522f8305992d
b17597e1f6788c01f3a6aed5377bef908271855db2f45d53f2bd2cb3d0f17697
2378bb33720637a32b1746997988c2bcf23cea9e4549d03e7bc4d01877cb7345
8a77c9c92f363c158fe08bd9f9a0c5a939cfb0dc05ef17d3757b3207b5273c79
affca241289e5a3464d8eab1b9d03f1865a3ec1e183ba6aa63504b4d13956418
11028c0bae8198ec52eff74b910d2569ef72e3da6dc2c90c6b523f75d01aba62
b274f4bc04919a0bbc7cad7454c54d94f326174b53aa161d6a9f23c29f21855b
8105df96c689ccc7da6aae86fa08490ffa984d92adb006ee39f0bba32ee40639
fe3d16f67d201764b31195103937e761454eca9c4a877a6413a6df3a704c800d
1775af33ada9058e7fd46b24cd603c7658f109fd2210f1265b6231408c686ece
613c993cf26e50ff607825b64690fd7ec62012451f0a6a1400650882e03d8d6d
371eda5f3fa64b04650dd39b3e2b46b3baac5e0a4bcdf485b91fc21a666126d8
515879c827662ebe7a7936233822a74bcb60589428cb65de0463f1664e7657b1
a471946868e10093bf738afef969cbe230b0849717a41803e54ed52a122d21f3
a8a429b429cd9a43b87dc12da8596cdccad533a01898836df44988e96ff4262f
a63886b90517d0a6318d57d398efe18430ebfd06777fdafaa5a6d7e338c4f792
4eda352864c086c7d6547e596f42e4a3c3bb2871224ce99d014c48eec9aadb54
ed2676d663945d9e546a6480129185d77bf86585481970c4e95cb2f563b1443d
89134d8c54dfbf9b80259302f714bd05c5a8a8d5561d5bf9c7a01b3301b8867d
ce2def96bfecae5878e42b82ddb0abcb78c0918558f402a6383a7923542f49cd
99e134a4bc823a408a0d56642ccd6698327e010832ecddaf9089265433b720b2
e604cd668cdd71b74ef4af186554802de8a878e2cf377de9ae29451bd57f2bd9
66b373d4779e737edb7ae256345c21660357bd30031146419b1af2872ae58f7c
2f2df717ffbe57cc922dc6b0e5cc80f7f755b504768458a9b525effa2bddf2b5
144b27264f39144a49c3f432c3615152357a03c726cc54caef5fd39ae660e25a
c52585dbae99a17092e4f59b1bf9280ea731e2b22602b0c2e607bcbc85b5bec4
f2d87592a879816045593b04d54bf308375244ff031de2c25d4d809dc62387cb
e4434163102aa40d31aca919460d8eac41090f94a1904dcaef36f2cf3162006a
182735e473d70d8d33479516952a4b8c88cb47a269a159d3d8f9fdd4c6cf4791
59b54c05d61fff12a79fb6432f6bce84d658ebd0a60e2a9dba3f939c8fa33cb4
305478cc4cc2e665247d11081efd575b7812df4d8f0198f92af9d714592c525c
169512be064ac68b7c774f5e4db2c746d317471908efb698703727d8e2e47ad4
e254710d5db99fb08eeca7592da05938475fb03b70a37ad334091fe479b600a6
1bc4b57ea7e0508a89286566ab701de15b6d7e84352c7c9ab00c79c67e7935a3
2b7e917eac8fe502d08956d174c4d336e1e375bd58f410a80aebe57edda498f6
274fedbf0b1605c9886e665580ae75f9aa55162de2ddc716a1b7d71188e471cf
eb13f86c7f3349a552cf5077e8ff038025bdf123bde42313011d99cf428b38d5
4e82717e311584feb6807998e05275ec4d1d22d8c74cb9cfe5e306ec83e4957a
4ab371d9f6c92b903ef761b73e1e5eea44366e20ef961c2aaa35993b57af3e05
ceb45afafca97a81080fcfb7cc47d9bd7717b20dd7ff7ec20cd4bd339e6c4dd1
96901df8e17a009239c97476044923fa76071e9d308c1412ad67ad18a6b5bd36
a9a308a4578398742ecd5c2b992e485d7000f6bfa9eb93a45fb641d03a0ee1e6
687f95173a716d4b0769bdd68f5c65d071d6e4ec438fbb332a66e3f62aa5f945
1cae8bffcbbf4c308266ca733d67de6e54dc64d3bdfefb734f969eedeb8b2ea4
bde1b694cfa3ae2032d594533fa5532e54431e92cc74a418f729cc7d85e8b37b
bc95d2dc7df7cbdfb4927ce1fdc6537407f36bd1704b3a46f5bcf4411925bfa0
2f29a7f76e278bf7d2e9770fbf847cb4a94c9666974ae97ed5bcb11cc347e388
8858bdbfcf36e34b6c980aac323c5436fba86ee3ebd5fb1b800fcb612f4c1b89
87257aa519a0b13629ded1b575fe87c4f43c901824f82ed09bb2573abaca912c
1ed02fa52e298345e120de2c0f54db90f103437960a080599abe90ead72ffbf2
511346f656173bffb8e649138bfbfc5cb7881c5dcde8c1659d329caf93378681
aeb21a820cb9aba370755b5534693c50efe6ffbe8c773f936cab247ec6bf122e
efada3bf084b34d60390cf00158ccccb4b55d7ec6c4ddd1858513695bf8ff597
f151c9645dbdbd95585b94d699fe67cfdeeea7d6ca265aa3c49fdcf00d6d42fb
184f82fa01320efa74b2d557d2f02d6aba42ed9045b2f1be6679d107c1532a69
15326b542e6dd1b2dc76cf548dc85d2e859713cc135edc5af5b1ba6787f954dc
1332037e8415fd39e58742ab894cbf4063f9ddf06840857851dda4bed3b30d78
73bd79ea4001a101e3192e301b80ea00a972b5191df82ba2502491dc0a6c4279
03a49f3cf4b6d501cfbb82cf891f912673fffaa04d465b0701fea516c0fd03d7
c88fd9279b9d183ef4130efda7036fd23d1de62aa028deb951ddf3cf395f3168
a14cce171c386b2cc35b869d0563717bb458a3301f452b5abddcc5b0e692ae7d
7148a11e32ff8a030d02e9d3b59196e856540785e448b8c2c4723295ae7b6c87
2762412f0e63fe1e44988eb10ac19591909a203a13f95cbb654f6b032edc0a9e
0db3593f4e15020d0c515e4362a1eaa1b0498898fca43f9bf9d37888d5a8e5a0
a6b76026369901c2d9756fc69870c08c939edf18b849d8790f1efc67de915b27
8b211ec22ceefbcf1037b756c0a668118e3e7b1bc9cc98575764827c21a009a7
bc28a652a97df7ac8e01f37f2149bda7ceae071ed98f6da034d38314a2905050
633f931dd017d8dfea6031a63ce99fbd83cf7c756876f765f51f6fc3edcb5ba7
ea0e5b53d8a6bfe48d90d28a8c46698c03227fa4a9e590e27a39f84c5a0d4654
d26938d610914bdad1ed610adefbc5d08824ef6cc89684eaa967535440616e52
ef11962e3a5d284b338b6b480f32623c0fa33dfb851557cb23eb147327820d7e
0d71e6355fee30ed246be2f62a76386a0601a21497836a66dad96d034bd19045
3e7e2adcb8da29b6fe970bf521d715e72997b5818fa30d506d5c6430dc2575cd
aa41c177b3d58b1486b882a8fdf0c2a08a8aaa874531a2bd3c57872f3517c08d
bb308b0c60e32224c0f62c3849bb68085515d2093f279a936e5358d7e3accb78
7781a79cdccf05b5710bcf6e4e85438f04a8c6abdd4a12ad97fd4cce80e84d29
7220b9e5ec5653ec9fe76b3e1d1e9a07deb622d0b65285a17102db90e41d14e4
897a07eb11a7f4837715a818a792b9260337c113fbdd99a96a1ef409e7576e25
9f947f7f985594be1eb5e35083800193051d28adbdd9ea52528bfea70d7312e8
2c45382a4480f149e709008b004033a4176560eb32c115276b108dec9a201bd5
de12f826af592f396f0860ee8c81222d0d84a8020a25c927a58e6c5cd628779c
8b09274b79a0a4a77631e66446899fa3833f289c134b4b7d289cb75733a53406
244835dfe80d3af89623acaf744a6fe568ee2e57543f016574b7f933c814ea1f
9f694b714181ef820d0076256b3af3c368ca6304151354cd965f75a75745e01e
e9147e277f3ff4cc37440c202b8ac6c6c97407f591c1fb0bd1db1645e67845dd
bd95cefd12e09e9a937c391f3a582f4674b809a05d6233eafc3430c763fe6996
19c00a21546352c2766b2fca334b64190acad4b8ce2624a1382fd15c1e16960b
24d72a8f99b1b48601838786c6b3433810cfc561f89683ae8c008329d984d0e8
eb6e91eef3b847eb2085b6f89be3f217eb7b42cceed94876d886178654976f24
0ac1933b833b7205319906541d7dc0fe0189f0e54e7bdc325bb5d70683e45a65
585e6b15517c43cefbf52d4ca6f518462fc5b2f3b886155b65b34b08fd2e7d0a
35bc253cdc6eb1ecb09f620083678ceb066ca91406ecd3bad36c5f694734ba06
0d2c5f6c02682fe6802b274423e05c8da2f1a7f9d66ec23fab963f5f2fc3066a
373af1b13f630ccb83d6d8f2f44c73e52e8e10ec4fd16b386482127654b3e5be
603dbb3a5aa032b97a2f3577f288a287c5b1be7a380b406f49bfa795bbb2051a
b3c52fea9cd3517bc16b4395d489f84be2b5dc60a999880eaf1409ebc84d8771
59982f7d862b0beb97c42738f3d4f8668399711157bf665fd55f9a7317458d01
a69690f0dcfed147e1cfa57ce8a3bffcd52acba44dc57d884fbceb4e8823c146
cae1fecdfcd8c43136870c0a9258c0090696ea9f8b9ab9d2167c9ba4fc77eb4f
9f18cfcd23fed02a851aaddb3eac46abcbbd4bcbd9fc525f09bd3dc8a67dabd2
2a951372f4150eb2eba2cb4c8b4fbc21ac3ef8e3043b3beadffd5d88319b9541
18854d89174506da8d047f6e90c4ff3c9f6287b3372a53daf3cbbda86432761f
6e514f7afdbd0bac0c1593ae9a6b6037099143945cf232f5f14c077e96dffd92
cd8f0b4e78479dbc174028064f012f5912ff9158dd58033baadd3aeaf715f1aa
1b185527a9e8ed81396dfbb9c1c300056ad629e985f4a41b5510ddbfd7a2317e
450600ccacdac7e9db086abda62c670b7b8030ba8c6a5a3cd499f34fb2397f72
9d56b5d618d0797d921b9bdf5dd4f69f44448d25c4d806c9ad19dd9653c3e7f7
d211f5a59f26062a764a0dccbd70546375758c4949cf040410b5110ef9a54ffb
78adc262d5353b99a57a18babcf6d5f30348ca8ff0af580f5e5222ca35c57da6
081fb396368b10e6993dc155424c6ab73fa330da30e03de43996f2384cdcf6db
c4c08086ae2215f977432bf96b7be03338fddaeb444ec15e2854126fff417761
14725060e58393e50c91b1e0f0fc12c906e488dbe8ff983a44b755473309ec64
2772a6ee2dfa6346c262f216fb02529469fa345bcbe4341b8c1792989c34e4d6
ce25fa31b1087a873a3b279c878874be6ea4ca3ea54e9e41b088305ba33a0995
f31ceb81d04563fa00c6c9ec199f538f4ed79204e2497eb5164fd860f25df277
f73309216d4d39bc8d3db1a94de8fc02faae7937de95053e34d0f659e3f7a9fb
f6d593252c3b62bbf1f1166f15496ce56ed699331585bd07b0733588416ac3ea
38ecfab26e9969cff0d83bf3c5844f3004b97658ee8a84a4e7a60fbcb92d6e0d
7a5156a6901a7af668502be61bf0283330b3487e707f90927948604c9257db93
c19bb2a02f5b1e6c1487cce02e7726defbcff927ad7bee384b90c3e4aef92e5a
f669b05138da234ed5ef400bfaa26140ac1dc60b27a079e978c372ffbaa2cc3d
6ffe837bf3508519598b66f47b92e71d42f33c04ed41782481a7feed49798ca2
b359bbe94d211cf6047471919e5eeb33c90ee3790aa617453100285cc3d05037
59e6704bc347f32510fd7269e83d3fdbf4e8c117246fc52287a002e07a18f5b7
0922d2d5060c54304f7f11625072295ca4fd4a5a2b774ea9fbac931805d480b2
041f8b770a790f0af9ea5dae0bb584d735b97108e75d08e3bdb6df30e086c70a
4692524763327328c4643ae2ddc4292e481cbed9c65dad61a2c5da338fcbf610
ebf5cb9b8db7080171040a09b58f0e413bc6ff1cc0dea9be96e4d356344256e6
aa4af407043cf7397481a69ae3c269c801665f3c0200d8158dbf00d85c7a6de6
36d500283df41cb64f4da1ee6a6023292cdbb4d8eda750fe51fe9ff47c11b1cb
44146d749f8d29c67badce26256be49ebbf8bf413424df7d9915f2c0e5f8aa99
a0ea4585c9793a35c072b39cd7ea7ffbe893b3d1a896f4140ebb20c4df007a0c
2b6ed04f7cb65cfd1e3502af3bc96b6058691f5f39d39ea58f74935e374fdc09
8fd4efeb0e4411cd592457aebfee68b23877b21b05ddb317587ea1249149587b
edc362d2a9522876d4ff2f23cbeb15b970244dec1f077bec3c854215a13cd4b4
73e67b106caf5aca4e5e03001a8f92f6735bd489d3bbe4e3fe6621d17575be0f
031a66012f84f1d39c96dfd33f9b41b8df3d50533cb5b23d4a0ac362a677aef3
0b57fd8a265cb445e7671c171a53113dad3323216172fa1f460bb958fdec98cb
59ee0f100458f10b96b218729cc981c7fadfb3905cbc8fb8c74443231ec68e06
b7fc430242c4ecf397817c71edc1d67eea1f3839a45d00a2b3e2e2391f3f6892
0931dc8b1805aa4a9960bcc4431ea405f4c17c5d1c24fdc7b8651ccc05fd829f
fefc0023e4073631adab9b7687557fb0806a2d5d0de91d920d8c9a180df7a421
b63996742a6d625b0e836f962109696d96b733f19adb85922570cec040a6b7f4
cbe2c27293073e3dc5ad802e2bbe985e96624f8cb3d96ec0e84148aed153ef0d
c34352113a189c4ccdfb506ef9035463bf944bfe3e8a49758596b824bf924e1f
6c72d4b5c07cd52933dc14b50bd3adeb724508ea6286f2010bc46d4b2acb33c9
067056bee38024153461558187553c2b196e4eeeb7a498e2f4f0f744cbb5d785
77797c9ad2adadeb173419c070d9c94eb05414c8c8f5c77a47fffe2ea55fd445
ca5064b948c1bae6231128ef41b0d8017797f5f69e3205ac379fc73f878d149f
51747ab04dea92b3ebbd3e5878fca61b47681a0129c1d106a09a4c639738b346
d272ab580f2ea5c85d24f8f823f5145ade8c0b948d47547ce30c809d5e23c9bb
e35a7bbff8b58409055c0afc7c178ed6bc2c2f230cb2186f000cea06bebbfc1c
a6e2ff30e62b82b4015823478e90f42c66eda589530d14c21a445ae518fb2eca
f5b224fb9966d679c4d762e7e43c0999b46444c0ef1f71984964d7dc07ee9324
425f173299319342727818a08ada01d7f79df883932e98dc461540d644ece823
ad8f11101a8c1c55d56f60edc5c807b9de8afb7c300a63ff097b6ed586449d77
1c61092061d6d2e1da5cc341b7647c75b89fdc4e87d19fd137f58bddb49982ff
c5398a2f1265e4acd03c0e8aebcb11f590be09d4c93ebd291430b96ce46e097f
f6c1bc96fc5401944edeb75509b2be0911688c17e7f1088fdc004ad5a1e23dde
d7637f61740c952fec645147e5404a3d5ef5d979419dbaa665071365ab13726b
29730e5068e557082b95fb409e3b1f20165a2ed5506cb6c721df2dc71abfd3c8
76584931db3d0f99e2890a1713d09c764215f1bcf930809b06683e570cb54837
a799ac03fb04041a256c221d971f9350b20474ab4601492e13a31177a6f770a1
6dfce133c0523de70928040056b78bad698c9748c330cd5227bdfc3d1619b639
aff412286e6f88aef191d65cef78b1c33a8a6770fc2a6fba586142c0daf10a2c
6fafd7b264c1c1708d59f91b20d6b15c263ac56547934b71df45a3c50363a958
c0cc161879d9acc0e539c02c42197362d04bc1c34273755230eb7f06026a8634
ff04c57de12360fbdf551eb15b6a147dd6225ced864a4d4af2de1d82a8fe7965
9a3269554e60998da2cf2eb027d2ea6bd11f8277c8298cb40a29b9fba8bc19f9
397d03b46d033252bc3e25c4e368fb8378f9fd47c8c7f33de784b14e4c33ce48
5a4d4e47f003a9ae4f3301daed810251a8508053fa6a7c61e2f929ffcc05e80d
ef381ad0f3e8421091308d5cdc06841fff88015d8dc902039b992d24a1cf14f4
6441f4e5e5749729b216edcb56b10a06321c825ba23a1588becf700c67ab72c3
74283bedf909e9ff4a266bafb015e4051470fd47dae7cab6f8db01042b94d88d
3986d01a4a18861e335de201c8cd4dc885174f9b177e327e4ebaf1836d5335e7
024bf065e77be5f5f3dd978136b07d2e56cf66d6b1d6ba3e3469171e9d821a1e
6d79c00bb1c71be2ecc5ed18958c01275871aeb4e8cd29beedc830c321229842
a5f7f5216bfc9cf76df95df8be32979574f5c005c83216706cc17b86cd403386
bc1a52997a8f9cb08d9667c1fda6fa4523b2550caebbaa771e3245b497e16041
0e917e97b2d8de064fed2d84e89b9f88ad127eabce8d15e9b5498947db6f3c72
ada827cca8194016c85cec7d171c584221ffb619d88c7900841761e409f5375e
52cb16921c79d7e9703ac4c4a63f2a91b1b2540949f25697c8d7f4ff9c2de5ca
8ea3a5c30b0cc0e2e5f2d2b644f99bd00c0280d16fd21f14c1f48ac19cec94ac
78c754809a65ea814bf85fdf319316feea43710abb18a1507a9069206eb430ae
c50cc8b30d1768ae6272e37990d932d1bf188cf7b05cf99cd5a708c9d7fcea5c
edd1c7489628c6024f0a835228d4f3a5f1f68da91bd3bd3fbfadad613921383c
cc8eda77f98e2e7ac0520756f42b7d9ac343ca987f93cc990d2f291157aa5015
c6311dd4e68dd78143cf57deca9ae0ce95e61c74d5117939b862d1daaa65e8aa
88a4dc96f01bb8c6b215ff60c51f95f4c8a00706feda31d16e2734f152c00fe8
109e289b4d92b668d62f14e9aedb7e422b856ff2e28992abe25e0940cd7d0cce
d68488b2572a11645b64371dbcd15cf36e3c7439e9393d287c93904e251dbfc1
2f88a77d43cc3a8444433751089f960ee8046aa7928fa464264d95a99be40275
09bbdd0c225cead437d31f60e20d2c7c9c8fdc66141b3273f7aeb4e080e197ae
5d69323350dfd2055808a184b25fb9ced0fd729bf3b8f14aac8f71e66156fc7b
11b75bf31f5a5b53fa4f92590e4d4aad12538781e08fbdece1055b187b55572f
cc11ad7431eaef047bd84c0c9152d06f0382b7dbdb6e5c830a82b5d0a435f811
0b92ba38ac545a122e13935a049771fc5120e223f58a8d1c64fbcbf0d757c2f4
1aded1e546694f88b3c8efe3033c69f086dc27d4685cd00126a9807be5f88ad6
812cdde6443ef0d66a09ace73d9d23f4b102df17d7ca6de52a8f433acf900ac0
9a2267b00f2d9e4667a026e16e5de93688372fff14b4cd46b6bce3adc8a5c674
6c051f1885dca92ba7348609f33cf1ea1525e54041f921cdbbb36863238d120c
0c682feb6e3792764fc41689b4ae8fb35571db27d637d535874fbff218502e0b
0c002e5231e41e795c2237019f9d7c7e460eda4ffc3cf2bb4e46f5bfc1401633
2d218f17882b04b49274648972d94a0a76ab0dd0bffba5896015961be612ca2b
49ca7c801373d674837f9383a40982489c7950a392a5b1d808e210ad3880bfe1
1e0fb0c73f27ff7e075da8a83aa69ec6c4d41414e822a4126b7d710e8d01fefc
e3b0c44298fc1c149afbf4c8996fb92427ae41e4649b934ca495991b7852b855
6de4e0c3c7f15144ddcf4bdc0f263a72f038f41fd95b882d7ebfba5a5d43366b
0099a387eb2e951957a3f98584331726060362e2bbd556780b66f7b17108877c
d5eddfcb6c6e6f7ac1a1b8c3597a1262d8f28c2bd516679cb709ad59f204d478
0d48ff249a384561d55fea25c95cd17cf3da4136f5fb378421ea04615dab8bbf
846386d0d4e4036bae31dfc7ea8805f8e88d9299d9a134fff7f554ed809cba6b
8776ebdfd746f7681badbe1b6b4b68500dc104fbf3530045fa1f9a1bb50a12d1
30b037599cad5997b979f57f2fee17240e536cbf1168030018ef71b1b6aad028
b6ccecf756118c1d29bf702c356aff5d610df752adf7b1035117da401f6eeb20
f43ba553c087fa61f49d5a7cadad46c85682c7d3f5fc51cda608e6413525bfd9
7839a8acf8a57356d928eb94019f77eaf441e1ab593989f13440c18591989a0c
d6be20601c86043f605de86f44963a8cc0b1860c5b86d1e09b3bd27d4ede4c6f
b79407238ef71955e48c1c13555c3be39145e8834c33b5c6f7b5c6188093c705
8260e5d1eeca176b601514d8dd1781e86a18572bcd2a6eeb6e7c6bbecfaca7d8
84f2ebe172e5242b6db8de1e7a158cd932a34ca72885d9a7d376b5abe73e5f89
b74fc65fac29f770fe27c8a03b2e008e9ec781c4398bd3c7746ab097cd9467e5
4c47855fb5208dc886f65e234f2e569cf74defcd1f6a950f757b03ced36d6d20
43e9b2d4c76fa5381c35669bb3af86989aa1e72da179ffd979f6ca90ad933e12
c39d60adb718e2e407fea5cbde028383163e314ec11e6668d47bab21987abcf6
96e6c659993e3eb9a922bd8846151e336a5b995b699dfb186728f41861b93cbf
a29d58d0f9a146d86983cdbc905fd94210cbcf5f163f771178a9b45c187c7bc0
bcf4b00718f17a16104ade8a9d575b83256563e7f8b6123b95aaf7d7ce869665
647e34eb9609cfc51247a1ecb7e66eec83ed354395d65a404ecf7c46984587f2
0bb410b02a0ece0606bc2bbd8f3a52ffccc9f26fafb8dd99c902ed99a90946dc
5ecf6043a6f30c5a6c55ee0bac1739a6ab488c445956118cd91c4400fbe4fc9c
41ec3472b9e82d3c398097e8810f401d267e3449653727c60e8f1a24e4d1fad2
950ac498a912740a7e2b38aac71b6a050f2fc9473ed360924c48381e07597ef4
a5b31ff91ae7b484a461c5aa972d2cf488f705beaa04a1ee4eaf1cbee6a7f07e
5d971c0cdd490393cc79776833e2ddd7c4afdb48712f4d1d0bc7352f6f2d813b
8d92814e7d35b90a07319553d19d889fcbff48fd2deb3a4cf09e8e6221ba250d
6d4ad70d3db70d25bd8cd787abb7fdc030e47f666b795e4157b58fb8e4ac681a
4c39c67f4325ba57a76effaafffe51a44bfc4ab24229bbe1f19ada0458e5ca20
760d7f2e7f8ea062f39645805e9cfcedb7c5ec3542f93cd379a06a3256b82202
5a45c81d387ccdb68fc31d9d45aa5188c79dd782f5866a45709293e035ef883a
9256095d6eb9b2683c01ccfeda5d7592b5e94080d5702c2199f4795808cb3b27
5de4174670e233ac5320649568060a78c2c6a3d51eea20bf46516ff4361041b4
426a14624dd8f2e3f13b14106dfdcfa796efa123a3ddaa03e8e56f7bba31a0eb
3fe9bc32012ee737660e8b566ae75126aec56398e0d98f4b2625124b63730c1f
d5d205f95fa22d925140c913c86a2d845c9648b0a19edd6b91f61b23d2dbb824
d71c8e39b67cd19a26d91494172533b1f3a8b8854b44a2a2d38dcac7be04fb39
3b565050ece9e63199d962ffd424c56975a516acfc1e09b676e412e4c1336979
14838b2039f72259c45f5b7ea772c32074d434723a0296a74f605712d923bc1f
4b75db8ef5e4e640e8b1dcf20130b331015a5eef0c8967242a03339a2668be0c
e933be5d3685f697d53d93594ce885a9a7357c7c319ec02a96866dc84a3805f6
ddf8731e114bc021e4e78b457f19393aad0ddaa5af03c6182bd029cde817e7d0
cbf7c5d12e222f5a595f330212b2c7b741afeeb684718ebed985ed2a9c113871
9bb2c3965b9b21d3e3c725b483ca76ed366f6e2ff5c5be139e0155d0c58bdf17
e612a4ce29015e97803dc63f0e56017e2fab438390bc1719027f14a5107a54db
4f609f3ed129becf5559084769e653148ee52aa9abb927add28a03904e4d110d
3a2166e36bab0199a175fb21dd6a7f875cbf8c17ab48dc95878af351277805d4
908aeadf02b759691c96d64982dad89c15d2f029602a44a50f4d95361f02f14b
21af454a450b2ffbbae82b31bd6b054c577382b8fba15454bfbfdbd8b5f0e8eb
6583ffae65f4b09e834f0842a1ec76743ec7a929e40e9ba0445bb9c2f57fc65d
0e78784eb43fbf61f25e56a430afe57eac3613e489a628f6786c567d3f8d5a60
663e56d20eb915a2f0c91f251a1be262af30333723ed974e70d678c0ed74620a
c963c61db7feb8459942c86346c7d542cdbd138f1cb134d2cd8933f8b1bc8701
d50a56c883bdb9b52d79fca4ec4f209f25d660be25b493a7ace778a7078061c3
f7c43d7b83bbf1f9c200d6c05b69f7de0c624b1430f638a49cbb2e4b8903dcb1
f07fe9ff9ea107a82aec2b29c77ec92fcd6af6a83498aa4925486be74b714635
39426785a43495c69ed7494882922975d7ca3963cd12e488b028d6150f99f665
24a148b6bbf4171f4026833f669cb97ed708c8c54da78e87b1cb84d86a7c396f
fcbcb3a63ecbc28aa2b578abf313c5e64921e270ffc7866e0ace3a98c6c2c4f7
d31c9813045af66072d28f050b290bba2d4b9cf263b6e71fed9385096b0ca8db
02f980edfb8fc31140ddc1d9afe0d5ef8516e4c58f07fc08b02928133ee0507b
7bab9dc8b2feab14b02b4abdcd5b88b4038d6c07aa8f9ece57bd7b3160ecfc17
4f795a15f4de0e983a3eb981b31a052a900066ec68b4c7d0ed3ed522bb86c0e9
b9bb3b1c911a254b3ff146828eb8989ce0e9a21849bb2b8d3365e6c0731aeb60
3b6546fa810a9cbbabca11c9e36c63d53b7f451dd37447215cbdac089d428483
78b5b57176dc938a5bc58b4ab1c79752580fbc666f164e56305de15900986d10
e191bcc4177413c6da9c1c688c7d37f616f061dc613b72f478d334c976f8fc8b
449428208411e4d0926aff409f56d92f95a456bdf6ff6a7092d1eabad30cd38e
5d87896ccfa998fbd5aab1c8383a0b8f218edf5a2a7c2f2c4ebb7ce1234cd797
f97879e43957b0b0439a1ee24c90001dbce75caae2d4b5a9a1dfdb552dca354b
4f9afcd077502228c8a32f3d5477274b5ff17c649d10bb910482a559a0f42983
3bb6538fa5439e0cd9938bb6cae25c406dc8188de6101fdfa4816f45c116f920
355402d864283ce203f55b1d5f7739a7e75e77930c675b1138295dbab3dc0c0b
a298528a99630df1da6bb57ce18ae1b0f023a94fd24882bedbdce77666d7b880
57a7c766bde5c7b7b2fe13994b6d845da39996da413829e1632f67a10c9dff72
e2d7c92201b8bb1d94e8971557b20c2ebff855cdef14a69ed8440116c53864d2
fde0ca67b5dfb9f143319f917109c3d6055d2bd7acac728d0fe1086634c704b0
27942b2edabda575b74df0592120e657e7e3692af94ff51bb3fa7f0cce646f2f
91615c8859b5c6277af77f49d2b23856a8bf3e3fbe8160fac3244aed2fa4e328
648f7ff2ab54a97f59d79c543018a8c134f873e763c34814442f4772c080e13e
d42728ce48dd33b4a4e458ab33be693771be11f19b4603218a8c7f9a0983dab3
282204733d7fd27a535f8b2c4ec7336c9566970d1d2f0474b4d69d16e074703e
7657d2d34d2aa89fc73f1fc9eb8568137044152d709e41b6136010aa2736779f
4b2220c4f6b7a00be0b922dc0365c7b943571baad87bf6a5ead60f220dce688c
1c3b9ca47a1199f5ca798f55f3663338d43370473daaea7844de817b3cbf16ca
7e4f9311ff932a22e35c2bed07f9c95de56c45f52dc7fc0f9db1136b36e989eb
925dd9327fdc4685e6d81da5a97278a8f4c9ea930c5e1a1c6575f7c38a292a1e
d395ae4ded92b075e0f4a6763aae2897a65d2233d3b80c9d7a5e67573b4db0d3
4a5ba9aca554ac6e284f60e8f0e58c07f97ad2c0d47862d3b56747e656eac263
2d5c2298c9effafc56144955d3464ee7abf43b6fb956a5bf0c7016c6de79a223
180c587dfc879d0688f1240154910a8804ca2c68a7b23dbfe7f7d623f2da6769
0c659a2d489d84b244bb00e9d2a3fdafb3375f542d98a5bdcc375907a5daff28
4eafd1a34a82997fef93d68bdf66f35e70a0f3b2c2af9e493f1661c9b5226692
516aaeb625477ff33207df3d6da020dcfd41c6f3b037dca10dd6e46e63b1d8cd
20b03b7907fa44027618804c4ca4adfc67a9310fdbfdfa0d86e318984e8a3b4b
15cfe2e1a343c675e9bfce00d8073dfb6871c801b3a3a4c53c92cdc1f3c77ef2
884840192e73a75ee72d32ce221524fb2251960ed81cb820c7da43612decd3cc
e040fedf720ceadc99e473722f5bbb7b1fee4f184e1a57e4457f62a01f3b302b
d9a425a9e2b92f43f5c336d4e9c8c263518bef5d147cdfec6563ff72965c9808
019219b815d39c46c555639549777b3b60a544bd76bc7b8fb0dc1a57f92da1be
6e05e31da5b413963247488d0264874740d4926845e015475b738c828037bb4d
dfe9f6427851863a3d6e155d0cfaececbda62234f5f339934b272b257c561df1
5cfef2e5e0035ea8b867933433d99f80b5ac6488abc53b6684766b0e14e7149e
cc4fff9d90b3c15e41594f03578a135ee6251940a07292430031571d26b7c72e
c99592caeb69390a50441be41cc2a082fcd6adfcc1ce6b7bba340eaa18d1c48b
4624acaeeeee3e3a36cbe5743099e42130439dda1bf43ba8c06018bc9d95b0b8
6329e5abbcef17990cf40eb5e4bc0a5f4f3cfc65c8a9b81982a798a962896289
c735c2be604eca2aae65a6915500890e3b75c5b30473c9bc078c04febddda14c
a7397e179b23e030f250f305a929097d8f0f6b920d61341eebfd473bf0417e8f
f494f620423fcb4fa1f6d12b65254b1a488f92ac11ba6df9f13065fc2f530086
c1752ba5874a0f0f8f8f9c0a6959753e8aa680ac5922e7a44e0e6943948f7c44
5e2307ba8be8b76c6582e3971f3ebbcb4b2b68a9a504f92cd5ee1d96c2f1cb21
ec1b8378e205821cab3fc55c9a567179638a885f2bb9fc98601b281517073965
59990ce8075d4196e6ac298b5ca345f0a2f1dee99c0672158ca1dc7d968d48d3
6ab43fdcf5e99c5401004087e271ac27b5ad8d6fff57c6d23d52136d47b4a843
a8737d4bf8979b85efcf2c3173c31993f209c769f04407ee3090cbad759e553d
fffb8535fb263e6fa101127c1262ac9ca29b408231db4c95588fb7cbe3f02184
9573014e9a1b690b10c54e4d47711a67cdd0e2d68724ab35cb4003f5fd76ddcc
1c86425d8184bb2fb7abefc247a5281d0d39bff79f2b8619781a4b204dd1e8c9
cd4b49480e83afc1cfa169cbdf37a98882db7085dcbe83c9dcb1b1211a82843b
4bdc7573dbd033361fdf681799b129e05cefd0ef40706d70c2ff3270d3d22a6a
131d4f7fa669f49d6a4dd7ed6a3d5694ff6233e588a6979cabc02cd3ba224281
b698e3ae35278c393277c778b10d3d227b71eb821f4991afc0b0c3d0e15e2a58
20c179d011d9cde63a051430d829e87885e3543a0804d7e3ed476d18e17d2ac6
b210e9c2503a4c16ee2dcf533c6aa69ef258f5c01ef383684ed8ea379ce82c63
b2fddcb3b6fefda4c0353880ab5f14ec6997fa711c65fc83caf404e4ef42fc87
364234659bd0ee63a857df1c023af2bac7165f94cc8bd11498d41694f4a8b4f6
ec86050622bd9f67123598569f79a3f64a970c8d2635fbfb963c119819b296c1
36b2a519fda9826235a7f08e1d4424526638931f973a98aba86d88037e168fc3
fd4c29174d017598ad95603a2225ccd4c6a792b586feca81ad2e3b443f3bc4db
0ad5920c9ac7d387273fd445a9819b604431dbcacefc222e76ee1ec67c98801f
61be37877dc5717cc0299707dc1fcb59dcd000e92f099e890c5552918b594b86
17747f03062fe74a9d6c51eee35d23df15b989f1faa7c0a370c893e9651f8fe3
f6296b1adebf24cc5681d83afe52e45229a5ada571a47feef49e88ba42b424c1
6d96bb3680af9eb78c4ca5e850d8388d3bbd9810e1a8a09e6dde8d542397c44a
0eb88ea6dccdf6289b2545a32cb4e6db2ae370a7ecfedc96f366a9d91081f4fd
e59b3ce03ccce89d9338feb8355d08b2049a60f4902586a59627862356a4e6ef
d9cbfe21e9f4ac78a43acb715545d6ed14378b339b5ae86aab39b2b5695912fa
996580d75bc342e51c7d20d96f16e105c0203a08a5e0bd67cb4bffcd2f5e6c94
e1424cc8a0cf59260c70eff1679146c432d06d594c84a6f1f354afc8c67fcd33
6ba82f5ca9bc8736066ff505c35d8b297b9594eeda9c5f56ddf4b9ec5b6f17fa
6ba97ca81b26334a259f8afa530e9ead62294e0700fb6e7c071f9dd9bcdd622a
2a7c8899d03ce7189dc33c7573ab8f6dc846f359e5fbb5be24eb224ce4d5e084
1254d3f8746a6b62741cea675370106ec96db1b22b013f8eae3c56104086a16d
66e020f7e6f4852fef6d182ead17b878d41ac3fbfeeee341dd8a0ac8c944401c
c5e594d333b0e45a1873749f412201daa0120cd42337d3f39255d8d1321f8a6e
e92275a8392535b4c85d2e8c000569a832ad0710b81890ec8ffea04992bc93d8
f939b273737e8f11c156ab796bd096854c1ce8de60eac4586453a4d51f427508
77226173d8cd67a941d841c0e27b9e623eb91c1e47fda7cbaff5431e07e6d89f
21d11a832e5b32c32721916e3ed02907bf717d4c848fadb22b774b3c21882782
e54b45055eb8670a2407d6aa7146cf72ab221e8d37d5c04cd095d6ba5ef59dec
d3952dcc2f9c1590b9acb94eed85718d3553fcb27c4413a41935eedfd538d224
3ea4698b0f8a2775db60c6b6e475d809bb98326ed836a52d62d6e27ee9ba4daf
ba3cf715b7ccb80135a1a87cd6961ced692fa330022c28b891a951e80a071f33
607e3afc2192558005e935530277d163f98d801ff651fb42312e2849f92c2ef7
87392d3705e00a3c80c5f7f1502fe3e210897b54a00494418cf03aeaeb106e88
4cd40e0621386660db1ab6ed0e63433730b1bcfb32756a7f23d5ce45aa29c8e0
e908bddd7ca17e512773bd4ce2e427d5adc651c6cc52394bd708fc9c2a87ae46
b055a974157d90c1eb4b5a5ed0a95c80bc29bd97f47bec20b226f449e3c0c58d
f75dc711eb3f136072c68b3bcbd2519a73a9ee26fc6afb8bd0f8e9c7be2642a0
481ad4ea5a9e559ca2a5312e674d180f6000b083e774e30212ba146acca6beb2
82a60d81e3cce2a1884be48b94c22496c56a25976d2b50d222fffdb99d99309a
d7a3ee5af1a0d6118c7ee448c3318041040d41c8b2fd691b27fb4cc6b760ff77
6a6e6e6f67f3b2d7c6e93bf76a76699429567aaa7bbe2a0113d24778c4b64278
f5003846a2159174abae7428ca06400a01f1777662599e37abc3d18549e64983
25c4616f7186be0d3b279aa477f17058b1545b9080d9721f72de57e53d966ec8
bb3c67541c50faba13a8fd3eed6f329305a01109ab168a37b23a62852e00bf2d
6c10c5202da5770ee30031d960f46d42b2846ea8aab83ba69478f67641217c77
a62d795ef3258f270e8fb3a133bc9233e97170469f11a015697addb4a4665048
66b0a415e72023936893c9c1c566aa50bafb34a58582d77493194a582c217f3c
c94faabbba54da99dd55baef77034646ead0c18c06ecee7bf9b8314633341bd1
28d93bbcd37b6da1d7a919163bb4ed442ef1335984ac3d2f44daf03f7acee3fa
537a98d32007f2aaf5729a8264d0c9fd5c47747fc99f2f01879d48a676b1d107
5329d3ca47e6c2669e9ae7ec29fbd3a40996e14e694d04296d52c3069ebb57bd
e6e397a1e1dcef2444cb3e390d550bd57257017782538fe9fb928a8563b202f9
3a423e172cdbf5d1857dc1a5ff45d23493c287c7c7cb5e408f5c49158169eaec
48fa9ae7ff9107d116a5c12eaecd85ffd06075ba360eb798d06e079f058095ca
4d5187f0b2a7f965367f800cca26262fabf71e3c5b1d874dd407217996a8008d
a85e918299abb73a543ff38f269a30e9ece0de6299cad783a6a483d4efe57820
4f41b577da3ff59944b6166617edb75718372475da6542340f3bb07fb074245d
d9f63237d4eb6f2fb96111ffef1bd46edaa007c1a8d217b2843267bde127150d
3d645b7eadcd3cf4a1136a1cccc741429a2f53c066b7d2e60e11ce4aac683d09
b13bbbcc88a6ff98960416ce3286a40cd30ff695097cf5d1367c150189a07ac6
0d78861579067c82daf40779ff6d1f0c95af25c266f0cc2636330105392f0d59
459d51c70b6d242e7f649ccbad3fcd4aa3b9225ecf4dd69ba44f1cce49d0989b
f3df30ad0c17a536201e6665e8ef6667cca7226079acf5cc67c1f6c6e92767bf
d59bdbf877cef6b29c10dbfc02f180bbdb5c5678ec791589c9b21352f48c0977
fe66aef40cf368c7111f0888af32246277c6dc75dbb517882597ef360f46bbc2
448c23e8acf4f7b794442f5e9c137bd18e9c75fb4f528279f237c0944af0828a
7ad15a03669633cc237082c006b894bfb019c380724224261e25e1dc8a264ed1
87e122d2db7ff0f4c6ab90cc33ceafc07b4c0add3ce352191333c386cbaaba7c
1bee752c06dcd506515210f23d06093f97a4a5be416a0998cdf564e07bde9632
f04282e2a86a7bb9635ba6581fda8587a2d9bb7b9f08af384c8ef1462d5e8240
bea035b84e89b3746f494f51b5b17b1a287cd23b623b10805de97b8c815bdc8e
ba3ab72b7f89bb1f46f0bcb216c493366845fb8033a6fd0ab075b3d55c2a048f
38eca7dedce5242a85b6d81f7e79398282faebd041bae69b8e86eafb17783a90
4663d48787ef382bf342514a7d1ac28ec392e87d1199ac62c6998ade1ba9e306
67e0c417d1386b7def0277d2cb40a8e919e0e2846915dbd13088ae79428972e0
bebc655ad62de75d235c8077b09e51e3a3dc0fcdc8458dac11542922a7d06b5a
7eb452a984886a0d0378c44b2dd91298a40f97bad9f7a929fad2ca34850cee08
de12e260ebf89ceeb07d33b3fbb5e207136198b8794850fac6b858fcf61b78f0
9b131e9e60efb3bbcd411d00d5e2daa1bf1c3030c25c09ebf888a7c1f0a87cb3
edbb6e2e25b80b7b0f68467f94f96d1c2c287596ba348ef0739945ed817d2608
02a125d569924f3db62f2cfe3fac6e327d2c95aa9c6f9c39a164dbff63472fc5
cce638a8d222710864abce9aed188bd5fecd748fc5c1f0e8a4a3f4118d17dbdd
c712a1f80ac4239fa61c2ea96c22dbd6e71ffd634c422d9627164500b989e118
0299e42bf32c82607fc4532b126bd432b5859c83ea805ccc7a06ed19357968df
b9dd5c9c3fdf93c1d5c11f4c96ff0ea54ff8625c3dabc7f7281949a423c22ffc
e67a488d2df71e18ee8a26d1f1f8f292a9f2b88dc7f02a55c4e8ec91cb22896e
5f81d1aa36804c30157ab1ec1f9a4658c53012373f1456d1db2594594ddaa013
e5b7714b91be8ff126842b82bd9f0f23b3ce2e3c61ff377021c188f66a764bef
1a1390a72437c986e242b150b6cb67d1f51dc7d4490e8fe1d10ad5effc8e4d98
e9d9c834cf53f85513c40612941c1f4e45ba75c5f1f9732deb9bf4ddf7ec274c
0cd10b98a909a173cc95cd7b282600f9879c65582a027dc63830ba09d5fa17a9
41e38d59fcb7e6cfe39b9f22cb9536ea0380a40cd2ddf6709b582d368ea58478
4b2cf729362adad5e5c6bdc01ebf664e1356f69b064d3c1de7961f724abd40f7
7e1f033294fcc36f676969ef858a48d5fec4249aa565efc1b703407dfbe02b38
3d7cab21bad2bff835427a6e082c513a8c8533413fb1f3c564cc876140b97303
a60dab876f665d3246b3760bb25b405234b189060c019be08148b20b114d5f8c
7d540116940c847437dc53a91f875744b0e65689742cbc8eda6a102aacc015ac
057c9a45d635ea6b4e699c1b1d1419bb0d7f3704046088ceed2af8676ec7989c
48f8932df8477e7dade9ea05637469f53a4c6cd87ab3a2ec0a81a58062954fa9
9966a2f7dbf1699da119f268e6a56c221b3e71884e84cf4baca7c98d26c49379
5e2ecce496829d6162b924108dba8da1b9d5a545dc3f807178d8655077424883
4968527fd603338a30c3a20493eba2ef6f5b79986c23748f52e626ee6aa1b7d9
f5f17d59feee46df5be1ee73d93fdc6ddcc03418d467ebd55aad508b762960d1
a2a647376a285ccc83f7b181a2029fe434d99344fa9295f78fe7d7873ed305a5
5cdf6bbd7a8ecf11c3d2472bc88f4b7ae68ca9080c6cceaa432904f525cd5622
0e7fda15a73c3d800bd70d5208cdbb6e506d958077befdfebf2e1d28e3ef2454
78f05c5aae040385ac468737f55fc67428d8e3e77f236d21c4baaa8a7672278e
b20b8a259e5944032d72c53cfd35a92c41fddfada1b760a83d90745b129c1f3f
5ef5bf7f44780345f2eb76132b386df479173ec5cba585e0b4d2fd54a6349f65
a86dc9e959ec087953edbe3fc19f432db2ccf6f2208c607b5cf610d42833bdcc
91a139195216f96d3d682c66dceca177ca1ab1b141bbd8ecf4e0c2fa939ec48f
04c1ca56100b2324b345b4b2836690cde0ce2456b7b802c08b3aa90e76c922cf
aac168cd9847a973d5a399c8da3f3241bf2dd665e187ba094e7d5b6f601d3327
df5a607c305b81a02c9794db461cd860b5c9a9a679f0e6bb9280be1a4ff3395f
fe59474fbf0b022af75fe2215815c665a780c52545df2452f6df0903183484a4
3a39b14bf407c8847efc86f0f14e15d2366b9fa2442c1bc015563e362a390ecc
9f32efa9ec2b08cb06252776d2635d4c5686f17365c3eed91e78562a40cf198b
8f342c67eb052582e85525b49b4cd520e24d861bfdaf7257469f22503e72e3cf
0ceb7cc30a8fd0d23d1fe76cf0a5ccbf0c78a5270072429a7b090e3037e59003
463c762a14645499d52b34b810b775523e9f3b44d3de826fb8366ead15c3bd25
f397413d3673ac313c90825ead48d94411a6311d86c99b179a54817febde5b2e
f23a6cde6aa125d5e58bd6f1875dd64aeafdccc1f516622a88b7b6fe4c881c48
7d3e866fd3d6d91b474f7e8083a6f496663b15c0cb17bfb980862918a3b6fd94
6c92b773877729d21cff849242339a6c3d7d4b62efb0d5ffe4b9d05c3435cdc5
bd08024ddd08c732f474d744ce104846a62513061bf68dd6c2c6f2b1033a2fe2
087174e35155a19705f8dcc9adb01a8cee110d5c1b1b2fdf5c97e62527ee401a
33e670d0375df0455d1045dc2784cecace6c0a5d5406b3913b0d50f5c7991e75
18c0f50def63ec47f90987daf111f26c4327df1d60507c156ade78c42d248bce
2987c127dec2b0063bb26653c15fa602d4f4948dccce9b70f18d7e3d6ca9d067
ea762c049cee60f67d8a54c858184c041c84d117bfb4b04336e73aea0a935048
a8bbd0c4c48576cb8459df530fa639b3f60ce6ee397ee363e367b19f37ba1ca6
72e1dd1db778a466ecee12942ebe3b0500861cd8b17a0a2be93b113ae487962b
3b5827b4bc0edbbfbfad8d8280874ad1c933354f5157942c8ffd5eb4d818598e
90f8df5502d8e1a5cf30483367b18793efcf37d766ecbc9288e2cf563c1cdd0f
984a8a927ddcb009ab0bc21bb9fa77ac62b2891fd1fd71cb5152a14f3769ae72
5ceb210285f12227d74f33cdd99867e45262b112bb58f599175d83da92aa7c43
8e5d6c5c03867703a2c46d3bb4e2e5cd31bff3f1d02a75e0853fc89f0d9d77c0
c90e4d95dbc890bf1e2b134472d3c61d44e37a283940fa37a8e9783468129370
9b5139859bfb2c168c0e8415945ebe16523c7371b50f2891630ecd1004ef97a5
bb0f2f29468844bb7ff7a9a73e2379945e7d1621bdf6076ae0cef50a74f5ea15
40b80c7d0a1dc7326be64f7fdfa4b0708ec0dd1e37f2297be5d9adfb0b94fe4b
df8098908eba9a5382b9b6265b54aa07e05c6b50930071114c7aef6904066919
5e9cf5174a268c65e9e21c97d7d5de46767c4cbb72fa21de3a8710e4f618df7c
485eb608a3b6ab073ab09825e07acd63dc2f8f975db5ca1ab366107c3a5aac83
f78cef1e927e515384545fb234f71284ff225da967755fde2664facf861d771d
ece8a97063c13b90708b3ed0a91aa5d4b2866584c794171a616cd95e7d0c2fcb
00ceb2c763b151613e92d5b6fb718fe25eaed5ec8fe9f1bfe18fecc2cb52acd4
5f91c10742300a283c37e9c79a5ea8eabb0fabc1d11398069755db2ebece6eb5
98b5296163c28938075bd72174f69edd2f1f4406d13687757c0c313cf25a05a3
ce7d49d5d7ae0993ed7c2ac662583f5459abc9d4ce9380a06d8753dc435f28cb
c53daeb542fb1925f9bbca6b4bf2a542d539725ed5d7f90984a3ff1574044008
18d476a71b6998c170b47884d3d9d673732b9b36f541ff1704eba8919dd91b84
88adc959eea53fc02b9541b0cfcbf0ad636adfd5880e2a857eb5b22293d89cf3
7c955700595308ede51f7fde3af942e760945d13885dbba84b266e16a838d077
264aed388c934582fd1e5997d33d8fd1843c4f4c8f31fc7d2dff79a5a4d14cb5
8e8b465625796b7040ec310c045989a2416c402dec35c2f8dd228e161cf3602c
1a817a4ee449919f2ab0d69e467194c32339074469c4e9152b41196978c164ad
bf8b9b3be0344d0e08b298e676cdc76daba58f66604efe725c89a4c98825dec2
114d2051361bbc0859d540d629389654bee82c7196c1b035e5bd26d9a70ed4b7
ea6def21f68b60b5332aca3708b38f49b5bcf386a0ce77c3af89f27c34e5c120
bf6f8c7867d70ec25475170ef68ea2b8a4cc6bf7b569fcf889f7af4f5bddc038
b2220e0fb11f81a9ec440e02a7078c4df1968082bcd59f26d5541e9d6605f8d4
edb5512ff131c1385c0300f9b5cfa123660948b019db2600482f6693e7b88ed7
49caf24d846eb66e6961da3bd7c381e42b45c141a8c7672ec896c254737f5479
ad120958c1a9983da33a5f427f278939d105af43dbe19877e1104d28b41e5c79
43fd9a33e794def413d4039f1c321dea524b14f21c462aea04ce2778562812ae
b038581ef2c999ded70c63e528de8a7167ed7b31c889bad08935e8e2d179d8ef
545d7051a1e3a3b84327f621d14eae0bd9e71eb3473828444d701d8142f46620
4adb083fbcbfc87fb63ef26ea28fda9e23070576286b541924f0e6239f0819b2
4e7be392f0e8280c8e75f6ead72980f451fd9e7e07a33f972e5f24f12fc95f31
95301d7c15fd9a4cb7a798cb40609d87ba97732e3525e67c0c8fcf513b5232fb
93e868f1b22f59f88df57f8a2b72fedabfb8fdf769745e79920c279bc8a3a5a5
527d62fceace6e936631109c98d3053e1b0802858b8467d7010b119c09dfe7ac
05ad89b76c8ae0ee074fd6c1395b4a37d15958054d7add1f7466db7f7a87e51f
5f5c9dc892e751d5c274ddb58b7bd6d1995b0e6c62a877d20db0e6236626bdcc
832c1c1b73d55168554138eca7be93fcdbf7bb523c2eedc87ebb98c7350ea3f4
aa36de322009de51f601214a7c8fba8685c3c083a0c9307a9e20620d974564da
d575a2d4b6d26ba904be2436f33916a18b1135bade8083231e50c60cd8db519e
a359421350356db4d69df128b2c3ea886dcdcec94f50cf2466b429eb3d154016
bceab5c32b0fc3a0d40296fbd0025d7cffd7ca1772993611d9b01d317ed47d61
d1501a14b27b7dbb43a82fcc12911ac2df0faa9dd06c81f069e849364c861e3c
8233da0df958fc74d759ab5a84b1fa1387a719fd60f472bbf0e7353115d47fe0
ea3e8bd32086d2a3761159c525020c02283bf814d76a878f3258a23f35c1dbd6
f9b10f9ca3151dd2f784feae254b2d7fc32a0f9887cb882374ff8fdb2dccfa4e
e3b0c44298fc1c149afbf4c8996fb92427ae41e4649b934ca495991b7852b855
b7ec481063c9d98652fbfd44c024f599911fd01d5ec7df51b6c2cd215f2ba6ea
a958b75ac7340158a9d1f9b634f889bf7fcac6dec655c2df25231e42c1649632
4f07a3e9eb5cc29cf209b55b013b469fc10a29bf212a965f79f75827ed0d8e2f
bc0dc1459bf34cbfc3bf64a5fc4aafaa74b0c204f73d9c1327ecbc72ac5184a6
98c26275f16b57ba5f068268044fb40cf83549eb28675eca9585d2040394cb20
d2fd2cab997e86beb7ba1c9c5c3e3285b8c53cb32bc043a61faa84adeac59bfc
0c6c41a16d8d7e95a17f42a14ed26533cec5f1a995144945cd8d07e60ffc6e24
d540f8b30d834e2f04d2d95187006548e9d87ce21a8e781931f242400d44a917
d6e79efbcf2d0c327b8f9b85aae6409543e73e6808cd2b6b9995447d711fdc9c
c16b5a1f689c56a983a960c26cae761ea9928f2f8c5e3e52c4b8a6f84891c0f2
e09eceec8b90949ad5a9c34b3703b758ae3ca5833d61dcf6cafb85cb99b8af61
a2393e0598dffd4c2ca21e6ea4d6179dc805a84efff1be17ecd2dcb724951c3b
6784dabdb279c7aacc6ef19b0b140f4974d85a261e30fed94b5925f11ba6c0ab
73475e982861edd9f80c59ed174cc81b46594038a9fecdf62ccaa3f5412b735e
fad9b18768c6629bd21918de2cef1a76d2744449db92ff9e31436f97f507cd80
b78ddde1bc9020e88f6617fe24596a1a348c49525028871eebac6d42615b2cf7
232ada372e277d19cc5f12ffc8e20f9eab835ebdbc875e8436e1a5269cb0ba5d
8bb13c5fd637e32f10b52bf3ec1f29d4a46ea2c3766bed8965319dc9b03c98af
ebdeed78079389ca72f6a68e36e8c1495c81fe2414823c06c90c0e1a6b167ebb
054bcd0356149a840e24072eb0dadc6f2e9570662c8af4aaeb7d2abff4d71466
d9658fdea9b8faec6594e874907712d4abce95bd14940b9ae03d1bb0e2cb8f97
45878031bf3b6cb4f735f4987da53c329b72a7be51b827d43e8aaa96ebb82f34
a63f7bc5d5412d8dd51b57a4d02a82781a85ec26d46ab8be6b963e4ed6771c63
467c66a5f656bb8a2ae4d37c86388914b0a059ed79861e2c092e2125def0fca0
bd03ce4eab2825ea337bf687c296fdc1076685adb5cec4549f2b927bf69f2130
801e30dedb26ed90ab54e919f7d2d8686447774d0519d46dea7f2d7a016a4820
78f31a53731c4c337eabc45b363aa718e84bcb799cf8e7d507addd6353e1bc05
aea31a5c9ca1b6026604e2f6833514f02e425583dbbceeff2e7a5daf03ed5b44
7362493c70b05fb719b5741e2c681384fb032f57158ef5fc6bd317aae43b7827
f28b413a8b67a39c56bbfb61415584fee430a42762afb5737517c562f16a5e0b
29d82877ed65196a001f0fb61ca3b1260e53b5b50dd72a50f1e89659e0b37e28
1b7fa2049ed6403d1763af36979801aa7da9e046cf68ca93fb69124966015611
c9273d70f370822e154cbd7e4b9494bedf3408e7e4665373c3fd3163685c2980
b8162562e97d5ea1292fcf1a8ce94b6f025674e7f3ec4727e0382d05ff5b4c84
7cbfdb978b12fe1e318d5606cf9164bdb676f70d211a6c98ebd7df8b6c6f6d7b
c3c4480e89d4071ae7964ef4ff36f11e412c8a29b935dff66b29fb2e4e609b01
c7f5709aa0061c4a837c9da1388bd6fa7c05bd4ef7c2642aae1950050c3cb95b
5b229a673cf3388a37cd0d619c7d9c2288cb2eb56bdbb894ed11ca3c4877e18f
e213a189ba3cae014689e9723336d427a346d6789283a3e57fbe6812cd43ba38
c9972abd4948a5f62e00c2a8efd8d78e641677e9a2cb522001088a39b520723f
ef985a740d0fba754855df2f2a0c7b1c4845fd3540e09036732cb91d23e60264
d5c22ac49b2c040a93e9cec9dd6f2cc8f9210f5fc6a7d1b20ce3527d80dda7e7
5d8cad58d087708eb039db2f42da1eb447b47601a3abbd3f0cd7c99478da5609
f29e689770dfc0fc40c1d34c0c840c82046585d60b9256c143e53d96b039fedd
76f00423630bd1fa533e28470e771ea32742f2f14e4afc5e4e4fd84621e6cb73
2da812311f55c68ac3f4614fa3215d51bb5a76fb823bbb2c012935c4f232bcc4
7976a121f5e37f1f6d55d84b6d2cba6bc98ff3162616d8ed86fc4757edda32bd
87a3c57c724756b97de02728ea14765214d323c9306c672e2dde979b6b4edf10
a8454e11f52d52dc0e2588ff10ef5d0405303604fdb9eed59065fc99822d33df
f6fe4d4518bcc4bf3fe68f7e07112a06ae11fefa29c2566adb49cfe5edf23a43
01a5a4813dd2d014a96bda57f81893e858c7e90f7484e389c3b18876d6ff12fd
ba8d0b68c7db13f0ade1e9050752cfad7d991835d53556b18ab1ee9e4567c169
eab3c76d7f4ebbfb4fea17fdad5e4172ae581f97d71b670900d1531cddb61a13
ad0568620a7cb3d97abf2ad364edbf75d184b096ce7db725e7f68b388f7c6b08
83f5ddb4b191bc899982253bb1ab1a6cde35cf3219efa316b6590b9ba4cdb67c
15151057cd12549352eb95c116095e964909cb1eefa05b0cf599acfffd5c8e44
391fa22491a8b612cb08ce8ff307aecc84282f2e52de65008e791c664184f9c6
e7444b311c476cd5d9897012f7dbee556c651fa3e1f7129c8a24d871c4f8e0f6
6f52818a3a6f8536b25b099a0d4c153e2a884604e06109b89c82adb2ef7bd1bf
b46cfd5c7b0a3cb08da1f70e49f685dcd8373dfd14f6bd702a3bd33254707a68
0ca3932784dbdc5dc5ccadf8e82d60bda5d6eefde771c79df667509c523a6c97
7d2904026ce3acf979476a6561fdfa4307aee9f6c96942317883b1fe1bed1103
65d42e4df1fa9abfcb33811ae630c741340b500bf518089e10e6c6a67cb2f391
bfa3840e34126ae45572dbd3c993f8b40c3cea8b833817a919052b882ff4a3d8
482d0a9a5c09594c3aa348d12331bd07fc958b7bc06c7fc0ce29372454a5db21
93ae025d2f308bd851679cec74c5f7bcc982d9a265d514d6d87453bf2d81944c
abdd48ec632a64cc785b74072e508a1d6b42796ed93b767a100af4773b513733
c694d1d073e1c29ffe648a782cbe71f88d3852257cc00d4aa3fd9aecebaa968d
47804258384a4bea333a9ccabd9e0c1b1ccf4c89d91e02975d0bbaa0711999d6
ed9db53e521b0527a3bfb53dd6dfa551823c08d0fac6b3f9ede8ef686231372c
f73ab115a3c73104855f631d36660bb9d6da11014b395a5741667a40230ce27d
df325e14b6cf09e794d32bebec67c1c201a1695071bfb692b7274345b116b999
9cd6b69bbeab13e1e6e5af4188f495afbf6b3fbb45d8e4e03c4fd403a4ec69a3
b6922d055a6ead6c8c2afdcc58c0fa566ffede830dbb9ceaf4533b2e8b17e65c
7dcafdfc0826ba6977cc90f7959c611eaedb95a480f15aadf3c5b61795c7ad00
b4631a897cd43570d8bf16f3051de68ae2d32b3feaa765e7541ec8726f641a1b
febb32defb85dfafe4283816ef0b2cdabfa924ccf348efdc94f1413902b69390
31bd824857729e555e27277cb3c7ecaa68246601e243845b13c1a0eb060e01cd
a2a93fae8c3fc5d98630644ba32209b1d9ff9c0d978ccd5de52758a91803bc8f
8cf6b7277465fb3d6e22dc68c37d4525a3778a6a85677468be883e4eb4926472
9d9a0c410dbf2e080a124b52f78ef209b997580215f51717fa2d35867bd52be4
e5fad5d4545c81f5492ef7605048558d6d5f03e766f93589d12a9ac94a809fd5
4a1036aecfc935a33aaf1c036d3e3892e288d680bfc8a1c72a61d3361920ee87
a4e3db4ac17421cfdc51206abbb9661778054026aef1533c5f91a19979fde597
488d8d6efe193c6756fcf9b6eabc0a407f16f9fa22f9316fb0065f1e3485e001
ee8c860b4a743e89a7c34db274009681e38d262c7b519814dfc6ebac7edd33b0
1a55163d896d58d93cf70e646d6f6ee9ae1b2288fb8874447485b56b243bbb18
97f36633eeae0b612d7fced3c337d411c2def71fc93a18713fd90ff578705ff4
6bcbf87c9e8a39dd1e3671a30fd1819ae1a78c4a8d0f8c4cb7d9f85e92d10d58
7ef40ab569491718184ce3a51bfc9a79992c92b41491a698c9d05dcf414cde76
9a49f1d2d59d7c174cd789054541ea5342ff2737ad3d73dd2a31b92c5ed670f8
449cc743244cede7ab09b4c4b8560f099e6d362e90fb4a69aa59dd0cb142b435
f98451bb8380dd358349fa8f1bd2c75a863ed61d0949d4d7df8decd54db905da
8f88ecadd0505965edb7611174595b7d71197cf0871798edf6c1388815f812cb
dce65ff53be104dab71649927d811968bc3edf3e30958c54d4fcd87cb2052692
ea5d378ada305677377fdfe3fc9e5aa98e0d09e6fcdd3f1bab8b06dab2904f86
fcd3ba0bda77706fc6467e39b1a4f0cf39affc5fb2214eb0b8bf583c56705f48
473cb09639fb3070be1ccd8121b2d56c461e1d2ac3001d5ad398616a673996a7
66e0428ab6862b54e75b0cf0c0bfee1543ad04f3186d280062d41c7b597eb015
0b4788afbe6328709fef78c137f15facaf42dfd205d9073fee899c7b515f5775
9f8b0d9fe5711f0f4a55450acfadee1d019ad4810c4941debc6ee010b35450d6
5c1ef9683b2d302de008970d69447c5e23c145d7b187517d72d91f134b5a9b1a
b9f0c30950ae3620e9b4bf16c749034ab672722d76b6dd852316af874cd89dd2
ef1a8f1c786299f9626343b68849a0405b8a8c875ff6287f1c79bbeca9b15e2e
243b84f3e5738b89a8c698545e2adce614de8990b626308fcc55106e11638bfa
85f82f370485e0a092e614a698d30ff676abbf59063750937c9504140a9e2402
310dbe6aa63697c3c0ca463f18e0d9afe8f7b8062c4719465033708e7a6b0ed5
87c86f0ec6acb4c6d47d8428ca6cad067c12b547816051432b764fd4418c5740
da010f4d387e0e62347da4f46bae1fbeb34119e71d3d412bda689f05624806fd
df519f01643861c3b6365fa1c6d895bc45b6ca3635422ed86c73f4210f69016c
fa849ce2da2169742e4fdbf55cb4bed9f29a7c0179c1c125638b7d66ff1c079f
33c6ccf1341fe8391201fe1db8d878daf2dee8ce3fed0c88e4a4767005c8e986
52e246089a12818fb3abf67bc4efec75c0ebbebd6a261fbcee9885d908a821dc
a314a9c13e146ba9c84e20f160c25317d701470216dc5c3849bf6540be19b310
9d3743f5b310aa381fe96ca6af7e976929bb0c99707ac92c8ee5ea118d659474
754a3b03601735413956bca33e5b11851fd20cf97c6ee20a961be02993a46fb8
c010e990456bde2d95759e59c483b3cb36a367aa9f6c042a7b7ea7ef656b7c3c
ac1e60093114b49af1a8552a9ec8c7b606e6dda4d1e173572c027a26f49eff88
2741d3d01af63be98e5651202f154f6a20d9b6ee86b08ebb15ff585e7f5d1c5d
3d4fb44c24f71853be3a409102376ffc12fa894752db377eb7911b44ba4bd69e
efc875526999d3a0f4314574746758dca9905a3ed6aa3860c81d3d927af07fed
0cfdb0b4a3351a80618032e389fef76d7da18841c70f86d4533ef88dd4cc78cf
beb7c3888316ad84603327f7037331a6e815fe664a74e84af915810dc2c997a8
3cf6cb20084e19b66ff46b6849f6b86001f5a6a0f8202c63778a70f24dbe48b2
967f2be2f3603dcae1f61ce7a060671388310e093e62ba897b3023abd25898f8
1618d207d3e31868ae164fe408e079f8c0f2270dc838fdf8b22f42bd9adf4e5a
ad8a78e777d8ff548f91924fe9912e84b027c58054d1c163416818c69e888572
ae62ec612ff606fdacacf774ec21e7cf79c2ae2b6d803ae69cf46cef8d072c74
1aff85fe8c022d3c72fa348da7364fa7801886ad80e97b47a2fc587b620aafa8
a03fa39cc1a55292daa972fac28c74ced59eae5b2218686248def0f21e5e0a9a
6281b8a87cf8c95a1fee366a1afd1645abd2a739846b156eb7383f1773af845a
e3974de810fd970af3558217f8ddd63b38f66a723d8d09d5e3aa748f91466961
30d116459d67f2cc1a47908f0aae8b2274c95cc0579cde4b29605baf1ab33929
5cd4cdf103dc18cd0210c4e60e6785ef19061958003b997d8b3cf49a01b04ea2
329a3f8d2cf523c510734081def386fec0d34fb44831c1815917619de662c3d4
db52d6ed430568cd17cd2993723bba2bdadcd54eaa6e9cfd28600d9e26046f84
819d47738ed57ae825c316cc61b6a3ddd36c35157a5e1a1c519796a53a713410
b468bca55c4690ff4bee7c2a3c0540fde7c18cd5abcf665884a9c756c95c573c
0b2d5da055984548444b77f9d408679e030b105065b099d3a805dbd70a261391
47c8723797359206ea385a6ea051f32c5b040dd887d409ad8c4d6945133453dd
9957d25a51f88e37fac889fc8923797f2452f98011084806dc6ed3e42d436f81
f70b0a890e3ba1fc8b6a55043a7979e3ddb2cef366eae1a6d61c3f1306151955
c66eae53ab931542832f97d1ee07f81b1ca1c1bc272f7b5d5f2d8ab145cff1c5
aeece8c5514739f4ea5cdf3c5cc80acec1927e54bd6ab6c9d75a980e60b2fbdc
301965c428bc12b4feed8e2cd56e1d193783f2f15619bd47d31c8f67d5226612
0e43b3388a7d291201488e266679bb2fa33d5380612a92dd17b1558e6ac5e416
85df5b4a51d1c32571bfd4dde9c9aa0f450a154739e5d761d3c3df3e71240adf
7481d78d1cea4c4a7f36cc6a2abb2ea24c47d8bdf32332cc88710966c1b622a4
88dfffc6a0572e92fd5eac77aa8cc6f8a96a75e367787dff0a0647b7906d31ef
27928f15034975765dd6d844ec795aea6eed565e3bbc3cd2b4a3bdbe8b1d3b6b
242dc76b8d37178a1ba492665441afcef0baa565f3935bb891323c7cfb37a3ca
4c97f8a9350ab78076d426240bf792b894b330fdaa5319c2d9fd3b2e0e1d1102
d2b71426acb582bb6d924f1277241637da4f4aebab036a86003cf8de67488256
6d8b12392a03e9361230f50bd9ab324dc9bd8dfc19f208d3ad990a07b10e4773
a16cbceed6190c7ef37c67396fbd5d4ab36593518f23dce492575c639c7b2ad4
7fb6eca18ab16c96f67f6458f8f8bf9223a19ecd5abe8fb7f122b36c51cf6a90
27aa4c1cfd0a244d60b82d012557a1f61ef103dc9603f891c15dd44937f2c897
3d6c00838f61796b150fba826ad1893a5f1a8ee7ef3bc9a2c6adbded350261bf
edcbe977d46f47df7ae391013abe26a8d42753b37883797598d6d90654d52f5e
35f9c0a7e696b2c8f2c00fbf010d0de72bed61c54397a7eea7859672bf8fbc1e
deaf8b8d6e59a3c6164ae3df18c4015f3a01dd6a2daf4487b2d21d715e72fcf6
01c191b05206b6b6c925fb424a27bd71727aae7a5014343c80472ad6c2a0f441
4e1716f5cf546cc3ad04f83c2532b69b64c995322deb21dd8d5b240756b5a55d
a280bfab5e79b25075b234426784254d947ab4fbe0d8e2846c36c8feed3f0f7d
a7ecfe0b27097f6ccc4284128d0984100f4f62b8a501f999e83daa1d4cd74297
751dd97129448ef747a0ea283aaef7e876e31d9c4d46d45905b5f8d6ad5bc06f
2a3de1274b20c54f50eddc87643a0798f11984a2fe06701ea471324cea854814
a2a561767b7d40d08209f06121e70811cb270e36aff5e32337a7af8f08df4acc
f433139bb71954b10a5f12f85176f5fee91170697de6c3160f90c6a73388c9df
f3ff190fb7819b0ce62f66b4fe94acd0b09024da38af784561578174c458bfcb
48005f1f7c3048c514d062af85bce3812da18b18cf1c8f93a2f047efb6e60459
1ef9a230dfd0c1a4bbf2e61cfce168e6ad51d86cca4037acba206c9d45fee029
6417f308a5e4e24a697d3deae5d84b44d13606c10821dcc3910a1d7e745bd591
5919711ec7debd805764a83aa27a954c948a7f2153d108c95cfa8b581b915e2c
1941853fc288eb1d3f337243f6949295b8921db777ea6d8d1bb46f3409348046
d320a1f05717c833793b0f932c8665587a6f0bdac2f7b2289ad682e573eca047
bc47db91df57c83127225cfcc24d1bd1e61d817d47f84606ecf0436d78238f0d
49371013809a3eefeab4d8db4aa0f8f15995799f80ca7eb43a27ce91ef0b91f4
6ddec909aa7ab1b325a95215087c5a82c0c111fa2b0872e035937e4d4585a931
756ce38c651c1c987a8186c15aa620ced578107aceec7e44ada949ff95c8293d
36daf10cb0767ccb3f36d8125fa14f790d5e4c4c4b082481d2c7775f47d51284
1c3eb002f18c0149f98003daeb3ebb3e6c8b6ea60413cc7bb806133f8b39c389
afd5d36e46a35a1ff394b4cfbc26109a381533273c107a82b9a358de1d14b35f
06df2b989134db8bb412a92b6a2a38836885ca2018009619157e24dc5b6df854
93507457943fb29f2a17db3234c164c34336d94da31908f0ebe6d341bf2af34d
42c26a7e13419b1661ee4b956349c5f83be558410d479e0057faa0a92c773912
fcd5e3d07f277f5183c4726efac106f10f86dce31af3ea252ca0702dacf0493e
4132c1cc84334980d40bcd2c80f6ba2bbe06c1122eeff8e9fd1de1c370e25a32
8ee241d53e36c1219a4a760fa93de55f56d153ae2c28ee06a76056512153f58d
5fa5ef3c41a54e48f89e17602de5a7cd79c4eb0c92c58da763777f736a302441
b5674b1bc3c2312e0c8c4b684beb716c97586dd5e16f11734a99e4553afc3676
46878a3f15966c8338c034a7bb19c1981005ebc4386a9aa35f7e7fba58374692
1dfa5ea7d1ea56f1fb40c60594664bf9cd696139517eef8a9c1922d22c6b9343
393fb05ce34c4e4e3f2f692ccb6a4d86ce7a805383b01e0991526322d60b15bf
2b975896a5b684efb4d2d803b5cdaa913c79395da4b30b65e3db8a0839b7350c
b57ca347a2331675d37b3fb93566465d9101de211d60986357453ba16d63d3b8
af61a82754c37a10ef42c811af0b72410c849bc25661e5e3b183364182e3eae4
f0d4e853dcfe2df1e33b5d5bf0f58f1ca4cc67acf1d10b79ef675693c138da7b
792dc5e794ed7a44021a59e2733a0a6ffc66aec8aa3023b39f35e47995d233e2
63b9b1dbb8b4d780520a7b369126e8870b02064b0baa3e1a455f82764f664975
9e89e80103b32a4d2408be9bf94368cc1f4b25ccc2aea04d9a818fae180a8cb3
a3d39304e825a7cc2406de82d83c4290c967670a2db95a93966fa78984af33a4
bc1acaeffed3965dbe1cddfac3dced938e66df937c9ef8941248a51e7c2885b2
1de5e3110bfc574603f3ebfb7648d3b2a22f44cc314014f4dfe2b8050cfcb70f
7c76586c7df0500cdababa26e2959dab1cc397361f7f0b4bac98bb11a680718a
f8c504ddb78483186138de9841fbb0c92fdb5cf4b9da0053348c734b0d284513
896e378defbc1fe8cfef953e2696dd889e5216ad6b0c5add528ed8963bdbfeba
3f300c1ef98b8207604591b936610e612e750e3a3a0f2ff3e092f741db71be39
be85699fecfc5f9a0cb1a535a19e9f9510045f03ae40114ee7f06de8c5735cae
b250f926c31c749994a86d22a290d61060d7adcbddb98c427227cfe2a1d9264d
3cec32b1be96724d193bd6911f7481c79fd7cf232618fcbd7fd9b77436d492a4
0775c365d4c4d4a41ab06a0dcecd57f644bc85e2147801c7e9d2afd47dd07979
61788e9da2cb2db080343c64132ecc5b9fb2970a032ea1a2afad4c0fa6b0127c
0caecf794a9597c4c3e245cef8aa359a9e53be5acf9abf1c60e4472a2e6ce907
a35b3f973a89922c79c6010ac4d7951a56671e911c602c62eb35670fcbb2722f
2802e224fe2ee00ac112b0688818b35458a54d61b14378fe53a70776e866d105
2e453cc3a914fd6c4d5bcd268e11f571b44e54c0eb36fa9a1d3a9e03becabd4f
3a9e1a4cbf20d3282d0aef4e69fe38b2bfba28a0a71a30c6a0c02e5fb3d26faa
f49908fc7b8efe486ff0af74d2681736ece7012f9db2698693b7a1ded8ec5eb9
f3fe4cf7d999470b66da5edd3904dd223c416fe2aeb34b4b0c602f90a6d597ff
81d798512f81104a3d973ad2da3c2196a1cac8eb6b3300ef6d4a0881ed60af9d
b68a05b6ee8da2255e8f70a302fd40ec194696eb721bdbc5841a710d06658981
4ce94a599a97b8979097c68afb71ed92353d7d99ceb4b6fab72d686958e43118
61f4ff1a3719fab1a13b2b39b4bbf16fc067e78cd9b0aaa1b838dd8c5514c734
5e4defd3fb3948f9b956e71b02b8bc9ff5f9a59b33aedb5b45b7292aa59aa148
e22a170206156a1ba042d8535cb1cef89b7e4407f0e69b8e5a117d81ac292cf9
3bdc9ac8e0a2b3a3a31851bf51b8f550149c9b241f8689fbd1f71f5fdb7cb084
a2f477e84f74887b6fba6eb285a1cdb56b9079e6dc2a3058bb001f26de679d7b
1d8ad913e52473642122c9c034d4f9345409210711620a24f72bd68f05605133
a452e81ea1c935a53e590ac72d041938a51b28eb00108464704c077fba27f8de
a9d78051d476a68b3f5db4f7eab8b6666e7023419a32142697a8d3ceb39ba646
815e74d1208a2c15eb7c1b117983466e5684d937f2af626d3851c3630478b9ad
af6ccef741de96e6fa02601cb1704c5513fabcfca8245c6fb2576f606b09f176
4abc48485f692c5bff2c3fe9f53eb627ce690bb8aaf82bbffa32ceb971b12b96
ad9d8dff8af82ef27b312f8efc7ab95b86903830ef6e1ecebc404c148b60764c
4020d18dde282b40ca8ae121dc04bca24da457e11b8cde557e569a70c3dc0bb9
177e22040ddefdf05497abd79fa46201c9bdd7a50f98fe53cef247d1390a925b
71e58a059a1ca2b2acb9e76364574fefe8d01c10a01e9c604dc1cf9d8fdc4776
8710ae193504837f688236159a1e11fea4da6d908914812c887dc04b78a09b76
eab25b9a83cbd838bed614679ce046d18294cedf336ddea37c3a719cc909ce85
a472c24dde1c1eaa3787ad6b7abe8a1fe23b78902d19d1292acc172f74064e13
75715c6d76503fe800cdfe84c71618a4b54c4b8af01a29d9474417ca2e0ebcba
4cd38929ef1dec0cd1a1c27d8b33b986362117a9db0590cebe8f7d3b6aa44d61
6088235019acf3b481201264bd31aca879ab306b373e6bea87bd70bf3d98f326
83e8762a7f070ea8b6b07cc7044593c3548f7fdfe898b614e2201f56f28360d2
e61797492f0ed5449ee5746709b4be3f33241f0a0d16f7909675a0d77672f629
c88a005e9c103c7f9793ea51cfa5092c6c013ce75ac4da91dd1be630d0fa8c1d
bc581d269644ca32787196e5c1549d09e288886684686c9e0fa71f3d322c61bd
8bbe187c0582a816513bc096ed4ac4fb43f782f8191558c176c99ca9138d78e2
b5e6199a049adb3b71d8fe42572c846b449537e49b33fdc8937f56ffadfe3f74
0e3d36259a08a5b7e7188df1bb1127d0fb520a7a100d2fd304699e70d3802198
a282dd6b9cbc80de724118d8dbd4021e926b5ca82fcbb7432e335d1bdf0fa511
517f54573e0c68e24018d622f74bdaf1eb8be7da97bfb3562d2c4ee0bc54534a
087727b7d0f762aaffd2b4235162e9de4cbde19f65a9d29f1a890dcfc0146c03
446fdd29987c27be5a6a91afed76283f931e2610856b6b1b6a996ed20f964c8b
f47f2d804657069545b6a9fac5a26e7c9ea5ff8bda912ff8a1ffa4f7bdfa5caa
1c457ddb53a56634bdd0fa8b3f8abc6d603d56ec867fb86f7e6473064e2c6998
f565ad20367c74a5847735bf0a37cf89b45f9d28195c2ce2068b1a65ae2b2a25
5e0a0ba0c6ccfb3630d3e40e9008896a4504e47e4c5aab988113209914904add
d1b7ce50085b3298020b84ccacd179257654b9acb947f3f5fbc8b47b0555e2d6
a2e753d7eb61267a9298c5355ffef02331270129bcfc582446397b98a6ce7a29
d5497ce9ff801a907fa0376afbabf4fb77a89657f09bacb4c246ff8024a14434
c04270c6eabd46cb398c49b5610ba5d2caf05223fc7e4a2d096d8736f52bdb7f
b33df2469c0605b812f39a9c69d55b49a2dc48cd503a24afa5ce0df554c2e778
648842cd29038f93e1aa737b3a56ddf6bc71f2a07117965ff7c91176725ec0d4
60edf45a21088196c7e020e8b2ba8ed9a40a743225e8a6348e8a3df5faffb620
62f3aaa2f1af2ac81f7349f9b51cb7dc562466ac94ac79805e1038d551ce0a9d
a477dfbf0ecef7d89ce179c5daf58bfdf194e11929de59781cf7ce32e246da90
3219013f397991bfbf3d8b4e92acee173426c8c9c40cd9c685a19d1a080ec861
a0da469abfe52513414554ca22d4c35bc59d014e725831db3305a77adb69fe97
16769a40f3f9037e9a661c37ce849136f16282c3456f8696ab30ea7feb3e2db0
0f25603efdf6b89cc5c346e5ef7463cc1333db2e3e6614860e0814d8cf0af193
67c8539f452c867df4579f0b2943b5a41a4df219d5fbf35a1822361f804ec1a6
3718f1ece31c9b120ba4c61777350c601d0fec5dd74146693c7bdbd5c79a1138
301eaac69147f3822435c9aefbf51eba6ddcbe4deaa90f236f33f38ece471501
93f9fa8a182be8c21c2f83e328281a65164da1c221c4384788c8ba46c7109bcf
5ef64c975eb99bfbf66b95b39f53ce799af2345d151cfe2dc3b595931239d0b4
b1162fdd3b43d4d7850d2f4353aa8979d5a0ca4c4c2202faa0a435f374ecafee
659de5a9f921c0c846bbaad8912084997c97a9f3b7961d261ce0a012032b2ca6
99c639066d7be8ac8b663065619ca93842a25293a54d612ef29d32afcc32e93b
67b62ee412ff15910f3a7ac3b14f7a2df95161486ff09a1852ff1da4ca5fd3ba
13d4920040e90a458d1ee4372ec08fe8c5e1227e51e8790ab6a519dddfd9fb18
ee8dd0f7489288d8bb43ee9e51a0e6a4e7efbf369d715af5966737e801fbae81
55ca71904dd8268a6f10c9fc346cc0fc07d4893481fa214e467fcc86e98013b9
ab3ae24d625f29ad82d4a788c323093fbea9274a162e81427b74f794175b236e
91c47d83a044f6603a17e27770783b1362c20cc63514bac22221cedb66cf4a0c
1424fc1b084ba508ec113c1a7226603c263d4dd285d8afdf33915b23a584bd29
f22705cfb134daf756213ce95e0570152adce0878ae42bb953c3ec3c8a9f66d3
f6e2e998546371e1e892bf87264626463f11ce108e0cd19cf111864fdb463493
3c5f0f79349fa8224816277995a75fe3abbe7de98d749db44a8adfe5f1fde82a
63efbd45305d9280ab2e4e406fda3834d1f3315e3cdef3a525522d9eb9588418
bb50ce4ce54dc4b20032d90781feda839d695b524eaca00d03f405473e91ecad
9834b33fa7bf10342ad1dcbb223034998b8e571b2435deb8d188d31c8257642e
a00affbd099670b3d04d9bc5909f9a73fe6ebb54641fe0a4ec00fbb1f70b1cfd
6b3a3fcda4067e0e22eb0bdb778e02a00cec3962826f1a5141f1f72a603c7182
558335049ef5f77f4f16f05193daf460b19dd15a269caf16c5ea9ca4b309d069
e595d8ef456f02d946c2165fb415b9570deb91c6723afaa63dd36f6572d5b545
db0b13e835d47c4215403a158da7affc735e0426926170ff3cbb4af79eea60cf
dfb94b09feb254f0a975f1bea4cbc6bb58a41da70c58e742beb0bad083e4c858
074304c4e91194df0d113a67eeaee5a72bd39e6355da6217e776b880f015b1d1
7928bb37393a3f32236f7b66e121e36eea2e0256d593b892955ff70e1f953252
005bec32b32b9ad758debc812f29cb6faebe8b471f6bb7e0329b513541a3b19b
30bd6b200e503c37bb3e80d8c0f85cc67e78208ace19d5ed1131b80908e5d03f
98cf3b7b769ec88b64dab31231d840f0239178cbce6ca217cae3f1dd2194c8f2
70187a7a76f35094c181e93a5058fd7c30beb111c9fb5be508319035d879e4ed
40420a2c3b5d78ec607bec4914ebe27328f7f3967b478e149f55ab9504644110
8433bcf5fc35e3889edfc67de6943be87b40c22d931c6a28279f60b2e46fb51a
284bd398048c1c99965dac32fe75857e333810204461a81ccbced58886c82212
8ec0d3a68a63eeea5928c4aef722b3322a07e07c713c119a6a933403c6f82ca7
ff7c0638b02e48d6150bcd95c3483f8cc9a3a21a1b13fa68d520087297d4fe3f
736d3e88865bd45ce1fa3d88376531551a0c15dee124b99ef7e05d067988b900
806835dcf1461b370c91bf7907e5f609fecc89c6481dde4196afe6b3e999b32a
80e338641da4bc23e88be507638dfdd9e1872dd681c43f52e2320530db830cb6
70dea96607bbfd2c801157f88998421f09e060f7873b152ec550c66693953521
aa2317bbe1deb2b4316fbabcc366c3225c8ff8a6b7d2b267cea17534c2b5cab1
32b05ff51cac181712cc373c689d0be5089747b34f2639c7f41172b48e27f1a6
19014f8179270e51816da41d05b2da3eff1e6e65946df9b41b2b3d9d8ca62668
dc187999bb8746721eadad7e8cd744be261544aab3ead1aaf6f89d0cbc6490e2
4ef57be29e442fd14925d7bae0a83f8ca422332e99aab666cdb835d83a21eb41
e21d3e07f58d603bb30993fd3d258738b9ce033f7d6f0fc8baed6613097262ab
88dee5724039b8471f13e6fb4789b8664526c220e868921df3a2367c41461222
f05b7bd67f1cdd6776f7080c1bc9908847f6f9582222df73e3308a817b37d8aa
683b850f1564a73887ad9678ab14299bd661ed6d9b16ec3d48494be64c790d12
57130aa362c890fbecf632d596ed9a75313ecd9ca72176b5e39a0c725e65c468
e376a19f51b8ae2dc8e60fbf80ba864e3f70e6a13d06124d861bc912817f967e
85bc7ebd4580a5d48d1f4b23226fc32bf08593348cb2cd8f66a61a327298aee2
b5fe5bb86b8ee10de900ce221d2b009c024b9264de350e13ae7ec1a9a8b10e9c
0ee99dc47c6dd07274317893d3852f93abdac2f3c1d767c31390388cf0f78ee8
673f6358ae239aaa57e5d91546cde73b76c65201ba6adc6fb58a4224d5fd51b0
c42818e883c072d9167a66422b80254b4363f5039f8182a1dcbf2166450ee110
cdcc542cf172e4aeb73500d9a57afa622d80ea44ad7e0a70b50ba570b7c92f3a
b287c72d85e673b81cb5372d66f60f6047052284c6d0f39bb3c6e60d244a7ac8
23b186e8b4e3c6093273b66d90e62c1ab1c50b00bf558bd4a88e08736bcdc3be
8c143ac775ad68f24ee73d12ae28f95dfc7c1e62a8fffc7748fe265dc2780591
e2151f52c5c3cfef4e0c2c98c64babcc0c06f8f1bcd9dca65ada1b63b4a365e0
d25420fdbf314711b656af74f509444d98ea441ea8025199637d076cbe389363
4f49132352639508d63f5934e6860bababd46be1049d3814ee25457f2c871daa
f66be0baac5fa3d37ddab155f0dda53e6ee888944fb72ff43d5c0ae8b834b113
b5dd403c8366a755e93189299611d798cbb5562a9c899cafaf08cc5759f3b243
b0a94b088d3bd23f34a00e7e78098e0746d99e70482c755cf989ddf3ed5afb53
236f9b1c1fcf268349c27b4e235f94d533597dd02f5afa45e8296a160354a542
a08af5bef5e9baf0fe8d58a56ae755fb2f411dd9b994bbb46002e3a5159899b3
f9404937b76d9d75bef80a4cdad2da75c22ebc1e53ba9c64ad8838a3c91a002c
0068bfad58a327b1051f42a1b5d1776717dcdae4c1ab24909b9c9238b457ca16
8b71496ef9d85ff164b67582dd4d52e592529d99affe992cbda66cb450f59f2b
3f7623f2e71399583b064e5a0db7e4cc218f5e9d7268e75fcfb9107043eb15bd
c7b532c1c1dd77e91c9df9ea16f354cc288e57117153cefc895bd0e5638b65a3
5a5f76fe940db016b8498c3101049e3df2db113292b80c02932f1343155da99b
3b977e54a1af61bcec817fe9a3313e7a28d27383ca09713de986446c95d9949c
5b502bbb77d060698b97504b4223ab8960c54184dc5f8d02813ffa834e44c6f3
604b98f337ee55a0c1ddc1aa4600ac9dbe0f5288afaeb0fdf4cb02d8ef963309
a0cf306b1816c5e128735203b7f9d1715d2cd1a18480958a446fa1a6b24f9dd2
a348e9c21b51ab179f96eb5945183c2e5e427ad90ce9b19a706567dd89804970
fe09399915ce93f610f62ed2adff95a59b8893a043643bfa22a9a26ec754b384
1320d14045bbc82764f9946df2fb8e8139365344bf40848419ba76cb5aa68ab7
22b912ad18340ec0c5eedd5b8ec69de6163bfdcbca0d6424ad9b5371f98f4f7e
bb15cae8507d3c7960915ee5a20886cc16500bde5c85e01b1699b09c42720a2d
e626a720bb75733dbef680bfef1bf518942dfc630f3d7c37a1a3aea03c3ae40b
c659863d63428ace6fc97b9c16c78d0a608ac8f5421a630ca2212fe4f94dc971
4189253312b98ab1a19b0184c7a56d8bf858b65f591296712c7018ffe8613514
f18f3a3d669437b64ffa047a0f392010fdf101e0e63ae398d652e6adba8eebe2
f4daa7809d50f698841035faf7d4a1246c2a7a5329395d593857b82232aacdb6
735ea31e2ddc3610c63f004f31f3438ede64e59790804782a7a6152cd2e99246
8a449dbd822623dc3e8327bed6ab8c72133c69a69179e07bc3289dacb12846b9
f49eecd62dbd60164ef2d87c443497d56746b6d3c6e716cd3e3abbf3714f7a88
8c7b1a87ee46c48a22a33a280b8e16a1af02dde23348fe5ba3ab1de69817fd97
d82efe66012b7c6bf0613d42ea69b2a2322b11f8cdb3601cb68d7e5be338c669
56fb67bdff833a412f5a677ab7916bad524206d4b4ad22c1302bfe45dec77dbc
59ec4f8f6c2669d89b8fcd92296d5848f64da5c01cb6bac809d793aa955b4baf
983de687f3f9bb3a06e1f031be75e8da68449f3864d52fd6b4702748d01df813
52bba4abc759e80fae7b09865682bada56f9275cf54371a194a7e3c89bb312ba
ffa520bccc27a59a418fa8095cdd85e643b033df6b19e1d327b7c15ffc843d00
d5c4d2abf8f863ec3505fcb917e43cd2f7c47a05711e747b155cd193864b5e47
7cf0f55d17c24326da5f5ebbb9d749d891b87131714636bcc55f9ff667c4e844
53da4b6f26a88cf2ebfe857e751399f5f3fd4a67b0508843537e734ff6d2776e
ebd92d29754fd7a8a1cd6d14a02d2094a96c11d460e6f411d7d9b0bff57634d0
7f00d242c85db1c045dd2c0dda1a95ab5008a06bef5764dbe2bc46d0f8a553be
b27d80362df3d111e88a29c0d6b4448b90789fab508e860eec19b653d6ae3240
00abbffb88e7b14f047ef7fd209a5db8c5a865e15f40abc6ed41bc2ba0e513ba
9c1489301a5b2f5f375004021d712f17ddab4c97027a2d2623388db5eb743170
4f4574f1e3f86e645523211d95ecad3e74d2baa4d08f5d2d4456eee29271bbf3
863fd368b4534895797bd83d6262303391340781010938c219b7963850b40201
eab5166c8a1212a2add8c9fd25547b043ad6e16293a359c7138c09f7df53ee8a
975c5cb648a83a31539b3cdfdb32a36b65120315ead4aefede270438e4e2e438
f88e510309633e2f73115625c1d6eb5f4d217cca1bb56ece9b389f6172b25c2c
ddc66235b11ecc6350daaa35f1a71832d878e615bb09ba62eefc4fcb5f90a517
8622c22cc2b750ded0dda25e5d2f8abc3a61bc8a409143c8dc6e7c7d75d692bd
74586f85ddc5515a9b765b9b529329e3891ca6d45dd6a373c9bad307518ed577
9c706765c0ff85e414a0d0f22e53786216751e7e0c63db783b3634894428906d
895c4de084934e14bd51797a1c223f37ae6de082c1aab74c3edbb787ae149f73
3c1a26d88f55faad1d44f6e59b34f8d321f16ceb5a761f9809669a1c92d46d8b
4c9f7ff7e665c6b911b707dbc3190d2ce184e9a6d21509a661d0a83b5b222721
8d77019318477e8ad5be75ae31e34f3ee08de69d56bbd6ed010fa62280763dac
6f9420d5606f0e42a7a90a68b5f2dbe950dec1627f3573110aa749640ea01ff8
75a705c0721ccbc4c7e05392c012b19a9855efaf40a227c7ed84e2bb1fbec3b5
71bd1d1f782d7ddc0570d0981da941684df33e625311daf15665edb1d6724d10
26da449377867dc484fdf5d24bc3189d8dd2eb629ef4d9d55393c62c08e5cca6
7bd46da183321d37ea22b256be52c12089f5381b2141bbdefb85eedf6985d107
d51454286c6a96e62fd73f18e3a6743f0b840169fa77d350924f483127a173c1
149632efea2d07aed82097490775806d87dd871efa2718ac577333bef9fbc21c
4328bc107a6b2a449de79640c729770605106a72122e8b82cf5a224996ec030b
463a17b51b1acdd1157fcadc9b0973b826b01d070ce29350db8444d7d348e8c5
a9f0d21e21048fcc692c209bfe652000a7a0ecbb4fdc22c6fc1e622906c35a85
768de36e127dceef39b8f59e5bd3df313a1d175713f110d7bc81cdebf8d8b2c5
5532ce7a2859af1c7b348f0c246bc6e1e8c54c4fa9df694a76f1df408b0f72c3
f65edb157c6b89015345619c6d893fe4469e3f3e193d584a233ab63b8da892a9
9bc6183f9cdc82ebf27bcc551c7954b8f22ef4f30f9bf100296c63050ca96189
b64f911b8f327116f9380d07ccb95ef0ed69c416b927f5f7a1db4ef8287eb561
d2c4b89a9f4f79863db355f0f8c19d30ab9882e195df5505fdcbb632a26c7bea
a99f8e9519ead049d0027b39d0083daa9450139d234ed31c471e206293f0f623
825f478f299c70a632aca72b5bd6a6989f7a9be24ea728b2933304a35aadd03e
2baf0ade1bd2222b3924cbd775ef1f4d3ebaf3d05cc50a09d1057eb1dc477f33
696e99d9598a016c36ef2012dd7fde71488c75cd7cf933b22d89293f412582e8
4c77f613f86ccf5ddc194d900f7f8f1e55ceb3e86aaac9af780eef1c3a317206
98515ada35766a4a8ef3fd4b7f652ec49495578affd27cc2717fcc92f966bfbd
996b7686b7043ca44796ed7b86d921eee690938ed36da2d4670dffd1817d881e
cfce7a63ab7833852ac1b4837f520f30284faf421310bd6cd3ef8db5c26cc0ca
baa5195e0c17be55cc5f05efc91579afca1c469b3464ecb32252c26219417731
fa0fb306d44ddb83e117ce613d828fdd148eb71b72faa9ff0d0f45679f3001d9
c869cbf61bd68aa1acb153966b9ab8c1b9c87d8dedae03b90194edc6cea77c4c
b4f8b39bcec09d91388c68bfd67fc443afcd34298b9ebc55608fe5ecf6d74e27
3fe83cf7feeaa75718e72bd38963e4643b7659eb32d6488cd8648b4ebe6c4593
f733f1d38c87433610f0e6c9426b494742c6a322f05c8bd8939fd8208745efa1
88d3c796340faa9efc12409f0e2d756f9de68af00a85da520b8f99794c972b34
fa4548e4f7915cb3c51a8878731ef9b0d8202bf042dccdaa59dbf217021f9418
71052310a92ef721c45232af4f424a1dd6695926435944be72f92e513056fb50
a280079f5a51d027208e32d4dce871687f98ac012e0a21beed9a4dfb224dab09
5f82c2001183a4c78658ceafca10775582446d6ac4b231ba9b7d168736402a71
4579c1c2c4f715481e5b3897a553be3b5722dd644e78675ab4c7c81d084af453
ac8ea44641e9902cabdb51470c170f7d9e92aef097f05ac3892c6b99ccd6dba6
febdafbdcf32060054490d3045f28a4017484b296964e09d4f55813bb5894c66
aef3401f69d011ca2a46bce9543ded9d4ae655221ab6b0c204de3186d7b6f65f
6d23e42ec89f8e127bff616835336b4dda7e93e667e09fd796a1cd2b95a2fce1
301604ab71ab46b1c283906a8d60e44e9cfd16d0ff0594e9a86018d411f2cd7d
383721fce74e91491e5537ea9e168195767c9d3d6cb7cc199421ff17b3d45eb7
591ea56681fbba3482787453b6e02ce7389af6a1c34df2e9f586b77c218df7b5
3c5c417ea6985b21955119eb2bafb7554b1553f7e0699690871787cd6453c225
ddc86e05fea8a6dac37f6fd321bfb65adfb70775dcae8093595db1460fed380d
db2c54be6d533a86d62eb1c13bae2c2c016fb98f6c0c0ce4d4ca444a433d2aad
18b1aef466f8bc59a05c5ddc02cdbec85b8e5e008a4f5892e7c1e557e75d6fe5
0ed9c5b6e7e3a6cfc50e443db45c8513f23a65d48c96351c4315bfa29dc772d3
d084c072aabfe18ae241386d9252d77bb24474146eda8fc3ba695fc6e4fb3f32
1ab4344f7319a3c842d91b52b1d619fe96d06cabf8f363c42a410bf02f49073a
d91de42fb60103620f596af33ddaf3178f6e555d78f7861136bbda286dea395e
a75b17f7a690bb12f66cb8bd4cbd1273b5f922b6fc3e046a26f5805d0d626e12
1f31e67ca57834ddbdd7fa90230419571af8e3f09eaaf2d5168797dcb11ce657
59dee0e24c3c639813db9f5df42888eae166d85d6bb4d73f9969d2012067e00f
5badbcf857266ee681b5e1bd63f04cf822b39dcca19cd7832bb624699effacd2
8798c244dcdcb508a2215d48b36e09f503dc3d24e2b98db8e08a2c9a8b9050bb
e70221e85126c1a122b69e8c8c145eee2c0ed3f6ff8c766da821b02f1bd218ce
41913cea2a54d610f5b4f3caa33a20902b23f929b28773f4839280866914f251
086a8bac25617355de4c95b873cf66fe6adb7b49cc992b5812d9fb2914c7135a
92a8b0c74eece38897d7ee083df138f45f63d59ddd527dfa11bfc6c393d60103
5afef6ffd4cb2d83084897ff86c1c46bf3199605317fdcf511ecced5a17aaa39
de1e899a26f7cda14cc85db418d43f9acc63c6ea300496efcff3ae5ff2906205
1495fa97e591104a9253db80504fd4d8d09ea7b4e2ef0e0251b052848d9153ba
861ecc2b85297bec3b6f2bd3241d2d2734630ea79935896b773e5613a3bfbf18
58a04bb70e322356ca91fdd7af29df7055a60faab9e5b2ec581ab7df941103bc
e8cef3b7a27433a24451f94476a68c9a42f0c33fe346c2a87758099bd2b35595
7515149577918b84337bbc23c3d9bc7e1f4cacd6cd66031c256faae4c2dcc933
a2feb20dc9b5acc7483d32976231c3def0f0ea4e4c592a5b0150f7ed6af61f76
22564e8e26297f2f85f0a2411d6cace58d8095c96e3a86396bedc0ac1ab1d895
3b62236f6d6f64536c6205c8835e65ebd259f67036525128ae176aa144f1c213
5712a3c32ffbfd2d25986614186761e6ae857980165f56edd54fadcee0e6c86b
148e71da0d5fbf7f70b81623a0ee987006ed4d34bad4e679a629376d4f2dfd42
a97b7baca5a24680c64898d881c69d33213678733458e00e3e320c82f477330d
face641504dd3c604e9a39442546a8ab672b371d0ac53c6becf5d0311d0296fa
623fb4b561a4fd0fe45ee2e3c7ae558285591f14d2d7dedc4a8b5395fc09a26a
4b3ed6f2121aef2cf70ab145cc728734648343b10cb9be2d62a9fcbc789c254f
79e8272b266280f7ee7e39752ce9e027f16d0a819af941225a8647a626a53fb9
2f2a52adf8c766231e80e559973b48e37c0421c8d14f2a85741ea6c2db49d254
05608bfc66e83791bc66ea2d2f96d55d31f94a07a2f57f918acf9e3c7fb8b022
a6159415f99f5e2e9695a3543575071c2fbf417a804aff2204afffa285a9a591
448c88b7ca7c10a6aa2d5ea64f49705d8a1c95c9fb078da6f9700ee796e37bde
dd317bd022a54e381ae685e3a8717c33248dda464def74ac72228470e4fe7762
9d9f5287a1f35f52e4a526912f4f4b94f88a84e9e18d2368689b257aeb6cbe70
587f9e69816a6287200a1db7401e731cc99f58946b44a7f6d3f9df8127d4ff90
7fcab824c111b0d52d5241deaf873dbc232d1f14fde55606536296dd47f13418
219e568a92f37fe0674a4af03817855c937e1ba70e49e9b9276832e6d77e4f87
91565a48a2a7d2a072514bb599f9153f12a2e0e5f4a68ad714e4820f524c0faf
c0b863cf9d27d9fd1b70861319a07b7971eaa4380529fdd6bce9dad8b5ec0145
e3ec4b320bd592d2bd798bd38e119bc0b6d319b29085d4acd900a29812b3e328
61a22349a8fc0eaff3572122b7eb08b1a40c25d1ca08cb2d11383555853129de
a314ffbceffb95a6acf3058120ad58463d72bda50893cd1dd7eec0eb1dea55c6
49c1840c35bb42e19a54d8d2f20c0c283ebf5e5ca0bc0ce4e3fcdc2bee165b74
2f1fb0974b06ac7a93e786050832901feb7835ad6daa8b84c1dd9b31ed9e9dc6
aed2704a73ecd45548444a514f47f1125cb92d3836878eceea6f1c6d8f165eac
f4a9f1e3c65234d689411d8d75bebbbeb29298d15648f0273667f4d363cb1149
6cccd1a4a21f0f3a0d9caa9eb5576d178cc174e78eca23371bcb5fdebb30f516
c8aecd6e6a56c9c770ffc7caf94058861f05a68663720b38524a7fc95dd7cd8d
06b0b7796f6f769ca4c4181cdd94b5a768157cfafa18a735326ba2be8a8fd09c
6d8fd0853973dac0d16cd9ada0c9dc29a606b44789b3a17aa76e63b5798942cf
4a467f1d5ea5645d34e984bdba1a6e45d93c54bfb2727b6f12df2750ac4256d0
adc8cb8a53fd78eb04647e83e295895e7ff7c3fab11a0062790e1634ff64cec6
108598eb322d7184e710814091d13860bc23ac52346ae0268226f9caf80c0847
3f1bb9cc627716a20520f129b610ab003f93f7c9f8ec95ad3851acc303ef2798
5f4fc858165851ce03d8889fa7536ac15a299895a1f5165dab0afcbdcb0e7255
c8030f9f0e86ab59144ab50fdb5c82ecdb8a5d72b631d6a7c5de3b90a848a8fa
19d804e0b311aa77ef2ace660ff03f8dc4893a98b0f390fcded65de41cf66911
decb25e4095f1bff3c2cc5216399833abc84079e789da12495d8f55908ab9885
7a4862320fda5ac7969f7ba8c81e6973226e5f5e28918fea09e8450108affb9c
6bb33112c3b94c9f6e5a8aa1d67f6ee3e5442902d5ffd33204cad6efd7e16b11
7da85eb5fd3bb442a7b67a32634ac11d7b074cda22d74b8d74d748776d218753
ce666963a1c9947143abe11e2bd27031f82d77ce4930a3ae8b718a8375470d8e
72fdcfe88843dee2f6ffdda94caa086ebf387deba7717dce51c259e5fb810132
77fe3d6b388d0703c032307d6df178b5088621ac93f1825a95532c68cc56ab01
3d89f9a86aba5d551d3fb5effc9a76231d43da1ae76b3e0999ed35636648dc60
9860ecba3e90fe14a1a1bd8e72031893d62d831af23bc253656efeb9c61ad059
9d2b6b4c7f8d5a3e5cea84e4df9983623627f18208ccecd097a552debe841ebf
a29d57fb7fa976c8bfc30d072e86a2b2b4c1644b77414c231de3e7611f8956c8
076c406e9c8048713f715acd337436fbf0ea0677aa2a060d792f795fdb9cfa01
9ad1333bc3b5cb23a0d154eed88a2802cca6c360889732755329186be35f514a
d4e8f3dcf0a895db4fcbd3470a309361fb51429a1889d3dc394e43b8ae933418
fef9a672ea3bd7f4e0700f86f81ab6f78c8125047f0aba703d5181f44b932751
8b2df5846f7c413b93704af04d99e3488deac72aa79c32db6a8a21f41ddf2db3
b6bd3faad13e9c1c62e00f37532834f61503ddb229dcde0688db4442d0932826
e1b98131cf93970649f0487207a6a5ec6ce24c729d369921291638932fcfe5d8
901e8a437296cb6a2f65097a0f9201aa933ed5d044537a6d3b28324cca1a8575
044fd9db639f50b6e47c931e8e741ae36ee86afa276250d78997249787a3d6e1
cbc2f2ff3910c093bc47d80efd1eca618edbe17533c47dd947a45fdfe9db4a6f
b08f95340dfd52e8383acd80d6d9df382289991ef948cd921bfa665654b8885a
5dd4b26e1f483419ba4f55e9f1631c66466fe8d77ef5fb359647ee330280976b
b885c5b9a2134166f1bbc30875a3ab0669173c98f77790652309d58905ade167
106c81d89199ccce3e767ab807f3dc9decb2fe3d98a1a8f6868821b47e0e0608
4f47e8914f6b7153537642b652a856e3add19355fc9c124b895ad427bf2796ed
95097cd033effb04abdbdbed17f135441d03c2a4b88d42ba2920f1a21936ca7c
047de84e16c9c3420d290e26e0f8bd1623991c84a7ef4968720030ac53f7ef45
4cb3c7be6e342626944083743cd7c7cfdb00bdf5ab0a02e5b9c305ab133bb5f1
f6db4a8cc9c748c43a77e1583756d8413427b7821c4a672898d537e534d866ed
a1548fa6f4b033f37e89acbe6f09d2986f000b92d492f7f76ed37ab0718ed4b0
b591c2b8a5d9af9aa8e8c438b571ed40536b1640a5c6efb7304b9220621f6bb7
79fd547afb3b515b9a620d18b440491aa5d7e485a927a5b4d4f6980400e1edd6
2c4d55ae9869161f997c1876784d8af5be807df8e9eb44641eb5447d9b1da9be
f258d7aabb812e32c7f41791d8355622919338fa3bb0794f301da8f6e9cb3707
1f13ae2639394e73bf5e5f98cb54797d74df0320268e217109f58a711fcccccb
97ed571747b308f0e191c831307b9a28685177aa6ad4e53a392e43d56cfd5738
658cdf5bbd6ed5b5ba790c1c800cc14d5ddc94e92342dddb71540ca026cc5a3f
35455be037f729404d7ff19ade82d7f00b7b9b93c3991c6e7c80e7e514e59789
5e563c2094944c7bc8090a8b191df67e6fb6779b82e6a33a41ea136ab8b20fdf
7f61cd2a4baa3434b85d9475b6b277b68217ff96a4b33ffe75611c5466a99b79
970074a30dcda4e88436fe74f0de38009bec197b5a11298805e9c6d746c77e30
a122471414687ad79d80adc21c0a306ca8bda254c0f70cd628602f470dbd61fa
72199440d238bd4970a4bfd9493606fec5865d342470d94af5410fd5c600dccf
bfe6c1c65dd6478a59670d867b06143937c335c5f8aeea388f1764bd4abea975
285ff57d273ef1ae51ebb5293a540d25a8240d072a3047dc62e42f859fbeb78b
8a2abb014a2ae83f145a861ede94cb364a150d5babedc95a03a09534f933a40e
870c23e0927d1b35608d8645f8d3568229223369a4a1b0c05c6504f9cd500ac2
5f01135173f67763cf2afacac26d10ef6ab0cd83ac091310d941e4e64f0b65d4
f4445bc3503829c10c06a970b2ca58c67372dd5424e6198fe55ae817dd2f087c
9dcc9d4691b07dd4af5d1a66f377d2b02fcdcde1748211f7afae9bae77183f39
1ba988df0a922d15f2112f2fd581c3e194354b6dc9e4d537a168258284037687
ccf6440b82d5abf0bfc5420d619cd40f94d430107d5688750ec54ab55e1f0db3
61bb5e403c00694aac4e2b39867da555ce07a77f93b48b89b7d038c38f2a8a24
f8278ac316db1f1038813f730ceb82881f74333941e5874d3498e7a2633d63dc
5f68b8e5e07f85c58efb01c6a52bf073fc9aa1c50ef351faa15675fafa8bd198
0d3f2ade5234151ee2430c56badcae40af8add18bbc9306cfb7aaa422bb91437
55b94a700ce64b7264f892d0a08f67eb86f0a8d9f2dff4f35d8d788808c69de4
ea11ed5460ebcf4038232dda098c601cc4ffb371f5898d0621ad087ba3a4839f
175285a099593ac22d9e40489adb33ebc36c86318ba01565dc12a65acab6d4f8
943eaae4ed502ac33b8a4137459394f196cd791f6bf51343338c54a9b172012c
c624c266a0c079da536a01b75638b819171227252050bb3762566cd2fd1f20d0
fe50d3f42401ce0c0e9055d03e7ce71dbffc1a5451ff145b9788d95ae08f783d
0efa8327675183f0f46b4eb18c989d6b25fffd8d8b2a4bb8a1beda39a6d09f37
954794c13231662983e1ea19843437475accbb3e0128347f6a36b7300ac306bd
eacae24190a59c8615abb5d2ac3b7456a9f9525e96a5039f7a59267ebc2caca5
5d6ed0e06d21fb21ca3719889912b97b693d5a9a949f58762db19854a2f562e0
352aaa5debe9b74831dea7bcb2f02151ea721bcfe554f326f87f33f3d212cb91
d95597a2a135b1098028d46ed29ea5e5ad1f0431f2f037b51157de7573bc8294
13acdfa566cfdd7702d912d1682d773c636d78dd18f44b386c2a2b4c6d3f205e
f6d2602c82b397ac3de6c76c063f2b1bc7058c4d6fa72772e9c973cc072bd83b
fd6b74b4a358170b0e4a8945b25cd1105004fb337b969db0b74cddd1616a783f
fa090c6ee738a83b7e6239f38bbdcd1af05f60a53b7335da191d3ee8a735f20b
730a7d4f744fd746c59e6e0c4e796ef747f62252cfa586673dfa9d34160bc96b
95668186edb431b8cde8a34b97f561b91f8023daa1cd585b68e1b75bf56bc7fa
9751ecbe8b3d8010c473d283b7170d444694ef3c9a93ff3cfd484f2635a58fa8
c7ab4b0d979ca12207d363d2ee8260481f236cfcbc55fd2b6bd63384b7b4d3be
3c1d94bfc40fc5b7c96ea7b955b821ce89b56b6a0eb651cf47a27d3fc83d9387
ac05840503c339396702d95dd01210e28f1c47cf74648d11cf128d2a6b3009a4
ba35b30a529d5383fe6c205f667dd0545fb3211f64fa4ea74b846bf8321047cb
206f684891df4f845dde395a1796caa7f77f6b1194567cb7cad74742df7e0f34
9b4ab4d8af5ac7a18c79a92b7b323d590032f0649added4fa173a316eeafad7d
9df7a396d21b2a0d71f3c1c7726e73aa39ac08ceaf941243e14f7a73f8b47743
640e20899acd017048781b3631652a43b99573ba8e1d772f7719e180c3cff265
d6f5ff92749fd8a79f7c12cd65b34f688d42675c9d507ce7c63a525e9b3e3b54
87373f3286e375a3fafa24d2d14e0ac13e21f3814b975c7573886f06d06f3ccc
3511fb8ec30de73924f98d7247a78df2516f48a3abefe98ef86fa6347f3e1889
b891a266e187704b53256208d9f3406c98fe131241cb6797a9bdab57f68c88c1
9728187da52565b9e4d62fb5ccfe122b8c89ff5d4b0b485abbd80bdd30185da4
65279c2eed28504d17df769997e866eeb3e52be918c5ce2f2ec42a276cd7e6f6
365ce28cc9173d3414fc4219578e9bb2b5b0252d35e2b4180a244fc868e2e46d
09eca44fb521b255a310356df19caf8217a8e432d502eb08dcad07d01f9dfbc2
37f5b89c98973b912e03c4465739d14fac2f2d98db023c18e9182e6a2d30475f
5f73722522bcb9e4ca71728063d86f2efb8e25149d444473a1b291118bbd7db8
f3705f5b2d1f7f7e46ad5bd06b387b0c1677849dc1679fe0f758d7b8ca93afbf
b053f712e846e9afdecd1ead01adc1f246d86c2fbfa40808b21b426987b0afe8
f10f033d542efc4d9ec48997dd0e344691055ac45c2f1010ebb575d7c68dff34
17ee2cdc0a73b3af1435006c59d5a8796a4720b96ce9c1f93e00d795ca4f76f7
23314654ced3246971cf3a3138820205c6a5fcb4d3aedfa8efef6c1b49c5da7c
363e5b789abcfc6c2b2af94751e51a2e66f8f8a5b7c43ca549572be6e25314f9
74a5f3b752f80f4c757947efc1bae593b53e3f9f5c9692ef00bb3e037fbde452
2205f68e14ea40fe3f8e723610eedc81ae74822dd44945feb40dfc9c7eca333a
27bfa2c54603f6221468703584ea6d615f0f84b7538108bfa736261ed6dc0338
490413eff883d7c4a78385f62729b3a2310ee76da0a47940e71d98c58683a446
6838096015922044a9cea197059ba0765c801f165874bbd37ff59d9cdd7a4d64
456c51a0bef18b429aa62948b80027c23187c15076c5c341f501b4ddb1ef2417
cb907b96384d30fead9875507e84f4ac756458cdb1da0911d029b6db8f7e61c3
0e2eb122ef9f74ac6e5c94dfb719e271ac21ed71d06892a93a33afe4888eca06
29492c3003165fdef6a0f36ba7c0e7a27e8f517896c805f0cbcff29af11c2ae7
4865c340da35caf2389c0d99b769256fb5db779b210d5364a388dfb256d4d4ab
f419d92e358848d82b95a35073fd236d92692efa804f6b9b255698f04b14aaba
0be53c0879d9171796bc443361fbf49e24ccbda8f7a02068415c046bc58bbd1a
b549e0f3529efe59089ca522bdfca657c615c8180051e7b3db1fc52f4acb0496
d222a16a0ca2ac60065c2630a453d1d8f2ccd8fd367b3f6516c5ea8e329c9afd
2f0b428fabe5ebd287584d478e54f88f507e81293258238a8ee6065d8311a438
c474833d799849f3d755d2b6938515a2184394f9cad1d8396161ef2bf4d5c34e
8a42d929616296163420aa1df4fa791dce5010aeb707ee5f2f55787962c19796
2cacff01a69e4ed363e52fec42a6cee5ddf36af1d8a7c471f33dce8540a38af6
9af0cb5b5317cc077bbc3a6e46b72dbe034512a29a7a55f800c71a7546825657
e93674feb0f279c1c2390c95cc0820710d342b063382be53ee8991bbbc82308b
0af2e98c702b60ef65d410921d22b092f253e65acffe3df9b954e7e25ae120fb
7e8d2210e5ae7736ba79528eb2b91c30006165951856076af5b6616aa447aea1
5ac1270dd4c26c774196822178377fd1afb1880d5033552865c4a8281b58c6af
e6bc2f76668dffe81a6d81b93c1de41cf6000d095a318b50f9514630603568d7
67a0533e2645155193b323be480b76570ce79907e3d1613c9d75defe256d64da
7e2c3cbec740f508ec16faf202ed71349f4363a17e1678253e0a1f965a0519b4
37c6d8d097453a15986f0d276702156662fbb7d27a1b57735ac57e0b15cff674
bbfba5bb918fdea5a955ccd9106ed409a60503837eaceadfae8e856546e854d5
551f3e4fccaeef94481059784e78b0fd6a80e3d9b777044f4fa8adf9bf335828
ebf2cb19496b329a4899861fe60781f0653c0768beb6f518ffd276a137b13ceb
f0cd3e071460080d64993c028da2eaf8379e7e021d0943c96fa93b72ab9997bb
701ba81ee1296eaa62190741a117c74fa1cd968022583632fd55ef71411a3278
7dc2d6e984cbfe8d5e9d14128ab937a5b9c8ae32f4d8ec073a0258022f85c352
e918d26bb2d764764545324ed85d5b1eb786c89c8a4200f24b1a95713feb3258
07c502186b326fba23273a7882f9f7d33d426bf8e676bb4b288b83814a314c0d
51be5887682a47ad1cccfbe597eb187be71b34f368c5cae71f603610ee95f33c
52f14f01fb3efe6cc79c1c39332f1f4ed0e8a3535ff9935e14ac33b362c9eec3
5e7dc86d1ad776f9e0de2784f1a56bae192c7720f4d4a483177366e41b586bb3
0d036954ec70f1ece84ff0eab9b8a09696b0e5d9edb4c1091c2733a0640b48dd
ff6732bfb791e80974bfa293a021a4577cc5322d53454a8d91b3d8cd38e51387
a6f560f922f223afd5c0fcb83d7315a36ea23c01a4a05aa80e7ae870bc73f323
42fcb3d2663178488d58dcd0822122811f8837d19047f165b4acad794498203f
4dc6ab86b2d95b1f2b72ed0e1b75e3ca5d332e3b0926805b79f735de26ae17aa
0915388b8c8a0ca1dd1c59dd088e0d6bb1e23a6aa4c646dde4507bd8e4c1a37b
6777c48d64f559b58548f28d74154de76080d75933a923e8afea0317c703695f
1375f8323e08325219fdee43473baa0e1905fad990fdbd9208c77d5a49241bd5
5ace1f13b08c184a25bb01d2524c1fc2f68106ea400fdfc80d1452b0679170f9
99dac989569c7b4c21ec2482e492e19811352fc82fc1696755141f2d5f234993
3c11bf10175d0ed74dbce8a6fdc626e093a8efc73309786690060a3dd440120c
eb2e3017e95679590576af2da59343a090294a551a7a8c5210f62c2f9e3d579d
e1aa4be80ab770e97758d235251766c928943651b82b13ae9ba3f57c2b8a66b8
2f56e3164b6f3c5793177b7fe323239bac915f3635072112daab9f69c81326c2
5477319055b03c3da1745ef03fccb7fa73597095d9ad0f93082d92b7718e9ba4
c71e063dc28bf0accfa61460d35859aee7f79acc25db880d515796968f3519fd
ad7feee6252a60c4bce43b5e14890e1e871815d9e7bc1dd9d9f543a1930cf26d
e6be78ab3aa580602f2e681a9affe49191829ff62e5111dd9661f23be63e0405
07a0478810a8041bca64d50421ec4b835dd9a21c180e53d78bb3e4907e2d5436
dedc0650608ec96feef4d71c6056a451766ffaac7fd5b6d6070098ef0b0c6f08
d650f6c83b49b37723ebde208a00325896b88a703854060acf20d3996bc6690a
6e8f749aa85f1454cff0caf55f1e4e9aabb51a51c5198fba3076aada9d3ca945
0c57a0c9f7490f34afcd21abf15d1e0335a062e4c513037272d34605661320b3
af5c88b83a5d31d4b6ac2f11172f23ec317e5abfb862324141a10b4f42a60193
ddb643c15e969bb643406bad819df9da0ce317d6a6edf2566bee82f062c3b9ed
7910e57500f5a4dffe6e063fcff778ee17555059d45bc4ddf90be0c465568869
329d16cb1513e3f508bf3856c9ac1a539146d3cd000d0a55ea69055541183b59
1bda9e2acfa7e26eaf29bfed6321364d24bda7eb20eb77b7d01368c3cc2b6f21
6060e62678bc63e1aca8e31dfe1872667989355e59afd8dc4eab389d1e8c5c7c
7c2d048bd76d9140ab0992033cdc188bbd59e204e69ce8160fc66b0199b33546
7cb4c86c2f37362cd7fd6f56d30bc6907d834ac975171695b0d60a9ac2b9bf0f
d6de10f916f93e5aad71161e9afd3fd1c6e96cf20006d4eea2849ac22f728a44
b083a5dc136bcec8700afe3b7db9a6d83ccd6171f5f74e3f4362a8293b957056
07b09814aa16c22a01ab3dd1c9714bab3bd186bfcef61f82f81788706f1871d5
4d3c7969659393062aa0e9e98be60b68e53daa24875d958dce4a894549b2a7e8
58419045e39ca45ff0afcc88f3a144df5c9b0d94d9b11b919359df1c50a80172
efcd7b55490390632faa09b7b16e486bb323191454d47983d4cfac990c7e3ee2
d909c50b521a29debf3a9c305c86709a9f7def51b22b95496dd50b2b94aefc8a
d40351de9ef26d29cc30d5a19e415ebe7b5c2dbf20efcdf81b5009fcca4b7e34
9f9066ebca3430e321fb3476699fa07c84a5a66263cefac4b4e295bed33bf1a0
ec587af5a6096bdfa79ea048350ec36ef04dcb99b28516b5ea84ca7892e1abd1
a6f6802f688159a606d177a39b20c81799aedfacf28392954839826dcd94ae00
450c3016e9dc07b6a6da12099cfe6a34b1407ce489f87ac7544f08cf9ee78177
c083131b42dcbabb325b6dd9b0f731fdf9bcbcb024849d3160c0cdc0176e5a0c
9d682b28ae955292ff0d962b5d03e7a669f3906684b693b2986a17c9dabc45b6
771e8dc753f6c7340213b9d0333bdaaededc8cf321ba52514134316f11425152
ff8d53f5eec3a5ccff47e091f69da3715626ba55c8535be1d96542692021407b
3ac84977a178a3cece6a62929b5887bcf35fe23e7b0fece1f32f7ea8cd53ef92
418a9e77a77bdce65c87ebde6defcd01c2b242deb838a0ca7274d538e86d639d
f05cacfe64b3cad3416a6316678b0a1aa430184b0720eb11ad45c223b26c4ed7
2e094f84093701579d3d2b19ae9f2c843a921121c0deb4ade9d492b449d264a9
0abaa7c5c1f964e0c64fe1651ffdb046251ac4f34ae407b6245174a251f1500b
10ddf2c6666cf10cb3fd515d4a8089963a34f90bd58d9f2f494915259356e2d9
8ddb9bc619238efa9773c930b0465753b3fe58397b75a3c7d706d88e4e17e628
30aed4bd186647790b5b577dc63aca981a0f2f1d81a54aa72169e4f0a5072302
990a0b498302ce2d940e04dab5c8fa1a8eb269d7e6a5566fa9c591f46f776242
d2ce06f4d58a64dbd37dc1571a5f56d6ba0d648c40ccccd0b2f4db092434163e
ca1fb7cb1a1eed347ec36a143180e0f831960175ff6eb26368cc9736c6312e44
c127769fa59c45c8719b7248cee83d2f4b4c91bb1824a8f5bb5314b30f46f838
d3d22a77361315f6ef3cb8dd5cfe3c33a7efae88f341da968808a65eabb2931d
bf00143e33178e3663fa74299e85c10c22953f8eea0039264309dc3b4aa30a5d
74e8f4ec54d0fab02b8f44da84ce77b282ad435c6720b8340b8ce09682c43c59
7d6dc41186c5683fa8b4873594f06271e399a958850a194d2ebda0c9258fac71
85fd102300dcf007126283a1035d42b8dca4e26537f9378e5738ba1c5254704f
30c8b628d6b51583800b7d88ec5826d0fd856cf66d5b122fc1314fbbaa2db6a9
b86ea8dec79f0deab2203d98af5507a447e62d03de7094ed56d5ab45800007d0
aae4c71dd8e0448754899f6ca6544f3f72619efae5900d1a50c71e80f198b31e
a800a844d7515a9c37c93307f76a600bc79a242dd7cbd7427595861bda9c8e6d
43cef7bc478731bebc4986c2c17bf85f8447e1386560d2bdc7664885c45d0848
abcefd9104d46b62125c5190f3361dc891618aecf3865ccff0d955c9cdcbf52b
3911a06ee063fb3724d6d4906bcdb5e4091e3a547820f838aa8ae504a65ad2cc
54138dc790e50cb3fb5bba4c46aaedca05d626b9c29153fc1b599559eeb27596
36b85d5368b1a8d18097da25e516e85bc033e234e526dc1c94b6c2451590c051
6ccad5c67a2e679ded83145cc8905fc31ca4c7b2c25fb069983933579b3cf412
a2c182358aa45aea3cc16695b39d051605b98dd5f9e4481c0651d145aa85f74b
5e462dae72f0cd29486166da9bd9ae3e7fcbc81c27be26f85c85c0ae9bc0749b
e9c1f82dd793ccb4ccb7278642169cf0816d7c70cce1320fa7c92303136d0d32
c2471267de3754bd511a52b60eff17a49344c5229709425fe7a1646138a4bca5
e1ca3b128f140d438be3b5fcdc4cbb4960d6498a3ff81258ba3447d85a2b37b3
182317415bed04e2c7542617e4622e0ffb7632c64ccca8e93d050af458ee843c
ebc28a62c67a1fa8b7a5978e651cdafe15fd4cbb8cd8f89b847581ac0dca9657
5f20e787564de7cd7894efc6aad266521f5d1501e14bd8777a970dd877a860a0
ea5b1530e20167ce7ae6a4b98f0dbf0c54d135f1a8c7238d7aa887dbdcf281b2
776f1b1303d7284b38090bcd9ab2b2f65faa43f79485e7fb6d0613527583a09c
6bd319c03fbcf7303652f539f8641531be2303252df58b2b2f151b1d19d4f8eb
407f2e74b78ffb12e50858ad34de22a224185a655b3882ecb313060c3e35aff6
4b4d482c7281257e843630b5acc8996ffa0fbd220e5ae332cd54c4a9d4430870
6564970c2aea6fbc1430aed6aca85811dea39741669cd9d3cda946067a3d7ebb
0e8acdad1052fef5852b2738090ed11e1a1f587138dfacfdf8b207b385f9fa8f
e09a403b7012439953f029a7155570f53de8721201c273de6bdbdbe502a0ff09
7e18cb293ef855fea0a54e98017b7982c0e77b5d02ec46b1ed9f2a63e56cf8c0
dc922cb875d73dfac9a3ac819b53136abcddbd8651c9ccded34aec7560d99bba
bc62d111f96bce386bfb713819525f21e9c9df4b13eb8d70828ac5aa2ed9fa6c
594281e1383f3b84c6d3f1fcb1a881676a2b062eb17fea384f93e4f174be7f7b
6c142c575c44922b5689661c0315e3e181be7cefdb4814ff5f45e3adf333b4cd
4ccd850b1ffb73d30c99360692298e4548c7298521a2dfa8c564e849a14199a6
9e301bb8edbb21a0ca56cfa4b1ccf589acf6f0fb41ea34410184ea9a70fbe33c
d5ce3290b5c34429512bfe09c961d3b5f52312e1ba6561e9ea1d574f8f84ce86
265e10c4ab39d07b038231dce8a909804e9008ceba3f389a94f9f6670e11a0a0
58bf2db930447cf964c45de80ccc73f822db63b829d3027155c001f31705e6c0
fb1ccb485546a4d96721fb4aed99b39020eeeb8fcf31175e53390a8e829d92dc
888ebb5b90026f64f72ae224a7bce68b63673fab72eab088d60b6042e2c00779
3f64195ef1966128a6ebd2f6904383439f6ccc44686910f79a21dec47b73a3a5
6c42596e399a7e7c98f3bb825bfdc3ae5ca9cfa00f16b71b2852a60e47a42701
4a0718eba36b3dfe68c0ffd47c304ad6fb694349ab597c93bf3ebf1583efcf42
ad4a440d6e84f97a35c34ecbc44667506556aea754655fb0c3bddf0d882188f3
f3ae83f87b058274bda217b03164955c61eb940c918d547106ae6fb30e219967
e07a3915861d0e9c90fa68fff3d9196e6b78c2a2b54103587ca3697f58558417
241f69419488a50933896c541d6372fec54f93df567eca7dd116647344cbde1d
453d22ea2c72a74c484046260f4b5d17de71ea7d1b42765df30ac402041e6bb3
0a402b93ca1f98ae329f9b4f988dcacfbbe90b08d004f086a354e9aa117f3dea
3737704a87ace9df07bb5f65f6880900dc89f6863c82255d71c8837af94d34e7
c4c98ade956fd87106e52d902cbfe1a3015f86425fdd95734b702a5215e8091b
590d0a77f99d08d82284b8b5e7de964b1e65598d908e2f0343adc6e8097461fc
51e747e27178364438c4d99adcefb435fc8bd8266b3674d9b62fdb9adc7fe72a
29fa04d569a5829a9763b5eccb538b2c75439f60b49356c4c067576db6fb8c81
a9e107e2480242b1ace76141ff6b22742938fb98f4782628d173f3c23edcc29d
d7386193f9ca1ccbd5b56a37ecb4d20c9b304ce22e835b3668569bb8d99b0e12
d192813bfae85e1774321dc7395d766e816e296ae864d57792510f26dac59499
894658a5b653ffe3392997c0d7f4ce41e96f80dc59940c89a4856967363eb096
bc24453f9646d3fb00fa69e37ca3e80213cbf3164aa7bd32ca7aec086afe11dc
4cea98122de34d5307aeac452bbc5b57189961949fb8ca1bd03eb1b9de73d35d
1a0d017ab942c46176b09089ac5a31422f2c2ab68e5feb11f65f4194781b7558
7b33521266739c63ac2a2fb9822e2d60032ea96fbe422bd496eede73fe338574
a1fa9625e0441a01e2c675068cd8ba35ecb421b03d898183fd0c14ac619e6d17
89064d337722c7ff3ae26d5b39c0fcd7939243e72ef71b2f6c9e427a9f513c36
4cb0b74f6875e7ceab7416588b16d59b897da86536c6a3e3b75f665e5a5fc416
d8c7b3a6f64dcf844ba75a616bedffa629a8ebde0703a6189cfb721a86977742
69582ab3123c1f1dc6d9a7ac03cab2568e3a6b15d8d4736620ec2af1f3854288
66b4306f35c2f26592a7c4d22377dcd330beb543f8e8955993c1a325ea2dcea4
4729a7c4ce7e346f21927705ef51e2e01a129065815c0645fe0757ca494db27f
dc8efcc88995fb933beb6844434d512958f31f2795ca16e10ee21e0d8afc085e
e862c2dd54391eee2c85907622d38c4647d1376310a85210f63f4232998e906c
f1c579cb63382881ca94e3e0120d4d94bf37e31eb9d89f3e2a72e540f5c771e4
6fe243e372adc6ce8292a6329a4346bd11435d07dbe09875757731a3e2396bcb
bc67b1fd3dbe3fba5df09749afd7559508bc77970eee95094331344aa848d672
170f312a7acf980883c11b84145225834e4df2dd6c6476695b502d64680e1b19
04cc21ea1a4fb062d55ace782898fc7e5ba46e7d3e21c68529c8187083b0f0ab
3c22cb5cdf76cbffc5cdd5c97d8a3600eec9ce839bd5907b40ef331ed974c945
c5ed0478fa815a07866d1660e68b1bdea3d9a874a4e9d6f3bd9dd60897b27ee6
0ea3ed705eebde090dd2a037e07d6fb75ef4b76e2dccfaa13976c7b0184d3bfe
183c33c3183d95e2583dd29ab81721ee157d48623fe56f638a2de39912c2c2ee
6361cffc0af6193951ac9f7dc79bd497ea8b9d7d4fd16d957af83c375b735623
68a64fffddf44988ffbe99b3003b4ad39d930f4063ddbb0f60a82597c117710d
31d6bea946f8741559fd25dc871055b1b292e9abf3f8aceb5bc6f02dcd36bd70
6fa39c09bb7d1bd5ca26eef9826af7ba7c972e90193ac85430b11bc4c6aa32a7
5093491b7cf1c060cb95d2301bd52957772dbc0d83dfa3c7b3bcbfc41c07a891
6cbe0e677e8943c583d2dafb943837769488bcce9f082a2745e215b57504b752
79ed11464bf3242182a0ce306f2863145930350846dd025e5555b1d4ac078b3c
6f5de90dd4fbaffecf59d372cfb1081193f3c2011450221f2694bd8f719ab535
169d43789c99b7430d04a43e495b88b2d76c4935f7af4932cb6b92f44dc09477
54d331602ceef4b648f8aed97f8c90b77f6ce3f182424a6c34a7e3d02e36499e
638aecdc6cd155931b8d7a8d6a18557d4592c017f5db1318b46cf2da5f4aae47
8949e238628e1170d582a79b734329a0f02696a716881450611c59fa566ad3c1
9b691014689be47839ffe5d8ab4f5181131f934a7c2b4a2e381c409fcc2f87e5
eb5734228940d07b060ef91db9c05f1cfd86cbcd1cd32dff88391b99b526ba1e
8b63ce7a21b868114ea91fb0a1213a437b3a2d1a4d5b65c7ea47dff36121fca0
493335e7996d07249524353e004dbeae589ad6b9d1e9a23fdc8b353257a82a5b
790fc80c816e7c017366b2005268dbf8c9676b016a7a84126bf0d5e84781863f
2d0559587541d13da927e024aeaeb21c3d272359a90ef336691e9ce97aae9a65
f80e8f38658a0008bae9706cc5933f2b7e3a47c260fb5639a58a316d35395039
48b1b6874179bbdfa85fc2eb4cc55c0d7b5e91670e83e51a1326542011262817
83b181d44444aa9472f8448d9a0fb9d4dcc949513c57fe8bfaf45ca78d435aa2
43edfdedce00437fcb7792b8c213522e514312641c65f699bc17acb469c90b7b
accca23bb2426b15115d0714f333708979de5187b158b871e58fc07e232be444
04d663423a7a2c4c0d0d8db6b566c3fd1450641ee81e6640e868735c78c4f8b9
07351a5b2163fec9dcbd977a20abe3476d49e728f52352f23a7c92f6dcd415f7
f374d65431d12a83cbb7b39c49b5147acf581e3bf6749f95c27218eca371eed2
ed0c65da088241c08ee6889df586325074a6ea413f14cad627906f89e0c3d38a
2dcf423ab51ad18d28b3cfb204d758c7ec2f4b852918054dce2eadf8ac925dea
c33db767e7a2c116b27b45846cb7ed3ff0aec0923db4b5d443489aabfbd16c0f
80aaf22f19a09aac7c1459eb2fc935418593ca07cdcee767bb98b089e6331448
2ec58842862e801b24bf087cd9fe040f49d45435579aade763d3049c3713a3f5
b798285e89867e118f228d061f84a0e25a8e7f59dc74227d090b9c8d5b1101de
b73674194f2b8208e49a2c169bd226915056100ce84a6d346cc7b1c9c8b63458
8bd7740c3bb9ec9e86c5e0412c040717d30c35600a558855e80ede43d194038b
f3501afa129ba4e38e0649d52d8cb64c18ab07b62ec14d25d0b1f2594c80166d
81dc45eea04191ef2bbabbb56c4fa68610b2bb9e2adc744112f3703ce6a4d566
51b76388e1906f4c4dfad977ea35683150fff266b1351fb858b9968021a498ca
c423831d79e20c16939271101e7dfc5352f7e1c2bd5c14c4183d1204963c259e
0b74b1bd7aab533f0bb064a4d5d285a012aa464d36e5ea6cdfdbb7114178ede1
3314ff5fad4a0555e34d891fafd76a3572417dfd322535aaf835d1d234f9f11e
9cca9afde574e64be9c321276d187458494e35b632ebcfe9b5d7e42524de3ce9
018600263e14e212e45d60858e52ef0f045f9acb8b667af7b570e6d864163f34
100af9b0429a5d36bd26c8e655c2f31e4fedbc1564ef06de09fcceacfa404228
88ab4200eddd351a44eea700cc25212fbb30f5ea3450517fedd5d46bb7e513f4
b60b28dd6f29cbfec208c619b954e8bdd8089bc9b8cd6d81434bea2ffbad9ebd
ad8dab8fa0ad7d8f0761c1f16b73f9797a304ea31201553332bc49ffb2c43977
396db76862bd38496a00b11d0e8b177d0060d2f8a7d64c3281bdaf3339379b4d
9430e74ce00c3c5104081efe2c22947688c7fde693f2719322ccf27e891e03ec
576760e967a42b879c90c95628126eefb34e6ef2ed9a26a2709c85be9e0d737e
6294987864caf8b6119573beb5b6e96084f4d68b1c9dac9eac4de6315d177c52
a011ebe9def21a5ba0152c816712a01ec130d235db36228326acc12bb26e1602
272603264bafb0977153b907b9c96888b9c87017d8ff4d9ec3837e0645f67205
333f12eb80fb7a6707771ea641e17d095df1bce73df9a891b1effccca911227e
cef4e0c6861bab23ba6b769179ecd571e4f34012ef11fbb2638bcfdbfbe15806
f2ca4caca13a1f821d85ada0b0a452adf43b506a2d1ebb15746115f968d15354
a1f521b472590d928ccb6202742960c7dbeba00d1813da325092f310dc0d3aa6
7f3e3440f0ec43c20c2e461da3c0c437a0457ea88f9dbfe2d682b6a4bc7fde2a
54dd405ac38565ee4074c9b9ec8c73a2e704937513c2ca693425b3789936ae70
76d9dd6bdcaf486c13c449e4922b1caa2270ce6f77ee42fd7d57db254a59dd7f
acb050a94f9312c95d9403e6a7ed83c0440a4630a57a42f159c8f2879a04f4e0
53c95fd044a7dda4727bbcda2f3b5faac4d8ad2f546c2a4101131937e390d58f
0c00556ae36bd76efae3a30de662a9846237e40f422fb70e5ab30537f73a4925
38811fd770b6bdefda365ef88f5e26fd0d180568033367577e7dea502ad2ce1b
1fcc878795e330f2063f17712a4d7a086f91dbfffdcf793c9015215770bb981a
1abb1a3ce01f07a2e68a0dde025defbaecbccdab8e27c9e60e9b1948a51c66ac
8ce9d1be678f29ff6e3336a09f39e6f1aff68f606294fc10bfdd920268d8b852
6989fc4f69c02394dc21ba96fca8c298de1251d8541342a9331670b5bcc22592
f4ac45dabf59a11c670e3f098f9a1652ef5fd69a46de22ab30e44b372df66cc5
38bd73940c659613984ae48aaa9601259605df46124b7d1bd83abcc04bcbc8d4
9277ae14f9a36a6ba719a0cc80d7668a260c9b8c32af26e88c18ee3ff58c26cf
ccec082e53ae7981dccc0a269892c7204eaf8fadcdb76823cfeda21ab186f153
443765671faae0ddf3bb2008948cb29b9a444d07d0f2559bf047f3cc818c28e4
9a8f1e1e1d9ad0557b0ef85dd9352789a6eeda54a245aa97f4a9ea9ea0fb90c5
e5476ab3e6dccb68f425e8910e99b8df7af15f28e5574858d6e52321b115ff30
b83275a4a0112f9b714eb33d0abcde4d686400054697fa67365cf7bddceb79f8
1b5646e96ff27e65ce9c1b9aa5c333c684199bf2f850556d9f3c0c552d9b3fdf
8aab74e3d41b79fdbb76a1b798803f14b1f2dae1e748f93a6036dac4ccf228bb
a297e6786cf0423de08e9daff9c6c6fde062943cd88351e98b19fb34f5b1c865
fdd94952bcedeb56c4944f32907a8c6ab76c0d0c253bf572d30be53d2b68cf9a
3e435379b75a5374282052010e5948980bfbe2f515954927872efb2bfd7283e2
7d349e2f233398391dfdcefb52427c52b8991366a78fec03ee56bf9629369f6b
098bd92d1dd25c9fad5b540d592ffd35acc9cb55976f4b4aea7c9b7f236d0fcb
7968e01398d24afb867e2d725a8785d9d9ee47f71ba4e3701eebd55d6e4c9bf4
1cfa789908fc4d4ff8bc1a459a38c409903e8f988a4020b5efd9678da723792e
3ea753f552a3a6eecb02d12ef73365b23c519d179137affd5f1f19704e279ee1
c52d616d4b041ba21f07cc0a030553ea4b6062ea9dd39437bf6a241523a68b91
081a7b5f6a2709de30c17f53764a522fce39dac2551176a37774508225ea4de7
927bd34212dace693c14b748a5ab460c6917558236bb727b49bcf07b2a8fc2bc
6df05a4860c4f76b6f899dd394cc52cec0634368d0b888fcc95ef7c797367503
6f0a4c5aabf2c9f573ac352358279d20bbbf793ae3aea7b1a9701ceb9db8bca1
f4edc3f0cdb8ed1b119ed53df1093f3e5253cf0c7a1fcfa5442905ad9a99dded
51926e56e88b6d969ed7db2bc51a0f78ab9de84ebee12dc20a5c90257c29be26
0c608a0289650ef71ed4fce21bfe75a06a758d6c4fbb2456b7baf6ba39a7447b
130ef60f716ea69ff0480e62d9398496616506c3f10afc90093dbe78a5dd5461
0c113e79a278a29c953bc523101525e7fe02f20592e28afa39d6b03e34ee0cd4
960da63b58bfc802e91d3163626ef50d7bfa613da21921dae7feaee18e45468c
cdbea13d9bf93fcfb401e6a602d05081ca463662114b7a897603dad752d89c04
ea94e05e9e98f8fd974d3c4a223c46dc7347ad2cbc8389e6b08696997bce14ec
830fbbdd9a0d5eee23e1958ba6c33281c7c12aee4243ec5f4141999ea1728fb4
ed9a42e5ad96a210acfe16d8f0d559f6e38f3578fef2fe53611ab7e90f7ec1db
bb7f03c82bee44362576dc9351ac3967c569c659efcd53940530a8682cb8937e
1e4b8c9c89893f4a17367ce4167faea2714b5d8f56fd55ee3eaf8cd155b25c21
69b1b6fa10e11381bba8c92459f8fb4cc423fe5680765289cca95bf57a13545f
1331fcb2bd19a373285d3cce627ebf5098230011fd025a4effbbf7e7117d0cc8
f178ed34e6ced5eccef69c7673df5dfc341973b2ce74f17870097021a440d031
e4446aca6344fff8e07b9fb27d8a00d8a096d7b1466b938ad69e08c849ea70b5
97035091ed885401401bef06401b9b8944825603cd9effd01e5e347a542668da
0b3de320727d1a7869eb3366e2d413725f0a87e750259c581704cbe422846a08
2b36373ab1bfeb1c1f48e76a6aa45477e25b524ac8373a442856a79ac3c43a4d
3332126ac1e48ed07e30440eb01dff402247c117fffc9a0e4cdeee240a32f92b
8994f54ff52b16e235651fc916d7fc4c8cdeed5d1c934bd12e78f107a2c12474
85ae94b195a3b95feab0fed46f2fc987567f242e8ff3e47ca6752cf27886e9ad
f350921623d15e9ab84b7d7ebedb8e6f29ea0469e672a42117e908ae3d025e2a
63ce413efac58ff6ad4236d4299fa42fe75c5511e2d7f3c39165740691b848ac
03ff63ba9f1b789ef7ffdc86294128ec846500aff1af417ee538b5018d209989
c80a46a5341c9cbb53dd4a1d415f063c3e6d37a27ce1383deb7e1d2adb6da2a7
edc7a503eba3c65fefcf6dc0fb624201c16d2947d2349a08898d5cbcddd8316e
2fdc54058833a33b18ecf8aa31cdbb38ef5cd87e4ede44366358508c9d5f4954
75fe0e7dc93feaf44a1fa203b628c8b9a0900a39c4c62cbbc48060c1365c4b90
29647277ca707c04ed111cd4473796afcd443a715e4e4292381b309b7a6cfb15
9c815ac295eecea47bd577a4659bb294d5781257d7ff498e9a13cda12de985b5
133ecc2a1f24634af3631c40b052b541dd89982ef33f6751898727e99fdcfde0
54839fc0d4128206a2a89cbee351208e80b03e9723633cf03c3c866dd9fea81e
f4f1a28d5fe42f85a852bdd8b35532d69a40968f994a7a57a73d70c497caf0bd
96718e239198295ee68e6da4794d158e4415d33489af9fb64f67cd887bbccf4c
f4c0da7b7237ad2ec6046787a5682161e0281fbf03d2a2afc5258e28e2f624eb
ff30b00340a1b7e93e2fa1ebfcefea057aeea8890b092d31d424f9e42edc8b08
eb80152f9ee41aaf295e760903f9084382e2e19a354f5a303dd98c8b49908575
3e21a47d5608a63d719eaedb0397dd4b11e5c5d8a769527053d8b95ad0636376
406ecf5acdc855fabd68b59b4ea27f2715818a4077518e180e969b7638285635
f293c6f2df58a710986c8ea4518453e4b5e4ed3ccb66f8a6969bde91faaaad0e
7e9ffaf6ceea3c602533db5b221f571045783ad20214d612ea2112e8205d6e11
6655a81c9c2ccdb7eca35f353797443c58d1ce82e57c305131cdfb6822e4965a
5c1b9e3b3280e7f113aa634ea14ce05d8816a695ec33febda66aee5d572fbfe1
68c017771adc187a9cc4e9fa790380597878b4e120e81369532085e758075dfb
a957735696ab1d19b1f42a12099c8cedc707fb9a4cda02b0218596b45ece2af0
343e9257582cd490f74662e40931bf2ba3780bbfd38e5d1effc22df4e52d0bc3
325280f988a76d86d021fcd5be8eeb4d8b41d77f797ea2844990a8600f4c20b3
1c05e2a7377c199e974d42c2f2ef968510a5ad90013d6d653073e4447ce34664
18a4b8239d43b9689ee60468b8b4474aab53204c39e2b171613f723bb826d48e
21f60c833e39f044cd36708e930a30a475ee837ed7ad3897e805e3a0c0b20b21
4ca08064740399bc527d66f9d5fe849231a755721e168d31820025e4f9191223
7ae270df521e1e337416938b7304a7ff292b32ef1bec06252d95c20018b86527
8b156a8924e63911270c5b2e02ab1d4e14f7bbff168f917ad324ccb663256cdd
9e218bd6cb280ca26352a90c87a0a6bc55be2230c66cb9c60a6b995cf429360f
b096736948fa086493a009243cd38215d9b11066db06f79b97b4a381f8a33528
6eae638030c64ca7f283000b557a21c6cb3af513ee9ea91286b92259b2e00463
6a59e3f5c0eb3aa1a402cd060677e90b87bb0cfc9eff59d0e18d9e940057f70f
9ac27d8256c4c9ba5e63de7d5fd9decf5d2ec1edfee2b88c1f10e861bd9f8770
a2ee9bc35707f01844c60f0a150ac48295128eee51d8c14018b83a675e6b2261
8c1c44bd350949206ac5077344e49bd6d197309ebf3f39702889a84f514ac0b4
e8857fc378286576e6436802c54272dbc2e205413b2cd1ef9fca42e60e3442b1
bea13f7602e92ac328ae1a7ef0f925b50fc31ea9aad28e3a418ad5c6f320a31b
2979eedffdb29b3106783f3876d4724fd639150a281afbcac42ee2e8988ab149
3c4ad191981b8c7701a4c3eeee1f8b2913461bbc5176964e19de893122c3b255
e06c85f83093128f4730b477c7b9b9ab54c968d700c59d97505ae3c7c50f5aec
3e3d27473bcd15836428efff5d57680ebbb9e8eeab1d217c3d211282cf3e3453
be41c49b6d59ec53159af458ab6251de6f6990f53c849cb4d934753950988e49
699f4f7bedfa4a500eacfa738a94c4e61cbe530dfcf9eebde9461b1d81e21764
088d6cbe98c7336fe7625101fd595da35173f5dcb169afe1e21f1da7d8f70e55
b4a4c6433e360b6984af9ec4293ab5b30901fed2fc1ac7be8dae2338b19384c3
4a7f940ad201e5a09f1bb93d3bcf8c6795ae638c710345d9b253bbceb8cf4af7
723c85e8e18df56eee368221684f4b275c1a3ab654a599468b8d78cd4c85cdea
6b719dca8d12df35ad89957625f2b1e961723e027134fd8604fb374e1d4ce0f2
dfb29dae44197639fe5450e1749dcd36b710113fc4f6cb7e9c5f916b454bbdde
fb77afadcfc74be159bb00a0ac2a47ab3279129208a8a0ad41fd263712d98617
41f24039e5b868058f1164026d910d2a36723793fe257a9a65c88fe319c9625b
78abbae9021b7e1df3473daddf60967b69a5b573e15147f5ce5d708d3710c50a
e885d1dfefdb7e11dca58a8bd4fdf9fb699cb7871270d01a781ba4520df1dc4c
923657d91e4cb553a69599ee023d7e01cef64370a80c7b7c86436c7ddf7b4b0d
b6ace8059c05036befc74b4a54d2d18c66af8a6407c0b9c4ae7e0ff6df8071e7
66987d7162f29452cd16a06f1f3ba3c29bac482d150c42879e06740281a7ae2f
112e07a8f695a778c1dad35bd9145be12fef620a856a7d33b7d4df41bbac57d6
b401e841d86652aa7eef13912ff87a74bdc13e35416226a7a9927e73fd807fba
1040d1e20548b28924d23eb59717278c32873966ec32da9f3bf6d578d861b131
d4e35f5fd8b16b2d40fedaaee1e92af2e69716b4621e5faf80e2d7ac94e8ddc8
a911f7fbd674a73e08781f74cc34f27f99811bfcc4b5dcf7f857a892b8cdeed4
933e0f34543ac15e6ef9cfd3ea03fea0cffce8cd13f452e6b6630f2383559bd8
4094ca29a7b54ec6d4e7211e8575cd17114875a0fe81633c3d67ec52090f7cf0
beee9e9319bf9de2a3c8ed4c0d5557dd126d3be89d1f8234568e38f2e63b06de
5be7d4f9aca7908db78e2ee4105fab36754bfa64d785e09853a408f477e5e666
6c3498c97e67811042b607ed67d4537208f764f4a107661312426f4112b79f1c
806d45b7ad914afce375b918e6a3753a829df24b48f1d0195275f309762da2cd
f8dad3e31eb8bcf84d15eb0f98801bacf8a12173cb84f53dbc35ade0c4c347c2
c0bde52d739d8d7a5824fa04b6b7933b5d510cfb1832b6d149e2afaf40222059
949de65fe35b7152ffeb86bf045c0dc9d640532c4c0a7c31f821bff1a7ba2d40
d22aa51066daec7f6bb62c1c18745814b9f1af052023d22fa05f2cecd3cc7b1d
a29973498049ec498f6ea3ae7edeba6ceb835071b652353cd984aa0c94d6baf1
606844ba901040019c9a11afa33c6d4b94fa0dca35e7cc95341b58d53d34d3bd
ccf05f76a64d578f6f71862a7de63bab4c24a38a8a8ec1f3e11d79d8f7277b67
1f8be3939f8a4ac0b785f138599e21f2a761b1ec32fe4bd27409eef1eecf084c
3e35b2d64e6031f51b7814f59c184a30ba2522ca4b4db38337e4925edb1b0d63
792228b9e469fb82829d82f59bb471ed12aaaa6f81ebe4ceb85e456c3e42a388
59115d9b497c4507c27af721ffd54703435c8eb5648a74d98c39e9af73c1c95a
afe85defa99ce5e2728d24fee6afb7dc8fb87d200b138ebfe0dd0fc61da7b93c
57da2908ab38322680134fefc6bae4220580f460742e0e2f78b922fb352441ac
4c1cc840944760d5fbdea72227f97152221793fff7f8cb40e5da13fb7ae74d9a
09a6186c5c9f95b550f504e62aab797b7cbfd154dfe82f945ebe381e842d1a55
19e44a085bec6295967f08c4319eff9a61d656ccd00c754a447d532176b8c0c2
b4085623de3059d68c0811981ae981f4ad63b73159f7526f1d5f806d9dbf36cb
9952580d75f60937122bd35553f109dfcc6e6fd3987df64b376955b10d0e1bc3
1ea650b308c561a0cc3e6bdb7e4000050483caf5c4a0dc53644feed76c024346
fef7c82de29fe7563c626fedddf5d44f5f3ef75adae27ded0c8fdd75132fe1f9
50d6f6cb9075dca56b3dcd2e5f6b1614318edafc65d3799d2f49a55181a76ae2
d7270f556e0c15dfc5f10dd76bc42fff30b68e7833ceab18f9a6e5f56d6af2c3
d353b94693c6d10068fef7d4f261e5af91c6a74f077faa5e5ed5bfa9ece8ff62
c16e2e47ad818374dd0507c986fb05e1115fddea9cbcd5719e841c6340697015
9d90515c4fab24df2e2b9a68c4908ec7d82987c3a549e9c66815d73ac41e8376
26c7f737b0c831166dc1993ab96b109eb682113b1fcda940226f0b55db812085
e9cbab62af17f8eede3f2e76d17492e450e74a81616c49a4010579a7affaa016
20d37ae1ee942a64b59ed8c5aa1a765bf4b15ee5bd578072aca7c0c2c3b3d29f
d69c55ea834cf1e1c5bb5520abf057f9b49cf61de71de34c4a4b5f9778ea315c
cab8080f0744250428b666e1d3470e6c12ef2cacf8ce1ad21246979157dfbd0c
6845fd2aab51f3e5b8808ec7dc3cdc1b676d06d28a3f06c1f2c2f0b12bb4c6e2
c9218c3f804f33f3a194e41d9e218690f9cbd6d15a54ac36dcbf4a85babc6a67
e40fdf353003ed121b9938c528620c06b46295ab9bbb565395e9227b1cf8b37c
f21bb3ce16622429a6822277aead88138524062ac63b744c9c8294fc8e1159ef
1b0e514a7739661ed650a77dcaad67ae826793b13220d47b1904f54c737a9bcf
bf32aaed007e6905ab945ddb83ee08398238eaa5ea4fffbe494fe1df78240433
a9f3c14c5e11317506a2f0ffaadc22843e0262b30665119695538696e984de62
fe0f8cdb09430f4ab453cdfc3560a19652d516259632656e788cc9332231d612
399d16d861cab27d8bbcef3a4d1b2be0800513c2c568532e591a23ed5109e0dc
fd764189b822266957b3bfb08c1b795460ff7877f067d558fc80493deb71444c
719806a3108f244d62004b3dc3da5683b38fbfd34860e4f2bfb6b58f83d49094
afdf2e3434146430d75fd5083c13936e59698dbb3ae138730692cfc459e94da5
f3d8a58563c3fdcdd5c731171736e8efe66723fe501409b877b6e5baa0254da8
c00edf47d2d6cea7abcba6bb8007c888da55657079bceba363d4f98bb9062f0c
acd6fc410de613d72dc1ac8d335f936c6f800500b7f8d04972feb820dd87a78e
ca6be2309fa7b7794d553ceacbe5c886200ed9a1183b89af3d901c67dabb2d60
6c8b21eb1321807da250580590460cecc227525e3fa2ab00afcc54d0dc89debc
3215b985919ab1ccbc8132a058328bdbdd3e3eae361ffd416771a31382e9cf5a
b8688b5cfbf02ba3db6609661fd85796a0057d6988757f0894e4dd2acddd18b8
025f7881b8ff001cbba30cdff6c1d9b316fc575202075ddb2323b6da3f5852ae
0a0f54385bf965b13333d712f0ba14b7e820fd27fe40c1e1d2d1d5cfa831f584
8b73684173936a379a7218a7b1497a878608bfce138d55549b59dd4da1f256a4
2f5b17c65eb1b5f2d5a2feb1ef58664136d21c53357466c034e6237c4605d018
749335ab3c46d96f424d8d2c205a83a92d61d49db7ada44d895918bf2152c7a2
6725bed2e2f16d9f433552f582650151df6ba64cb7c0f8cd648f52340c455d1b
c8fbc503b3b384250b80900e63041f47981e71d08b4de20980603cb307d4806c
9d5a4c4331381a66f3ae885697a6d600d2bb1aa691f2ae99b2e5dcb9fc56536a
8cad866885c159f156dd75b703b539a4aca9785f946f6f528fc87e21a490c1f2
e4e62c3f3bea476f276d14fb24809556b933c7847a7e137ce412ae404f3f7de3
ea8f1b71810e83dd9437e63359702156b57ef3aba9d32b28c75ea96efeacb14e
592ba2d8333e716cb802b7197cb57a0b7da82341839b7ee9698b8ba3236ad95e
87cbc9232cdc5c670990bd1685a4f61d5e2fa55a994f563ec3f169e38bde9cde
642767b24fc86e644cf7830a6fa305b14312bad0ffa1dce71fca78baa66edf43
7e204a2de35c16f41a579c6b18f14185252c9ae3ce9b00ed5026ad9ce84179d5
8714ccc72162beeb7aefadc8010dca9671fdca26ed6b3ad30fd83f7b06f6e023
6633af95b92197f14998a86c45b448273ddf121f0fc8fee494719d29afb595b4
46b232173f34616d331ccb0afd9f9fddac9bb7c8b4208994d7b63a98d284bbb9
a8166c473b7578317f9912b1c4acd1f26cbe40168b127d7eca538654a438ba1a
74ac9189e4f4d40c14213dae561f9e512c76695bf20f67dab15cfbe06c018cf6
ff4b61b2f3a6234076a0a6e9f82fff87fce515967c872b393f6d373cd58f34a6
05a8332cbf2eb89cd51a72d4c718858c2fa74e6278ff5de80c4c67e528c51a7b
6fa289b619667bd437dd410b71149a0a167388f4ddc157248abd0b0dacfb9bf9
cccdec36aa2249a00554adcf41071f045b88884ea3f3e7a3ef278c486ff756c9
88e991f62a5a7faebf0d1638b4c358022fe94e9a2c133922334c0d4272416b0d
44a1b6cdda823939b6b341885d6d3a7a7d353fd8a085fed163bd9c0e0a84e62b
3031ba525c40e5c22ae4c23f487896a492a3e57d68a8802120c4e890fce38859
7878b05530517d244df07cee2579e08502506f43a658fcbd145a09bb23d76dac
107729bb36aea6c4d5261aae53d20ff0631447b99a5ce3a008584aeac9324f92
c82f0ca6906f10ef5600b4905e29205a6a0dfd5cc1085777a887553534bf1197
3b602f91e769888cc998a90c31f340a9ddd9b98bfdc5b0bd4cfa2b309299a59e
14583e10fef6fe3dccb5212f8e041027c307a4cc4639ab746c9d9d698ec7f6b4
a02b3806e7dae9d00495f2e7f513ec4ef6a03192c3a82fa16c17cb8e01a80b52
b78b6cfd61a14bd08d7599d148f8233be98575591b7fae5a12b3785d417049eb
131465a22a1968ddbed4a8739197f0f2ce7f726b32fcd7e735b43505bfb8f1df
934c74b764475faa62f93ab7537c08211d68db2190d3165cb98c1fb041148640
cd209b18aa336b05ab2f7886b80d02c1fa8b3e1d2a1dc4d8245ecdd27ebd8876
4cc0a023b137dac3f847598d0c6a7587817d374bd3aa0234196b29f955ec4196
ab80edb0fe00e73c9e2ecc1bc0e854b15a296db7041fef34e0d8af6ad34967a2
c8ab4a8f715f620c18c15cafe178e9353505a6006cb7896e18a64a7eb30475d0
b47d07c5dc50e698f4a044de0519126d3b180a18936572406c5be70c46aefc2c
3d20688108cabcf8122f4aadc10b7790cbd040ef2f19891aedb7aef1cff6072e
8439b796c34abbd3ee489c952156a351c5dc1f7dbd847f92bce983679e5132e8
2cab07a0e1e77d0096dba474812a9e8849495124326a0be6cef8ce4f83a3c60f
61e04702cab0da64c95d4eea474d35b4a39f16cb94363fffaeafddb36ce74983
05ae14aec13632df5fc6a64074db03f184a0f3650da5cf8b099b590b4de881ad
6eefed158eae3a26834d38745b52c7b7722e4c651eb2d316a63e15add9753c40
c19dee01dbca2611bc27993808616d2497234ada4e9c9d365a8bdfb614a78027
30b96cf5e52911ad9b8809935ad023141a202a2a5d87be3fd5fc6b7ee960ad9f
2d852f37eb6e8455f3bcb290572ce687f6c2ea8d642741189e34259d718cae32
664e73d2b52b59cc04d646d96b9f822252da81c7861695056a3f991d8200b62c
aeb6cf180fc46508eb498f40bdaa4c050879b86258479321d3c947a1049e02ec
31dcab150a566a4d60aa86e98173faae518399772c16b03de35c3ede65eb0fb7
26564c2c3f04758728aed984d5ed458a053f9ff83c656d0dc20239854369b32f
5b66fb3aed03f4e08a0789208daebaed68f98031c44f2138dbdf70236f9e6c67
031dcbb3f3ab6aa2fce3cfe9edf0ca3d8433c156117a2df84d85e5da8221f1b7
0b2376057dc5e5fd5e6df654cfab8a01cd073d49df1efd57223867322f6f16ac
4692fc14e1eeccceba6bff5f5e724ec4339301a0d6a2d54ca0a67fc8e9eefc7f
1cb5b827e8013a86bc15e17a40cccff48922678c1b6509c33d7b708cacc3abda
57085eb86154436cd39befd11c931c8b5bd7ecac15e806bb640ab908105236da
dd5a0ff7363fdc6176875b5f7690cf410fa76095fd964e10050f89bf1439e720
8411eb3644460e44a754145521c6988884ad2ba26b111e9e873f154345abeabd
64ff2e3aa761679e46758292ea777349fdbd0a742c2497f71214618fab1cae74
a1ebf3462aae74d4f5138541c96a54141dfba03948afa5cdcfa70c4b0751256c
31470d42d1026179b957c19ed8417f479ad997d866ee85eb52b9cfb0e290fd44
930be5c0c5efda99e0e97c30c55014e59f3185443fedfccaa9cc29804c4b645c
a21776e13dda04438d4b269ed60d99ed1049bb30f11c3d360cedcfce67d2a302
7b05fea5fcdd724be3669d570fcd9df7d08e3de8c5e48b782ebc9c8e999836a7
a51df0d03bccb69a82762dff0b11d57f04c5fa6a41b6e7daa5483c2ef8db3a58
95d1f02f99f6d8d550a99213292e801ccdac7b51d2c5be9b1a3c144b795734ba
e52883a016898fc0a2e88ff83b64ee4b6370162e930e7d793acca69cb6b53b4d
b994e4f837fd2814808ff73d980f73b0254aaec96a38bc7e007e700e2a918cd9
7a16aaf1db45dc977e326eca908b30adef3f11126089c719afba3b6443458d9c
969b5626569f0f93a6871b051ad242e0f4b4458162c16e45a95d29f74e56ee64
c1713901139ad5a3de738162947a3c1f93537e9bbf4ea94e2ea2bfba5700b087
c39543c58334c822c21f30084cc3d9abb24c7d4ed16e1d1921fcdf54ac2ec6f3
b7173304f3b09d6dfca63f3f910209fa8fa44c017aa2c8675b721b3a6e59cbdb
75d6f655212eff64d50b6f5b729dc4bbb59f7f2af4f042c78abcfd03f37f8e4d
5bd9ae16acf897982f64c8811db598a94184bcd9c53ecce369bda38ba7672142
3f08dcb8abbbd3fb9ca20ca5837b6c05b761cfb76b3188b3a22518566544973b
6942b4e92b3c07ba00d5db66f0af2ae7866322228c6bef9c2591e6f246eb40f7
d73554339257f67ccb665015773472fd41b902974a968ab4c7afb404eb64e494
17fd2521809a3bed29b11e9ab73358b57b81288fdcc25c8083391788d25c9c56
009fc360b6f2338adb67d27bd426253d411b49ebf9b981c3169945f0bdcba612
ffa1ffc726e61c2003dbd36585ed8b34a78bbed66a105c47e95728d6258f87cf
769381642732f5e99801ee5c759bd84983857bddfaef268d17d27e3ee228b439
1343d1c70de159cbfc3e9c4287edce47ac67fa72fd72cc3866931b84db248d90
86c36593ad38da9c1a77fbc7af26d1b2de4c04f6005457a449137f1e4949939a
aa82ae2f7e356626feccccb4ea5527b9fcd1b4fca91ab272728c0832483362b3
44c710bed36d1f110d5a712faef866a6b6fd7785676f52bb0fac33caa1de5f22
68784acab9ec94e91ad5da977523602117c047ad79d7d868f00a9777eca63677
005c7fd68829f8515fdb5786816f4042f4346cce50db69be0055b34a2ec09a7f
ac8ecb0cd2a3b2e0acfbcb2bf891c10efe21a3bef241bb77cd05366cd5dd0b36
307380bf43e2afbe4e409e1f82e0c3d2fbdcdcb04150b6850dfa36e432b0d4bc
40487087f59733086fa50f59d017b72f2234f4dc6a5f3c093fe2c3e4ce4db2ba
a4325847af1cd3c6475db133a67925b1221fd921967d0013e9254563062a34e7
25ff64d97b2a9b8b9a3587ecd23985481f1d5481f75daf2a9c65a2bb78d9c2f4
3c2c141a2a87f22a0d8e9244a83b5f5778d54f5e68a62335069698ae64093e8e
2ea94b12748a1551f0081f7c6e551a3f6f6a9b90665049084d08eb200bc7f7cc
51a40dfd676cccf7345cce4fc6f0618f3af5ff9b48e536017e831666c1bc01c2
d1e16c04a7b22412382211c22689e5ca9d89e3115050b01ca13b6c19d5895f80
a9c17d1601ecc9d36366ae6a970fd5df1be1ac6eacce04c3a256f8185cf6c67b
47a30624358a5d9404a6e62d07522c13ddee64baf5ca1d187dea34ae48d1c468
91e68eedcb0dcb4ab9af46c2a5e1c7a4f7a07350b78d56ad11b7b74461f305a6
73b4d7f7a8fbcabac4f1cf98d5530ab3872d88fb98969576cffc76ff5453e35e
e656d7f3e886f88c005c775cf7b27c099e7417282648b763ff4432cde4b5df81
a5086c692106296fd425e8ea208efb57086431406053125e2f75a11326a6ef28
b3befb3ec8c35b35c37da5d7b2aa46bcd28511ae8e4f59a9663d0e39df79459e
768a61052dce6816b5cfa321958bd9a5735734509d1cf2e3a8a3a705a50b1e18
63e0abae6f061ed23fb8e438458593604309ec6b0cffae6768b7eec176987cb3
f9694743e708b63edcbb52c191d6a5b87c5187f497db1e69bb7d1a394d32e1c4
d5f4a0e10e9ec6b98c3e9a08b0ddea59c6ba5ef4e619431e516163dcb4e8d203
7a677f757f0a9cc7d77ffb0df0b31b4f6771d675a90d736a0fe154104808512c
dac2820fafa89ed8842cd3577ab932c1517be136c68ae9d5295fc8b6731bd4e2
3821ff46b1f315284aa685c2e19f55d0a60bb5b93757d46febe98ebef71bcfe6
d3cd61c16ff70ddf7f1e8ce1d1bedcd573fa7baec74ddecfc23f157a360127e3
370f5243e06f69cc2cec8c26ceab794c49d5ff1e1e19d466ae1c256bec9a04e2
582fac424ada393b8aa965f4eda4c58310afc3e6411558d68c7fbbf4577fefdc
d2aebdc2ead9042aa8f9c35af266cd7a8ae85e7473fe0920c3a77f753cf9df68
a86462622757529d38e01c06c3eb52c16b35f29fb46af78bae6575b65a71721d
3f3528ff909b493c08e5270430d33e57083dd8070f775e68b94c3feed3b4525b
312475dbab0145ae20f79a1a4b0fd5a1d513cbdb01cc0404f351f9685206a39b
57312d8ca2eaabc5b9c0eeefdd3feea9e1e2cb5742df77c2a5dac42e9175e6a3
63c1dcf3427c42d398f001a05e628b9fa01396f7be47dfaa808dc4a8a94dd60b
7f897a3464b12cf8786c8c1b4b931b06d652ba9d9274cae628bf9244c7c94cc8
4689e06f148c0fc2ecc15a06336a500cabb6eef5107af830c3243d78e6f94607
d6707ca758385f1922a7aee7eb1887b7722a3819e3717259e6373ef695e69f80
34db81972bd7a5a598a2874c35080afd01cee7cde3e65607bce0e81b5ca2e87a
67b15a7a4ede623a962b90e13ee62a4f478f1045af85f63d3395228a99bc3f17
a0ac457d128a6b8a267e39df8393212ea320662afb50f2d1cc27fab3a1b0074d
d56e9a9e291014ff9d30d5ddb9f4925865cd6c098a64528a9e9db2baa2575e1a
bd30237b9c6df4de3dac610d706a92d1e5a9e923ca246f063d509e3ee9af6b79
b2103ddcbf573e14e70bf2b66475e97b7c4ac9ef4c759b9afbd105d7599c85fe
45ab0bc60220215882f0861cbbfd216a2365888ccaf017e1fbb7cd4035a9cfc6
5324c6e2800f80ac5bf97aeef8fd9d6169d818c4549eac69d5b993c25c0d008b
831b6ebd05c754d47f06b5f1bb3b453dfe0175c5674471468e5574bfdbb442ef
3ad26c6d4e5c50691fae32898b78418639e06a07ab38012d4817df480fceb817
5d32eb46fbcaf5bf78bb21b9d7db8228633623b2bb4824c7d1ddaa93a3710a2a
3a8a630f5f89028b468c93d3f6a6535cf8be4c06aa22097a737a5b5b01909fde
d13482e9bff3d8624953c8ba3f5f65f6702899e2449483b10d12ba1e164d3ed8
c10ca96d6bc70d25a254a14fbc74961053a4d64b86c58fb378869769cfdbbbf8
c2ee549273f9354844b791451a1fecf4f05a776a37b39839c72dc18bc1e02389
3381ad6b2a0d39fbef60a952d3baa4b0dc8c65540c66fba50710333e4ed01f29
d93bb05808dbe775ee44c8cd78489877d3d6c3056082ef83d9f25a9a94401e2a
699daf2ac287b395c1a398ef9d5931985c96a5178d442116e0c9d4bf1b099fc5
8e355b65b82fa79ea1f32cd36f1cb92af15df6bec95cc05aec64b257f7c71415
aca9d933ccc319c2449748e44ca4cc942ca77a39fe243c75b3a12954e2b68ee1
a76eaeed276e89ed468e019dccf8a93a4115f9f1cd50bcdba013cab9ca1c2476
46c9d1df8381b1e8cd0895f2d2cce85a656b9bc7178e7488ca5c49d2fcafa7a3
bd23eb36c53687ac1b5b0fee1ef25edf17350efbdfaedfef3df7e2b6a8d1ecd0
d1318bf515e14d45a053f97e9e41153f2fac0da1fa3fdcd1a133ff4b9821af35
2131ebb2c5e9a2335fca0f255868f5a7ded67a947ed52da0890dd5b1d2f0ba7a
6a27eb9ab4582aac7d593369c2975b31965af1434e1f29cba625da3dbd509248
da2d4eceba3ca1c8bc52382ab0081356c1e528053594ac408ad7ffac7ba2a1cc
5950d75bf3caa2db692237d6a6002f85ef3397f03b9975f275d8254bf57e58e2
91a992f89d30179acdc3b92cbd156b559e039bf2122db268735f1750a1db6801
0e43d985bfa643c9c7851164f72c77a8436c3eb8c2394a686c8ef46cb2bd923d
3f8d87f919eee2580440e6a070531467b0a0a23e5c0c28a15ba875493f899da9
10c127bf95d3a699b726461f491a99a601c006cd955bd14353ae9f31706edcf8
95cb4bbec7b2492afdf994d546f82c4b2f1b1861e071f7c10326d50d2d132c99
67d99eae4c8d865a92b3a03e1c7a92aaec2bf98ea55bb88d1b608e8fa2cabfe5
9f82b8e8ae1ec744cc8676d8d7ae385bde884e4289629b44f07ccd33ce2fa1e0
4975022de9a28c58a7088ea88acfd50bb5f1f2e916aa9e6e865ab17b8e79ded3
fa72a8d98c8d5b97d5864aaf182cbc2d0748d51a16067b30b9c0cedcae2e05d7
7fba2d99b86ca181dbd99ac572e9aabbec6c333aa55e2fef6e2b51eaa91d9a11
d8c13b3c3b4be9f2f8b690e374c8163572439565d1ddb7e70363199cc0531d76
e67127dc1a5ac47d10043371cc0bc5a09b7736128e74595eb2b2db7e6920388a
0281fde0c1dfe5f0641f4ac74bb0e02dd0cbee4083883fa7d496ea02862efead
4277040e9c175aeb74e4d2cc8da818187e9b8457e213ef4e6d4e9a63e538b5b1
14d8990eedf02dbca1e7ed06fa4f85a3979b92bf027281408efc7be507c8ea2f
f7841663ed6c8fba82ae3a76256f9b7c78f7893b55399520ea6033da6aa4fc93
ea9d21c9e262faf8265fbad9760936c4331983596da48ebfbd4b7c23a5ea66cd
e2a44356a09a8ab93f83232f3cf62749d0e4bff97c9d24cb0d8acb0a387950f6
d726463c0bfdf452b8a07db4db65d2b886854adeffc86b984b55f14fee214e89
914abada88e5b5b2e1dbbb08dc1af273b5766151a1211cf8646dfd8eaad473b3
553eed6e8f2b9d0a28a5f30080c69c6f7678bf7688221eddb71a2429c8171419
11f8c5f2ec8fb4fc11737dcc5e3a8c95ddfa10c4d941323a11a65b19b56043c7
2625ddef6a068ab123174c03f63cb1b1e465796332b9dc4045441261c646bc12
e66ab05607977a2c2be24b41e5c6e85ac547b90fa4ecc0fd7e0d312fc654913b
7987d5f32b926dbcd49103234c16b508e6a7a6dbc38282078b1368ce959c543c
2af49a11ab365c3a70557266d7b610cdae4007944f20906a21fe9c0ec72e33ca
132a09a774c73ba87b82b0a373b4e0f7439928a3c4a22a014ae04ca7696648de
410ac5f4952a78c2b59056883afd855745b68f36c5558f33dc0221445eee43b9
d9ce6aecc094cd34b4992a6ac6988e2099dcfebc3fdb1a09a3286ccc179ac7be
3fcb88aa348acd1334cc9876173a208dafe64d129873fffcbb2398f564237013
d67a57302686d671ef33b696f52587589d6961f41183819b2e7126e15793a519
c497ca9ae93db5f1a800ddf2bfee148d898f3d00f3a4f15e3f0bbfc251f42762
83b0785d0f7fef14d65dedca16389f989a758d9eae40f56eeb545eb10c9bf927
2a26114bb3ea25f3cb95bf3630ad3a598b41b4f3fa8d60f4d52fc2e4278a25d5
709c040f2546ab74d17187bc64f7330d91cab467d5fd13f91e26362341997617
df75464271047899a89efe34e9024c2dd872cb252c09bdb2d8dae48e508a2bda
24850af832fe42b81454b0babbd295c6d382e0f8a54ebe264a18ee3831ad83f3
e58d5ce95a1fd472cc2d3b80e44b7a472e0968af49f9c2a0bf5b60747b013bce
146b6681f3f820c88b243c428b18bff7f03c79f6cad929b9de4bcef3c8e34dbe
8a70b6ac932c0b46b9f41d09930485bce7ddf3c50674a8c7aa9fe8eb7060cf7b
21b2f6a71ea493e93b111e914fd9bc596c4664432730ce092a8a8b79a38e1c39
047d5298ce0f82678144ae5c6eeeb8e7cbd25c85700e880c1b726adfc75a5569
8e29be55902fc81ea1ca2161006520fcabf9d85a24eb26c19af7eb3dfb2b58e9
b6d2a9595b01f8587e71cffee79b673aefea262e3555e5651f2d314fe9a9b55c
abb2cae3f97df14ccc248d92951140b1d2207a35547fc7b185cad0803c43d717
1e659e91730241ab1acbe4e0252d89ac2c0afb33ca999ec807a28c863fdbf0af
7e16447f092c65c43cfc17c6e1f10685f3c7bb8b1e6caab1ed7c183b273a6a41
25291ff07c295cea0fb78df1dd8cbf3a7d3a21db87dc51eb41f7b4e2b7c77fea
ef25f532c0e5dbf9b71cacada96a5bdf7f6b5c5330a45302b899196ee5920f56
42cb69bb6b3c2b02691feeea7138b6f0f8c6fd56802703138902604df9a97162
714d85e20d6fc02dc56d4d1173907204bf5a7da1f4423d4e6df0150301a58421
4284aea0f84b85b6af7b4c7458d701db10639ecbec5afa6f9b83a9190eaca4a6
354722fee1ffaa9a0060269ab3a4b3c8b82e2627245c0ebe824969fd0b17b15c
db981c544b583600a61fe3d85723544fdb453a16d543bd96d43430396aceb2bc
2c65030cb8c009960df3e376250f5a30e76bc0d9d56c1824d036b7a1beaaec3e
27485b52c96dd54159fe71bb82a904ebfcdd817af1a6ab8c24379cd95b131826
584c23743306650823022fc6a5714744364115a1263db1996dabc2698cb51dcd
a8b831b086865ecab6282dde23f1fa0789d5b23e966e3684e642edade952cebb
e12247032f8af0522e163e0fd3c93fd224030793472d973800ab9f3f600b69eb
e80a378d7743af47683dac2712e676cee53d086324de92d2f799aa6fc0961108
c316c6543c5cf8847f0de7586dd0e6e087fbc2455b9c8db79829aadacc1b5257
d6627ce47b3342bcd8ee693ae5285cb99aa4b1ed6a06dfe118293db643ca5d4d
2916b070bfe0827e9c0c9bb5bb374bf928779a281d1fc484c54003d799301b6f
ba1b39c61b2601b493c25023f09a8c37c5db8cbf9f2d5708f2c87452d3a8a9df
5a228122f847f1aebbb0ad7eedcf834240c1a6f8bea8120f529a6c6585d814f9
1e8030bdd034493b7c38fb0fcd35f13dae04103b3323b85af1e07d3bed4bc91b
0a0921966512f9494ce4cbad0719ceb6492f98fd5575cd74944fe19486886554
b23c14c0af24293c6e6a0231520a9777510be5b259a058fd7c85a76449872b17
18f3bee114886b7a566641ef9875db2a63d7e43f4bfe8e1a3fba68924f930a97
457a5cff39ad51ebf6de6408cf9a872814a0d35b09e1e046058d7c39c1b7142e
3f16b2c5046b64bb02086fb9c2ac9247c023a765069bd598e39af8bbeadfd66e
382dca4d944a02682328f3884a414602211250d77f21ce34678c0d50c96a3716
4973d5b0f22c92661bd256956cf0f40614efec7aff00e811a865ba355039235f
a0c30974aa5303ac213bbd28b3effb0bcc8714915728828209ceeae358baecb3
2d9b4f1974ccd72c1437863d0e3bc720516fd47129f0f7faf6e32df9ab643e4b
c7df1231cbc1a1b2634fb7a6248255f4f3797fbf02f929218750538e4166734f
50e0a07be99e768c3cb6e9e101f507119c4eb5798d6ccd4f1de65ece4dd7ceb7
ac523d8f6fb310d8ac9548c2fde2b9c8f054f3c34eb18965c7e469702bd28749
e9002b96982b2e8cd4752449474e66b03814e5e8224a209f15fdaa1d6fc33a6d
bd7e73f06a8dcdb7045e1be9d7f3c338d253dea666c1ff864cab9fdb0766a004
3d7956b0720e8ba97ee2130ed040ca4ba55b834aa6c974c405c54a70805090b1
27a39134e4b282107c6bf5c047a240f4c6fc9797c6d7ef7ded5b9ce43de0aac3
7fd3c4fce507c099eaf6dc7ccb76d3a21d79869f62dcf5c9e5e02fe1e3da5b3d
1f03a771a9bd7ad37e33ee762719917fa4d7ce57beab825e113967b2f3f12a43
17d51ea7f2134bd0b3b75c888dbab553d724d28742ee8ac8f569e279fc260563
a202d23e2c30b652855daefde2cf35f2aac50c11a53addaba67cc47056a6a5da
fc9f78aa4000ddac1ab832f8af2cf26813cfaaeea16af16c1d033a9c941da892
efc52fc3ac64154d4b29fbebaf47755846176f201934aa9846648f8dc8f9176c
e99eb498e8e31f4360f175b1b1225d4b9081c68dd6268ef8e9925637bae2e497
7f5e4a33d35209ef3c832fe57664545b0a5c67991bbd3f6576ea177ca7b18229
0f4a37c5e4a2a63aee9e14ae234d2a59fe8627b60347d8cd0a8c11f593dfad42
711d5ee787f6799cb6a49e719c3442bebc3e12c078c819c54d285aa88d1156c9
8f295da09d8cb0ca46d353eaf779646f4da98241941fb7280eb848b9778a2aad
ce2227991c2adee619842f98cf96b6b19641459e07ab947b391fe7ed04a23582
8baf71db2f9aa134ed726be08a53968309a09e364f81e08fd3e4f7e69f7b7a80
f31ed0e0f068008a015133805d1675a408ed429c94f05a1232d7ecf0ae0bed57
c5b8a247694bda250503b246a3c1b4d9e366ff6d63388a75e47e592c97a69420
ca980f197cb9ae334aeb5a37378a265c0b259369e06535e8191d722d9d857fac
bf4e6ab2f37b42e8ef86f261ceadf51073fbf7ad04037a2cb296b92ca365f5ed
b14ebebfe00c6d8990a8ec1be42b278e7b9a7874e850364ac5e175d1ae7fb574
795c0135f1b6ad797c282b017e0b33baa454f7a4a00dd110e66a74554300e24f
fdb3dcfc0ac330995cb723f87c705bca73049fd7af6d0acaaf544a4ca1d45a36
5d489cd3121b1894153e1991e56e9594e2a5a6457f7ec76b24746c1226720295
f132d291b2f77db3fbd2fe5c580c9153da5bc64a33305ed68635ce22e266a092
04052b1c004bf0fdcf1bd2a8b6e39fe2e9dc9c349154ba344a2d340a3dda4c9f
3964b44da9a1237048c96a5b35f9c46820b5f9b45b4c5511c0d26bc9a16a49c3
8a7b4068e0d7d9b008491088a2be34572af03218e1d870cf199460b4b780dadc
6204d47edfeaff67f328c02ea5f2496f88dbe7b5acbbfc3b2da256258c027b1e
a1629ecc07cdc6fb0888ac44d853339534a5b3cf4575911a00237105925e4eda
ad5a8f27f22023f81fee9961824ad33e8c36f22a60f6abf2897310025a02063b
d5312fba5f60288450adb5d05c7ed98d55dcddad78736f698fa7f0e24d1d3436
03e1c851126d93ca1025842d03736ea262a54052efa109f4f78cab4c5c0aa939
5c3094df5d34df4b4faeac66c394051cb1f00bc40c4b51344ad0951dded9efc0
493375b710a5cd1c650abfc322aac516f1e4cee12ffa221ef754db393955fb9a
2d080c9ec5b7696ab8889f782f0f7d07b256381cc3e073354ffb77638b3350f3
9efa96ee63d6ca1b5944bb303ce7dd976d3bd149767fb2c0af5323112183e415
ecfbec35bc2da4bff5dfa15d803ce27f15ade95ab6c2f33e0aed5af56c37d10b
802c2a8937b74d10cd1d35f9aef542e15a0eea7a925fe77666bfd6e6ff4a658a
27be2b99d7738528f1d16675beebfaad253c40b5c8f05c543a3647b1237f3147
1d6a9a4b0df57d22dd87effcef1a2f22c19e3a7f45c9988bf418782591402065
2c333a8e4b295963bc0ca735e7090bb1fad99449c377efb7d353b34fb9a70ad4
688e961994642fad7f9002c0e08ca82ec94a42190f05a1faea2ceebd29b4683a
849ff760f87d8c1edf4dd308bbcb2accdc5c51f62fe6312aad7e0d17bf2dc378
b673430866652d1f74d7ae635c5b14c1083dc86f3e2214a11dbf80bbc583f8db
e7e0a077265916d4b6086a015f401136c73a1541b8f3acf48114e5d1decb23ea
2c45b766667dda95e16b0a756b5d3e25d0b974d9dcc9c5fea9c7be0cfb63b90f
1b526fa3e46ea4d9c13cb78780350b086c6a7f5c393897074b36935d4df7c92c
83c2d3e8c2fda951f13b70ad3da60a1889878e430180895df13ce5d2ebd0d18c
e1bd377035e989d737b2c89b4acc20c6db18c07a34b27b79fe6e6d69b210093f
d7022a1d035d24994a668c701190aed505b37487ddff4ddabf6322a806a54604
29d9f300a3bb11c30d025303deebf8c9065fc2540b9fba1037122349ad3f98b4
0dd2f4da26721f600d56827d4c9922e6e1ad43297f5cae6b2444e750218bee8c
4e091e563eb1590397b5f12432f1fb7aa4abe8e38b4c4320ba18c2b4ecdf6481
4a3a099db5cfd1ec1b9f2f2cb39c093d7c093397a0c4bd22a80e074e9bf4d149
e940ebee97d5801457b9b5ea10ef715758b5a2667d04cf6d035fd677056d1b94
fe442793ed287b352b0c330ecaf4955b9aee51bb6e7539e0e2d592b634af186a
b72ebf6151cfbba9b9ffc5053ea67caccedec1fdc583fd209a2e0e835007665e
695507a048538acceef2ba63e55d6740e92756da875063669956303862b26860
95cf18053643af06deda9aeef8b517e0f6c2444058a0a98a11cd4cc0b577659f
d3780af43fabb161a1ff43b9d7dfdb915b2b15a22e6a0426209b5d6652991494
23baf5fe98ed3793f23f5c388922fdeef5fbbf20f3b01e557fb4076ffe8cfd76
fbafb735cc92710f2eca4230e702e0c7a1c8caf713c5e46a45224b2f9efd2993
c244fb2565da753974a731532fafb05c30bf21bcc0edca4e87a9318987df238f
588dec7e4901a80e2aa3e28378e1831f50499a228cda60d6718a5e925109594e
294bb8981352d5ac3081890b56f6481324153d0bb9a9416904c4b2a5f08e4ac9
9bd119f4a78fcc226642ec9b56342143a5a11926e054cda1bd9e0fc525c10d18
48376cc1aacbacd406bc35da31220eb0a465281e61dfce83f7f48c0266320b7d
c8a96cace105468b41ead19e125e74c77a9aad568786000a413fc8bb902469a0
ea5b658f17a9370ad93db70b3a50a19f7eac4f22b7567fdf2997ab557e241b06
b800a60c694e535f63a131cf7d258113914835c8b0568fbfa8f853f326dd91b6
d631ca31e456417530e9aa63cf00f07670a137cc30a0085b0bf16804d1dae8c8
6552b706a6c38467bfcc23b6809c23c142b641d2d8020fdce51a1244ea6ed729
b7001c3b671296cd69a42d71709fc27fb3b3772b1e0e4b1be004032a414eedbb
e553c6ae7f0f6a75f6c5427749075c686bd51ed0793d754b70ec8e1e96baa8f9
c26e77ebe2c2c63cb815516933b209e6ddba624886d2876d4809e1c21b00df84
0bd98fab2210027455473e9724679ae02445ffea57566093d899d7995c779ad1
71a9bb82f5428b2fa2ff7c59db1b07b76b24433f41cb73a4e735f5c83a0426fa
29a42a3ba0f085087a93f6a57ab42a2d712690a5beeb582acdd72cab6a4f932f
4b470a8ac90a7b4f4b1ca8e2d467759b267440f931619e5338088e702c589c96
6eeebbc2b81b312c6eaf889e9ba5ac176350b60c213fc3377b06217e0f86aa21
71b4049cd2744dd6e669e7377cd4bf7a391b03f7dbcb86da28277995351d8c36
4cd3a29174924c6d86392c000858d2f8e4a22107cb213074d8553a285346e119
b6f981de248d6a05a3614d633d72ffa3f23208ed60d14807ec1d2cae3236a3bd
ace21139f3bb5b26c81cf5274643debdd42cbdf8dd59775aa1c0a10946c8f854
39b546c628bfbc4896b7b47934b12a0bb1d642be76ce1567f54c6b5ad7340b27
d51bb9382d9a872199bf3a4ffc05af31e1aaf6a9991c752f94e01eaeb3db2ed8
278e9712a359f2c0ea65c0c6684c80c9975563a1e65b9ab6827f98671c237ef3
c3ab5a687e5331989e25f9553fd3e9d02ca8c501f1b8f46a89d63ba94f00701b
b1051bf05f24492db72ffaff252d5dc77c9ed67140cb328755282662122af55c
958904c90f811872bc68ad8c4ef46f41d4ec65c7e766dc496a15e3f68ac26d2e
2e9382a46911886d59c66d04a64905758cbca3db65537e0e0f09c76dcd868844
2a0d1f3b91e2923b8b288101b1a92afaac5a455c7501332f9288360cf57ed101
0a23010a8ea45dc4328b754572791d47ef30b2d97a8eb0722fa8bf59106c12aa
5c1001dc1b26316fc1ba7cfc05d748b56461d81cd93277767104d1f77264e0ce
0702f140c47ce65afe5a02eca1a3b186a2b1847908eb41317b48648b202c4a70
1ae1b78f2153842585ebe4f2a892513fb665324da4f1b3441c40a28a04192661
4f67ada28f8acf11d35928ead1df0540f8284902a6407cd24709f57ac3601588
5d3b9ae5120c6f5e6885ffffe306c7330f54b17d3f0b75e126d2cc28599302a9
387b9ee9589cc3ef21037363b94f084b6f05a514f396b66388e825d88180f2a9
3eff3bc8e3847da7958595778bf88bfe4f1a3f3be5e2b25a185a24373c9171d4
7235c7900fbf34b26a9489accfdd552a631f6017dd8d7b6ea7661a62dfc9a2b0
7510deec0aaac1d7aaf5ea558092c67e3ec1d22d7e8133ef56f5a85b905ba8a2
cac70b991597bda7d79478c67958932933bdf58d48283bae8bc563b13e48382f
aa78795337d5fbe7ce28363ff883a9d9437e81a91b87f0b67cc2ae8a3590ac13
230d42318c97363b06bfa511324b027354ee1c7fa4474f30a433e22cd364130a
5098a5ecb417685e34d011375ad642471cdb463f4978b4f99f9fff9990eebc6c
63677d8a3e3c35c75663aacec1ea3cbbeb9bd44a0853f569e87e6559ac7567ad
427eb9974de584d1ce5f572154a648e4aacb2db21d2dc186c8e6fa11a4fed59d
82caa98a417b655a4f2a6c52b3b49a3ffd47df5f39ee0f32a118b3810bb87beb
8f03e97e6e47ff302f77cea21da86583df4ca7024eb0b85f230906370d4864f2
80ab688ee9ce7f1d34610b2fc88ebcffb59de45efedf1ac56875d5bf0fa90d85
0d9574d067b061430f1debab002abab43dbefa3a47039604bd67c7d6cc6467d3
3a6ee05c7da904b27390dd0877a6a0c487d165fe92e4bf7fb71564c90c91ceaa
7651423d85799f08a5661c03cb5e4cc541922e8c25c892b17edd1946184835c3
da88c3c6de38879f14fbe5cfda6ce8e2c2290e2023a08ba0d18a5aa8858ebaf4
d689b0982d08dddbc19eb37fc59bf13088dd3c46999fc55bc920108935f19934
a35694c692dd69134a292c49dbb43951b4e0d8ffabcbda0a18db6ce3104a183b
639c1b1646963fe77bcb2d2295b9d8a0dd407a19178f2605001d9bb718dd9337
4e46970ea5896b345ba13f891c6e86c8b1b53403849ac45f50af0e34d5fde774
34e9b3c260fd455ed6fe07695dab6c65c79eb579f66a966e8fea9f1985df181f
b762e48c3230ecae53a02864dd753fb74803c9813d16fb26ab14ea79802c8293
3b8289a3d8753d0e429d816a059f97affe3a07ac4e3411a100018f9e41957d53
2fadec6df30663aec50f6a746c4248392d564198303598cab9c0a4f569d3e168
c908a4e44e0371400324f6b5c0c2ef7e5f267e2ca192862f079a70a6734d1f21
36daf035f38c12d5174213b125463b954036f187a93378d60f0c92369d03ff76
cfde2c232e14d2200303996661a482c860fec0aba61133f05feb3e3197c0cd06
308225354ce94f68d2cf016e8b72948b6e3f220bc3feb7f06b433614ba46ef2e
4f38c6fbc9a88ec3dd861e586ff21d7520dba1f83b85f2d45bcf45d29cd2294c
6e55752a45c11874b3ff82991586f8ab97df24844e3ba40b88f0a9f2bbe10b21
ae8f5412d979b60520081a3d59b601e60a1bcf8906f4e5134ca886920c5dbd7d
1f7e906bf085d3c6815ff061a30c0948e1a8371ea2b3171cba172d7a93fd393a
6c983010dc3ce96a4be8e50bb118f74d3fe2561eb8b36480c09dde94d4c81907
63cc0628521f169784ee0461f015d4e47df392b2c12d18a19b32d909fd5b1ff7
e6d9a6e87bf15354b21687e643811f83b745702dd5e38259cedcd9bd458aefd8
80a0c18fc20ee7790538652aafe2fb1ccdf434a0b8bb1ea561edaf96965f122a
cb3f193bc9445d358609bc950dc5e62b0957827633b562af6216025150d6d3cc
3462cca37f87b8617d098b147d30244df53ebba853856837da68c90d0cf8abbf
a9992c73908167a46be20e645bd6f0af47e3bbfc56f4379e24e5219481b3c6be
7679d9aac239c6b27863c8c321fa24130fb242c0a176c18873e1c889694d1100
aa33af7b725018620bfd60f0962605e7b39ed066d3ffaf8e2fa47c446e2c1222
a9af092ecd9ff2e5657180dcad1d373e74ffc9e75901157fc57e52c8cd282cae
34cfc5b21d042dc2371b21562fd1be94ce7e7136997fd833afec1e4d671ad508
7e08177e718dbaff4f4b9e0fdcfeaa56df7641430558ffcff6b0e111ae0e862b
8f338f63cdadaea4cca47631871db58c29607d894985829c937f38247f6d834a
dc9840b366c4516cd3ed70d27b6931d8c29c3512f8a903fb2733d0b5a38de047
e7f988f2f970870f2615aa39836aed3b9ad0956c68544cf4c1a9771b9aad4b66
81c63af7ab8f09f54529850b957d9ee243f983dcf6fc3bde71304769fa8d74c9
2211cb3317e03f6fe1c1b5f79b85ec1e0d140655e5a2159f72bd021ba17d294b
e3065d651dfcf595efb1e1edaf7c6f5845f82a900b4dab363dc809fa37125f85
73b775e4d2b49fcd6bfde88fdfac97205b114f6b8a12e58ef7bfa8e330a11289
c860eeb98ec2f6ef162ff7d1cdf70facaac2035a524659e007e734ea069598b9
730e1343d55f1ec9cfe8b46f3bf05ddcee39d5103922b94138feb7d9246ac0ed
2425c176eea5755f2eda33f2fe71a5ccf0fa7653e59afb65210f3b74a077cf77
b52278d084b055828dbf8a8b0449955de75cb201e686ebbc222da39f2e8672c0
cce0fe0ff1320f8678b65d9a501cf0b20680fd2ef0e65143893de90ecd7f66f7
59f8821c912259ae4197a3f15dd2a3718ebe4aa06b5f52ecb900a1f16f7e22b9
1be25bfbed69fbd6791bae059b995b96e0fb8eadf9c8e1a627ad9636b33f5903
b186526f303eb106336cc926574cf6cd0f24099d1cd334907203efd924790b51
68112f544586016c4b16d0ab719fe23392b33a32c1cb22dd1e8d3a15e46344e2
5a4fd1e3c86f77cbaea20048e96748f6c2483b857e59d2d0bc1ec4ef48350596
f2427594564e93c9252fb8c98339d68158df8b64cf48163c3b1fec16fb11a6e1
0f2557c77e3cdab8a78bad3ccf34cf3d61991d070e87c4e31219566e4c6680ac
753a703f69fa6281d8a479032b77a6e32d2ef8f8ebc68125ebac8a4b65e87a8d
bff839192cc40bce19fd41bf0960275b87ee1917d0f932d0af5a071813e0d101
b67925d88b8097a4f60f9f23d706fe5e533dc2487ae335c9e7bf1549ee7a9485
f622846b64fc0a8f9cd75a19c0975d48d2f6c232613ac9f64da1f61cc1d3b653
9c8ddbadde7a9204214cca1f64cb2d9374d75d85d46828228480b5d552c4d98c
1ebfcf77039c48c53576ef529a7ae59efa988741dee13775d60e68f5d39633b9
a18a84969dbbe561df1717adbc3a49ecca9fa0f8d3cf851f5734d5c854f9b537
bb1bc1d9478111a2191581fd2839cf7a07c14ec6803f26675c07a6a7057c538b
f2a7b50ddd17238a2e382250caa8a5a32070bea7cfcf2f11c1c55aa695c33270
073d35d50b2131f9429d7246d71b7d4909f62d57ddf3773e1cf9b2d9ebb06739
f260fe6ff29cf427e14ecada7cc8adb40dd5556d912e6b21b942cdb024408c99
ba682438e21b92342b70e7cba26815c1ebbbfdd3a772302177e14f7632ef725d
056c03059c13af7df221b4aa6de556f06ad8690864dca6db2d067bdb215b63ee
a163a372895326887f434aed6a53078699de07614ed5733e82b064c5fde6bedc
d68552520d5fe8c43830cbe70e616fab8f0ac8295195512783b3d089db92e57c
85139eb70416fe0ff56396976fc58bcab4cf25491ae9044184b9bf318cdb1ad2
910c87d044f5707400fc959a5fe3b75697339adf1b0f4ce322fad683942679ce
fa43d91cd18423ec0d03d54e5eadbf4e0672ec77577d2fc146bcbd3fc41e7d9c
59915301e6e68564828ea2b5e805b8ebe520575ec8bf5a026a399363216b628d
28cf884ae949612708c4f2d2ce958c27fc9b84cf9dbc68fc49c76a0928b2e48e
87341fe5bf805e0dd536bef59c638a9f7a45713ac8a4f45d7f2b813f7377f2e6
3be0bbb373afb4a61248fcfe3ec5070a759d72a16616a28d89d58360baee19b9
5b6c682dd193da5b40f3a27744bde8ba1cb6f2717c0975859a9b92a361bafff4
a9a02ad1f681aec18972d25c7a79fcf77a6239f025d9fcb188b37d1a0b5135c7
f3f07139b05a036c3ec59e65df9ad7889449390b469718f77ce06bb514172b0b
421768d90274774b6fd1bd83d2a7f5f6659c6e682b012f8303deb920a6829cd1
df06d2d3a470d37433ef1f20848625526c3626ebe62cc928d7339df05dc16cb4
5c74be30e769cb753e1bfc0f64f7ef289145bd624bb66644dbd4164808789c25
881e2a3a7224d13962047982ff8e6cb4a4546099ab4cf87c498a0afcebe6da0d
fc1e6e5ca6bca9d9b961605c7f66fdca86682f92136ce0be4f86050b6cdadeda
feaa75097396b44b6fa027aabe8e7e544c197e013111a804ef74f320c1404aec
6f834d119ac964b6db5600cbffa2a77ae0cbbd145c7c694e1726754a8454dfb4
cf98908773b371a7bcc258a691fa638866d547263ec0ff42956c7a3c3dc5602c
ed87536f5eb8ef3b4cf8144e29531d7e3b147c79f750549747167b1acbe9ebea
1912c0fbf5a1b922d89e24a518761a5ca65b1365dc556b9ccf4478f4a9b40ff0
e83b0a2cb8af69a285fdb3da5561ebfb69493a1b014cdc8f6922d287b275d379
c6d0a648f6b93455638020b141bfc579f0dd27090c41c16b52d27ec2450ec345
d1148c6bb7a600ef4c8f556bb9a0378b208aee07b82fa9a7c4e4b93b54f07f84
b568fb6a5bcd6701a584763c4a217d44bd97fcdf018f5dddbb543a345730cf04
0968e1afd4d977ab0a8933deee51e58c4779da5df28b62892e761eb44e78486d
f0962a9d9932de26426707d944fc47f5df2cfa32a3717b7d5c9ff0026443de17
c9cb891fd06f538e0557fbf65158dc28377853ca070fd5a252cf13324c26e733
f5ef4c8d855853967585352cc28eb1e4d002f99dfcfb9a6fd27217ea0556a96d
732b10712ca78c883929940c9b1f05cc937313990a97f934541e69e6f1f6d70d
69d465a9fd487d19ac7cade8366cc608cbde66230f995ae1f32aec946f9e6882
033b81eff462ade29b8c89bfb94fcc9386154d2be83e4232aef883caaf6954c6
bb1ce95bad311fd3f6e9520fc051fef5360706072e4af3dae1ee05dfeb0022f5
3b5ba89904d75615d297f8ba6cbc168d0117ec27a213e9289fc82cdd6f984b29
ab4006c3484328872cf59880f34153ab48029d580fcea6d10294c20437865920
8f2981648287ddf2844df9a210305a466d74f49a0bad58796635b8cf587e6e5d
2b5766746a16d0d48025b060fda72172fff9284113ee94a45fcc3f63c3931bab
97f9d19674c5240c710fe78c9f5c41e85087fe70ada084fcad4b8cdedfbf9686
13e65e73d3cd2e282a05405e99083cc0e049c82e7439885ed343e10882d1240f
c7d93556880738b40547c9811a8eb2dcefbe55e4d7f48f4ae6ac4a9f1fbae1e0
11579ef0bc94637066cc4e73402a5980d3b612216dadf05d97370672a24c8ead
5c84b2d04702b755ca5dbae22f9d7d388370b1ad4315720a074a2de74de5d774
42e319057bdc037bcae955d7ed1fdaeb94826a80b43ee76c0819055515919aeb
57e5d461d078a9ef7ad60c596114db2c163f2744cd6f775dd65e54526d0a55d4
0ce8b238a74b49d108e9e583991a2f312a5e0ffcbdb83c1d79606ab784290854
fee102c1b164a4c3cb39c3268d78aa4d1e442db97b81a0bedec8c9bab73ef9c4
1ecb542961fdfd4e0f51cd44ee5853287efba2dd7a9bae732d857f9ceaff17c8
db21318ef439347f550609bc3344caad8e12e56ccd19ec39e73175f1b557791c
3275716e7889e5ef4e0a786cc7f680c1aa77cd4b0023aa2ec22b08c0cd7f4caf
2ebb1beed770ea6cb1cbf6404c270c2aae850d4de6c962a9b56e6cf43ef9ec0b
592c4ed0098eb7ea378659be72461aaf548da9c378cc84ba4c5bafd18625ae9d
9cb8b9c2266d3306b9d5cb924cdf7b76b9ff4d71e4cdce99a15673c197ec4ac1
fd5eb177c39117e0824db6f08f6378bd895db08c32d2cb58c2c1f3c654ad8d70
9faddbae1cd9f29ea43d2f724e23b62d8e533ed235ac766b97f60d1dd7ff56f9
30d438a4caaa8c5ba84233c9a989106ca16f6cb3de2798c55f44e605a0adf47b
eaa273f726804d8413cd1d576757c6aac9bc0cd7406996c08ca69dea5a78051d
597069b6bfec3fcd0cf0aa8533d8f9a7f22a9fa3317266f1fabebd4dc438b0ef
7c09443a79f42337c37e15536533fe5ac3baf06a129094163aa644fbf8cae6c3
ad2a194022fdd3797b76122668e4e75e9731791e3ba5a41e2fbd419605f5aa9e
665ab4adfd5ab56b41c96e21e058a9c4958eb1e47dcdb80ef1b5f1732a84a498
db814ccfa8aa07e1977fdc0a34a5ff96a2ded293d22b26d8bbd6285bf797b4e2
2b98c1c96bb60a7e8909807a3fae6042b4d8a687270ee991963f9f05b7545780
c330abf0758adcb3b9c6587d8e8bd04744dbe2922b8cd024a33db74c4bd5a8aa
3ea1df8f03554dd1e3b9de1a1a1eaa6d003dcfa4de36677002bfba2f17529347
9ddc05842ccb7dff271cbc0906ba328f7aa583c6b7accddef5b385759c277c81
8579eb0d556d02058913c99a8b1f0b477a8d4818ff61798435e0ca92a29165d9
745e274ac5124b26026a2f05322026a41326c9ce2528fc1a937c347f55591997
7a52615de5e832dd534c76fc3ca3767ff04c36ef5f4f7883c3e87819fe4138ab
2ea49be47bc9c2d7a675802b2654e10317c5857cd6e7b9200e2954566d492a19
43291aef5314336b0e985f536fc2f565a05cc37590d6949576a2285c61f3f6cd
1e439be9e5bd0758eb0ff330137d1bb08605a458957034bc4f24b333471a3aae
3ebb217c79685d3811278ae7bfdf401ea21aa423b5d4f32ad6926ea0eebe11e0
59c6ec3cf7f44dc976422986ea51fc187876cfcc9c9e647e6694e316ed08898e
ec872a3259678a45380c43a05518d8fe0241fefc94e9d1ae3507f68e458dcc4f
3ff6d90e0c4e18f330fb7ec2910976856226a2e333a0cc51a171d162db5c6ce4
69216a6d1cd6fcfe0aee32170acfdae4bddb460b238ec4cd1435264e8be12a26
6a6959d8afe84465b57d0a1edb626d21f7f12e836d17bcf1ce3c0f310b8f9a0a
964965d509275624fe9cd6e0938d3b441e365681210cafd955d6fcb9e16e7f24
7be28a24f870fe1713f8fbfaf422152697afc77399e2ca282f87fd24412b38eb
60d97734541c38947f5774870b016e940666b8a6ef793d657da3f2dc6a15cd75
66ce3d15f73ceb76f0488206e8b902681fb4a261a6f5a46009aca3edc5e1a8d0
fe4566acbb38a229cbf5509d9e5e870db9033e48d7ae44361243adc687575ce3
2917cc28964e6fe57a3a9d2525cdde3790df23c04cbd691bdc27492998021085
3cd6a31798220866b0c373810e2bf7d4eb1139dcafb38789c2049d28c7738b1e
1e7cbb7f48fa6482ef54f855b08c0502da0c61cf76fd5bbdc7da2aaed36ab8ca
ab47eb9e6bd7d248436687139d9c8fc969713cd8c1f1193cd8464d329c885418
b110ae3f758dfd8e037cab4a0739c500bb8cd9980de1e2f99157e4d91b43c8c0
07074fe90a2daeb2e7a48d10d8a74b7e186db55118622d863ef6274d8027e020
bacd5403204d76d345b9ced54d13b056a6e89a41fff97a80e2dde5a91103e0f9
47a86236ff8e758d710516283f9cc08726e50abe12f52863177b6bdaa149eb20
b9d1d7178db9c301f62dd0f5bb400606de67c6cf57f35e4853948457ad81a301
730dc1065cc81ab15b077597bfa34b36b2aced945c10c99f3217cc258ca33503
062896e0f9e43469c447e0247213a128854acf8c2c66ca22f40b1fb4196fac33
85d8ba29764d79b4912a698750d8f00ee5b97f23b27fb5387e48a4175e266daa
54c64aa5e0e1a68fa7acf5ac53912a3757dc339851b6dcbd6c13917eb18abca0
acae278b24f77360d29acaa4ee9b4542e754966d2e89bc3afd8677bd58ba0843
bfb548712768dd51ec5e2d88e42f2b7cd81f410e8f9129be5c01ec9968cfc987
0545d3e60e810e16755e05c8798234199a9cf6738281a9cfafd446b0a1cff799
e08a42601aacbd0408e7a6709381658dc5f112fc63a6e7988190274f7cec8706
86a1776e34518cfadd16e1cca19eb84d2cade62f15954d33e21e82a717b8ec78
ac282e1884e82d2176ad4fc0b616bfb35fe612786234cb86238e6a22aefe3279
b19536450f7f8478569fc6610868341f445a64aacfdba32371b14bb7d0434e2d
e0763fafe763405832a513b95c7d64b67a4ff48958224f64ab840275827c8395
e212bc0948ebfc7ed314f61eceeabd4037a3bca347565f23e8060d4fa68272ba
c11c34f90243a4f4055dbdfe381be17886c5da7244521b5e8aa5e4dac493ea5d
13009461bc7754dd984648fe9535219b7e4b8dd068a961a48831449b5d62a981
5546fa09b68a9c984ac91b4422383951dc4e3f1ccee8e8d836987dcc574e149a
e32ddd7d665e1cda835a807e175a24a6469c92c304a6de79fcb124f70a924aac
a4175a4b53968492d9c27c60fee8ab482fdd99ffe23e3b0ee8c9d399b712a0ed
9bc120d529cf8511ad60d33d6bcd3a1f64f6e7e0352de1cf41a8605a7b0c94ab
226224249fbd4ccfff6f2ee9d2122b805fb60215cbb3ecd90d616d85843c7b93
4fd116c60f922cb32e080ba76ff7b6669ea71d0e69b5a7e3400ce506b10aefd8
7a899cec2474bab4ad497cdc82d0b660c66bfe835164b8ef1499e049542c4a07
439fd0ecee569eada466748b5ee4c0db36fc08aa25aa1732b6498a53db3d429b
50bfbb66f8bf016ee998e370b958c6a4d6b8e37dd563486b1d51788a3f480bb6
6fa80396bd327866f42282c5a3c895fab12982fd67ad9a483e3703104dc04a59
58e679776142af93685616554ae0884de430bad1c5fca6ccdc6199e15db599e4
b9daeb2b688bfb18b4e5cb33920dda308553804b393ee1e2f1c57d64170a52c6
cf41d2c8a51f6eae53066c5ca157e339ff942e6fece2888c2a092724e4510b1f
936a592becc9a723ac872dcdb7d785246ff5ac22e3659b06fbfc12ca1eadf461
d4e8962ce00c33b68b5c4033c503aa84ec1731788469948a525f7cb57d166f16
5d1154f5ae31c700bcd6d5fb424f0117b4f16632c11890987bf77e6e737ac361
74865eaf7a103307bc59d3a27c7bfacfa5a7953a078f44aa87ab9c965afbd50b
e6940b307ce371fb6cc36f25c6ba1e82f956733143af9ec0c1f7974b81f493fd
13ad44ea1c55daf381736c690092b389bd97baf07f5ec5b770c859c569ed38a3
346ece55b797de91ded0ff08fc9c49f03d2d99cbc34f280a249a4949175fa200
174c748513756702c7361684185ce0a4ef480108cfced54da42706ebf8336167
38cc65ed41ea7f8d20c2b2321d1e28b3c146f3d77f832736dd945da36c04d2ba
8d35adf63e4ef8d5b30abeb42bf9f82da57f4d518447852fd142da6b6defe69a
585807957b2f82e34570359c566b223455436f54e33aa636f5f3e9a03ea85933
9a293514e1384ddd8c3f29e9f8c11ebd4fac19ef5ac5de43ffd946be11184275
853e9b0ecf6848fad7c24ba314b806f6c1a76089d36f02b010fc5dcfd7a5be4d
dfb71b966b2cfbd662126fd6b7760f54c75b7135fe0a9bf5a329e466def43ea9
ef2fa4e828ebaaab329093ae28815c3d9768ceb210c0c5b1dd586ebee2ad7e17
fb15c2539abd5eaadce0cdb2aeb49dbb93db2310f604902349e2e741a6e89823
41b5dcb7e17fe71eca18d09262002a4bb78697e189f08d16ff5aa34dd2339cb3
80a07e49c0bb47f5028c55f86899a3ecfc0dd27478b7d88f8fc52ce13f8d032e
6935ee97f368d6d63d13be1ba9005da6f47beb6ab58d4ba7dc00ab2b990d881f
0e08c5ed508e68a856f54a82930eda30ada7afb6217f02c7ad1851432eb7602f
1603dc2ea93621fd9736e75c1c6cb09277771183514c5fb36d61edf4b5883c1c
f942c00553d947c73e98127fe119c43577f7a201e16814fc5e3d24940759a1a1
500f769028a3bda945b77f915cc7bbd69e5f4b2b6a3271f49420258ac783ed3f
82124ab14ace4566e0a7bd97a509caad520c01abf0028cbfa24eb5dbc09c561e
70e4d9101c799e62e1f55972d637e1e9876f8c4c627e917014011ee8a0e5cca3
3eb3855566ac202906f5dfd978bf392ef39fcbab5200cb0ff18b7939f5247460
69ba41d521070f74adc481fe5b330d07ba964c60f44d1a9a643424a55666b7b7
f66614b7bcade3a3b59cf472b284a9785170006233215c85b4ece33d94468c30
35127b674116bd7f5340d60b4a08973ed18514ab1292f47c5db82e14b26d932f
7bc2030fa0e76c69dbf7f8c3b927d923a547da7841ee09d847f48c1dc7650aa9
9bb0fde798e71065ac81fa630f65d2787b507f876d4b47208d428cea53a889ad
44299f43037fe50635a589207636659c72a49ccc0434dc7c1c960329015c14b3
361c045296eee4d60fb00eb0c30ad9cc2cb0ce208abcf5cfe567a31efcdbbdaf
0d342df8b6c05fdca5699f825f9532f56cae00c022de81b86895340a0b4b6b79
766cc32930d82a2512d09cac8faafb7bffc42b5d68e8e10fb5be3b96d3b07a4a
45d21420897f3b7bde63b6e370ac253a9a23475279f615e7ca9f06bc68c47f59
f89eb3e430cbed523f2f9a7031b38be9ec08be15f7cd801c5e1532a80bcfd1fc
242d266c3a228bec89bd3b14a9ffa22581546e750c646e4b18abc6f849633366
0822911c55cbdaea22461f3f4690525a35c1ce9cdbbed2c12f06cbe4a66dc372
10b7b0a0d7167a4da5ecb13753aabdc559789f0ae7c7692375baee9da366d111
e32421307dedc3e3527bf2f6c977027b54a42d0577fae26986c6d92218f9f71a
7e51f2fc350fd590ed9d7edc9e782e95cb014516453e5d3453e293bb355af634
d3636cf36b9e1916a7d430070f14794f5a8212f3a86105a2d73b0bafb60d9185
d1ffe0caaeb34be5ae245f22ff086c979395668760e30bc8c5a0b15990953567
4c03e38a0e2d3e97dd461d52f92086c68dae783118eb18003dd60d3c0cf35573
f00032383b3d93849619a5a6ea6b336cdc1b8c43e8235631b56c7db3a2c450dc
78c8bd7bef0db5944568dea6aba541f053ee4794bffe5e56b294496ec92467d5
91c814f9eb339e72338d0f152268c333746db176bc624d4eee4dad4339a0ee94
2b910b1735083113aa4e0f1664d747e486ce38339c64bc44c3ae94b10147016c
da5516ea94bc325fdcc13fce607781f91cfb940284c25603837a21731e51f0e0
2c36b6af7f3d338bea7bdcc7f315249dc5b49a37560b3bf502c6ebb04190fc8d
5c14a42aee4c03555f8bd030efb7fa3970ff2650f5dd364809cca576fa882e6a
1b48c2bf71c26c57a3a240918f6dd2335ec3b3a18a002861986694e1c80d1c54
ec63d723875de7e8349e3245d87e8943df6a22073cb3c67e88c4d87e3ead19dd
77fae4195a2cca90f24b16e1414c13355424adf1e1a4451598fc972cef6a2f33
dfee6ca527a00936ee7d929e2885d20e19ae76a7e0ba4c974b37c4d7abf45e2e
64e7caad1c633c422b7fa631ef5e288539119dccc0d6d51f2ab58e61134d87db
85549f9d91537cbddb7e0399170c639f424cf55b83ab79ab39c7369835869dfd
d3316d6b934b09bc9e7e4318470575e23bce5495fb3b4b3bc300056e74f0fd0b
de50e5bca0dd05a097109f2db4297637f5458fbce781820be2b879096c8ae7b4
8303b32cda079b71c6fa5455eaa33435579de85a531b2cdf7284f1408b1276ce
78c1d70be84f317d355bcf314b1392fe012d696bc52da775e33160a07d4269c7
644cff302d6a50c11b81205c95add26c670db6b062240cf39f33de6fc15e3972
6793101d40bfee4afa80de52b4f64a59a2bd0b7ecf2cd07fbd67c109f0c521d8
0241e86bdc02755ac83c4e8ec2441b7eb154b104060894a91ab93b484c687ffd
59c12d923d1e6d8ea804c10029a497e64f511bd41487b3edcf1c2d45a27ac8b3
e3b0c44298fc1c149afbf4c8996fb92427ae41e4649b934ca495991b7852b855
327ff8e6b76668fa4f5a7696f554244f5fd378dd20d64fd77cf787f464861408
6baa19e9a803d41410c9aeb254ba94f986858ba9ffd8a8418145f2a6f1ee526c
1dc50ee769d70fcc422a5a12d8d0c78116d0a787ce2c95f741b7c66c7b0d13fe
40b65ad2b67716cc8556f12e2d068eed06162b7f4250944effe0c262bdd0af57
1df9293f3ed6be92093417d0469f6f94850a1f34285d18d1a636b2bd3a6400cf
9361358cef01b976c2e14e836af7024719fd94c84cf9940d689bc54772452920
4dddfd5e9091e2e4bf726dee93c6f682a5e379424ed30fffd8ffdf8fb9ebe475
2bc4cb5d8a6d1494cdd1fd64d483e819f4d960a41bc71d41f82466d4ba7f46a7
0742bb127d9dc13d512437a25e5b281dd76814b2e5e4dd3610c214eaf463f277
5a1a88bdd3fc7d5c99ce1b758e2f4d4c5d092d15d4d863f90a00efda98792798
194d2c6f13086a8adbd292f2ab8a7aec56ff3aa176bd20189b9167257e1d6785
afe38cf515a591a0ce7091226457865216d41dc46da893cb2a8276dfacdfca26
024481dc5ca0a65651c9266bffcc10963cb049f9386b2676ec442cb2a1423c4e
1ff5c0b2b3acbda22e65fc79d9145bc5893d55604d6d1f981fab15b459ae93ae
3ca60ef5413e30aebf0d7de51f15299cf701fdf0bcf2cbd95dd6d8f8445bbc44
4cabef3a78a09d232f9b38b063fb24b1eb0cf535aa2f295e27f202aad23a40d1
6ef5800031d543cbe56b01ee7f24ce8ab3bc9186d2875c4e5c0a1273c5789f34
271c1eefedd69d7e710840a9bf67ddaa410807f6e0aa3f6cb99841fdbaa700f7
73c5c3e6d15c16b96eb05fa85eff378566b40c4d5d363cf990e8199670ef77a3
5170014b8720dbfb34d1fc89987e672e6a6b642fa9356f2acd45298eadd9b162
ba4d874045943c815dce98f2bc28dbbd1997e6f86eabf361465b0e8fff017d97
7bc3c17459634e0960c0faef0035452d6e37d02c174cab52419e5393bf92ca0b
86273ae198a37617591742fb7f814519c210dc19fde58f14019d2b9aca83c197
c9e52d866efd54b311e9131d41385b60538947cd2b79307b6c35b5e33a7a2e34
81890323682bbedaf57fd55e2d34e19f199bfb5fd291277bea342e21c25ded4e
fb2a6ce1fc240caa5fdb65947d72b1c35c6ef4a6381f35c84c1f4f8d8d6e9161
fa0cc321a3b092262859f8f3579301db90da47c1537902085b85fb5c0900cb0e
cc8fbb935f6ee15369ba17224508d4109e5d69020b581235f84f72e57fab2ed9
63c964e80c3b404077b7311a3332b04a17a3018385d893e4b26cec0c3e1ecc53
1ddfdb1dc0874ce05f8d6de7b198c40b1b1651e179ebca1ce311b407700cc4d7
59b9d87edf29e0b0c588ff96e9840fed149cc8bd19c1cb37e2d0125841fcbd35
793c8e268db83fb752ea780ddb10df42b70e14418d0c5a451a7a55a90cd8b419
f158a18401d7b9d2b884d3c9402a31f3053ad125d8e501ab445ed92f58650040
39cedd28a90f9b318640b473c5fcd5ea966ed693429387cc8601f603307ce2c0
9d61b858acf2aa2e3d4ec90c443a639ca036e71859b21f3e7bb91e759068c385
6449ca710cf3c12260bbe7959c4e559be14d9c2cc970c021b33f814a61d94870
246e3a13b43cacd7402bc6e2202a034c7482561df2b7766becfe6390bcfaff1b
6cb6a916972203bfdce2fd901e993711f03045ac081a7bee8ac2a4389c6535bf
2b79a7e814bd25fd04d086c1514113c041094ee82cf3651c42baa43942d1025f
faaa2ce60a0397c78fa2d34e31553855f7ea011cc4d48347cc304c36a4c266e7
43270c510c19c525ad690cf060879b03beb94ad1d5f3f8d47b4392ccca15d062
684565b0f0857bda8bc8b139fe49487e595bfb1346725d99281b94607700f107
0e775d967fb829ad1de23a043ae0636ec1bc693cf9d375b6232814de03ad4ee1
96a51be12b0e7cc8f0da48d560fddf4b665e85bd65655c42f0f5f12dd3d3be06
63fc0bba8f8e2789a0550591cfa5fd5169ff35d136d4c88027d7590c71b3a4f3
50406ef55fadec9186daae29e46c0928e24c10dc5a7dda516a7aa5ccf866970a
add151be292d3f2b9e7351f803271b44da4de6613b4775e6007950b219cbbc42
9d682b163dc5a509caca1674a7d9f1c67a42607270c3e924e41db83f70917e56
7d98d40f02e9de86fed0490ce552093775bc62750ca762aefed450dc077f804d
883ae51daf090eb74de09ec506db976089e78f5a1fd38e5102673d2455d5d886
fb69d34947a9aaa0f56486df8df43d88f75020ab8d92033045f886f08693240d
c8a4915982595dbea38bbf0df8c25a8c67fbc6eaea22fe270cfbeb42872c65ac
24d6f53b22600fc87d4ce80fdc11b4213e1feb3f2845ca57a021b1c9448ee8cb
9009e1b400855c51ab42b49dd35a2c82dbbe4aca878adb97ae2fd4e799d701a5
f3f075b0c0ddac89e57db4dfbd1fcc54373444b68852525dac5fac2c02b908f5
b8e0523274d6ec00dd270ebc10566dd7c5c3265ef760e8696deaec3773996d6f
de321b248a6a5f27aa51d53ddc5580693767e644b8d9cbeeffc6ccc832935809
5c6f21fbc0d487bee3c6a8e9a481c13afadc23240e96f6ea53158b2b00ef528c
01904b788fef45dec060d94e8a9b2b417d5a1af0ea228991696597d89fed9f82
de9d842a7a3c816b9188738bca26ff2beb17a84a247f3a639d1d8532375e4460
331ad904cf7b414acba8f9731907791cbaa95e89a38f355700f33cfab0e87064
08d14df82e12f9fd5ae29710a364063d30cf5def830308661a72dc7e7133aa22
7730c09cf21e7759a42c7742ab53f7c7aac4873fbb5cee51578dc01d28d9fe48
dde20189788ddb0aaa7dcd1b232ed228650c9cdfd2dd3daf3dd92cb08612c609
7c7e2a10318f3f323c696be2006b9a5900c069fd86b66bbb721570fab9ac0892
298a1efc7c0750da49cc505afa15c2457ac9d99e457e2bafc4915baae6ef233e
048736ba7a790c7500a74f8834394b713e4e7ecb990d493463630a706e9016ee
828b1c751edfe11b69410fd1f310995cd32fe25a124b8f18b03051e29ea5f6f4
1e01c098e54016cabb8450021968daed9c3d594d5fdde2e9dc6486598fbafd05
ac3d317913cb74cf663cb5519e021a393db541902cf8f375ff31774c3755d5a5
2da4d22404e83406f2009c00dc29a23402fd50580b9a0b0a14434ec2a8019078
45a92a0e613828131b39aaf28bda22c8a29b21815349d29d5dc270da9056a41d
8a9aa19c951f96c723864b2ee29f0fb26a30be0740c4e62b1292f9c2cab3b509
90c93acc18487159c855daccf591845f84e90bfa8e58301fdd69e006b90a5170
d1665436ef95262753454da5ce786ba3bd49e669448688953b2c56b1f310b328
55240ce02f74b78ae6658a8bfc66a11ff2be2b9b34dc2a753e99f8e86aa6a75c
3733acc9261c13a5e52092da0d4a4a0378f48d865a7b92af30b422f18d217e45
05ebc0c66d225795e730f1f6410ac5239c9b860a812450a598116405c7a62711
01183c63016e39caa75b0f1e065d5614abf7172c13084d57a096318d17f9a99c
57bfd982f1b677d9032dbc5be0940c48aaa4c69173354f85e15b8993633a94ee
e0fffb13ac2f1e088b8401743e0c68af990178c998777329feb016987edd6220
66503c7aa240dca3e65d6149b3cc84ffde89dbd11ebd29dd28857d248003d7e5
6b88c0f68595fddec1c54f1fab2e54e2eaf558c9d27b14826b952ef721190b3b
a2add8e722a8792d83f369c0b4e32af3a6e0769cf076c6c409390e4126e3746c
80fb130201ad92c30b0868f4ee6350da017a9f8fcf95b0f6372e5e9e749f6dcd
e6f62e39011800ec2c47a21d32c317d6e1fb7bbd2078e4821105566a558208e7
3512444a2598135308557a3ebfe2961ec957b63434eca95cba367b0f32980028
ec7b50bbadd85dd147aa3f43669a8012ab0c5a688699d1ec53aa4e0c43b7bc02
d290ac699377e95d873188b9289412fef685ff18c385d4275ecb2fcddb9aa0d6
d14c859194942d2e62debf8eba79679c98a901788dc792b8f7fb3103b39e2de9
473858aa88342ca27f8e6f092e6721f3cef153ccc63911fc11cf53ad95eac76d
2a2ed2b28eed614e491662826ef16674add2d06991e0b6ae9184a838ab746f18
249f15a8e084a7f4c3432409b4b6baa1f055db93e547a77f758c0eff95049f4a
5b846eb85ff7b49975619a036c9e4606cf3f5eeb1c4b0728d90208b7c58b8cdf
b1d92e8a3e1695f59c1c99228cc26461ba2cebb763d33b9e81db25b90ecf4e74
f796df453a1446b9a89df31e38511d57ad677bd67f93bb3d39bfa5cad78ab385
b46d9a6cdc1c9a544461389a2523a68e005183f7103ddfc3e4a583ecd0202000
1e73c919fcefa000ad448c6744b5448f28be31d6961754fdb37bd86fce60b80d
2962bb686c3ac19c01d25503e3998cf79532fa619db5757d2dc6bb4a28acac52
e8b1f34ac0ef1ff8872cd9c7dc08f23a38b89a34947398eac0f4ebdc9c102965
cedb203ba3870111d3a7dc85a06054b3efde1d822a038b6a560ce632624fb084
dd78c699b57dc85694ddd378aba6420563d54ed15683e2c52fc9a9c4d3ac5a0c
38dc4b15bc0f0450ec67bb436c857c4463ca69db5ef06688eb0e1e1496ea8abc
f98f34d64be85b642f8eca9d9c4e0d2463db566b16af75ee173b06cd31d4e005
66814188449c06ca96c74ec94467e9830e5e3f3976603051921144c00d2a155b
75087d682a77a35440cfee084efd61d5c5d740075e6127243f0af39a5d132f11
e9e7f7784bef5e2ee1dc5c00eaa9a1d9ef54addc5084e4bffadb3252a74c6d6c
58eff6e3911861b12c3f0dda476d821aed60ebec1f44df63f1db14ba30b18e26
6dfde1f28e5e4ac18091a71454248ce66fb987ff5b8b2595e248f659cd51bfbd
449ac71a2605f6d120962bd243f9c2b7945b798ff6cc745062500904a7479627
58ebfa3bc9c447d8783861cd0f4dbb91691802beb681ed0b7f782482a57d6047
fc8106a6472ef27a3e2baf3130ee92856084fd95cc2c7a3f3687995f00e4d2f9
325efbafe4fb887f366037a1e9fdf99dd7daff2f492dd870a1b8fba7c1150b9a
e1bb9b5363902cf3e45dc0a1a02995906ddbd3c84717b3c63df0cb3e2be3372d
489322af0c32a86f9e71f87905762b63cc03562ccf70cfb00deb13913a7e5453
5fa8972cc01e18cdd625771a18037839cb6f187d635e2654ea27ebd6afae372c
bdfdec566c2a4a7dd74f4cf7fff39636a96d64f38367699d6cd45da78324ad40
ab8c8d2c90364b93a088b3895961b6326886dff7a100c34a8b1bf37406631a56
5a035472e87b36b2a964ba29cc3553b1c7b3dd9c4ef313ee872d6f3f9e5bd852
c295f561aebaa5e0f27e45ed84d96e84669b8784f4888e7b20055a15bbec0f6e
79c45f2dfd1317b317bbcfa4e09db9d0a093cb331644c9ab0f200255b9b8559b
84f919d5c9c6a1591515d784fb3b2e39a28258ba69d6d6b7260303985c67c213
670805440e132825dd409211c2a42e78734571902e7ae91b18d60703585cf09f
460a853649fd5e74cd0be15c1fe6f8737aa66eea13d6d70e65ad0771be5a3bb9
202e393dbd903e1da22575b3f4cd3bfdc0fa3056b34c234694171a864be09083
a46dd7b5ac85a9d8a8f79ef7592f0e870b5edc2f7892b9c2a7fbb602e75248a1
ffb948281d7a0734f1f4e86e84ede1a7edf28a0f8ad20570ea7ba2a6d2c2c927
edaad05f3dbb705a251bfd7b19b5c4a03e911b9a2e345b49ee2b5bf4602fe14e
01c7b02d8885fc125a9f4b4235ab23f1277ba28176b72fc15d7281a31337f7ca
96c64b085b6eb787520af66bd4dff9090087a9b483861ad6d38af4fdfdc2335e
3bdbc83f27ddfbcbd837d9b8a793490fd7594a6ae9b9124f6fcb9fae11f14371
6f8c883c0869444fa59c7c067526469eed6f7db1870a40635586eae8e907a389
bb75d35bd06c1c9dd099792aa5637008cf46dc3efb1b72341eb9fa8f46801b21
42bfb304fff00466466d299d6382586b52eb19dc89b5bb179505e6e31018910d
e2868acafb9f7a125044d479fbaddd7e5b4a70f5c3b53aadf378e14e30b78f04
5db8321d3681fc4dcaa45349b672f7b74192eb7f6f47527ec7fbf5a0d6fcccb9
e0377bcfd32f2b9589f677ded7cf7460ee7691e8e7e29b834997eeede43083e1
38e35e259154adcf773143399c50d1abf1cb4b32d38ef774cb79447597d4cb1a
5ea2fe47b526ae1309d2f2eeb85d90be5ade2cc42e5585e695da9b12f7d3ae9c
1fbc56d29637d518be10658eb254283a578c9cb982d823adf8df4aa859e35f1f
5199febe2108eca9dfeeee8b5eea34d2d8705e0ba43276dae26b6af146709e59
6e82c2ee1b123a527910baf076d8d0f63b89d7b9e0a0d58381cb105cd5abaf5d
f4ffb8326d4aeddccce41515d0e2f2538d2c52f4ce526917aea436a4db60bb2f
7372ea1050b7bb2febec65f1553b9b684b529e820782f2fae233a0e0a40972f8
3a1dbe8e3c5abdcb73d48b7463b7b065be617b80f8babb42cc6e8f095f812a1f
c9ab3a5ee71ca8ec322902a7e2b591816c2f3183861bc63ecd4d1a34885001c3
4bc65a4ea8020c47ba9f9921796029718188fa7c1d27dc664d977adb49f07b45
573db5def854c6e0f002ac41728b1b08e979b9d7efec4c0108fab2a51cdd7101
ed7fc856eb6f8b130e75ccc496ae6123368ea2c1eb0c39ee6f99ec519a02431f
f82d037a971ec03a9d77d7700db9f350ff9a1d29b399c874886ffd2ee29e7c2d
97b28e50a0f262bbf36fda87cf1c04ef553384e8aaadfb26e5230bfa60fddab7
a48872796052a789e0dd9cde079e36f719b145a03416fd319ffd02cf1449b63a
09436e73b0261d3e7f9a0358c583d15d9dd69885c2176c446253bbbe76136c02
29998b12d936df741ff12d3b522315c007b1203ed7dccddfa4742d9d5eba21e8
f12b810a7b52cf462cc46c3ea93bd15d77f6aa5748a0f0e4b67561ceebf81bb2
976e2c321872be8da737d07930114fb9fb9b844bdf48a298887e50105e475705
083d630112e236339be286c4af3fb1c6a6c911355b4761a05ae2ab55a0536f0f
deb4be5ddf2499f7333c6a20ae01819a0d8f201af0f75784d1203fe3892da20e
cbb40a9b070888dce0b75f7c63f1f31665182ca379df41031fc489c1a54d6ebd
97ab26f3d96737fa4f6edcd11fabc31696ca42aaf30e3eb9773f369ae200e31f
ebd6bbff2d67ff6bb11a3f9b35964426e06b0e13825d09a408e5a37b016e2b33
c6013068601fffb5f84933ff8703c8b31c8db0ef177d739116860eebf678c35a
fcce24d6130e55a1df2dc3316742b6e59230afa0571ff2ed3d5fa5dbbfdbc217
bd0a824050e50dc1264a2e4547e886063ce7132977485aaa2ca8e25aa405b7cd
3dddf2038e9a9ce91a3ed5a1a17a9a0dea51a34fc0959d18c707ee6d9932f823
325827c64e89be6467ac4f261574c3222e384c3b23e449ee385abcd024381f95
6d2b7cfecae92345d8ed9434d4043058e46c0ba592221a0ffbc21936a33f81ed
cfec682f9e79844e3a62bcdf3dfc566f3effaad45a27f4482a629be42f03ef44
831cccfec3cac9ecd3318c6bf384ec357188b9f0eb3cd28167b49885903944ab
f9e0dc5284c8e25a93fa1d9cc661048e0f34043549864f9bcd38ad32bbaeffbe
f0ee62cb360016e96ec428aa6b5fc985240461b774dfba3b8010cf8535a662a9
72b8d4f0259aaf5a22529687df259ef8fe399bc31a15c22bee089f2b0a73b1bb
5d7501c2414ad93a25d332db01b48d2e8d8e03ce25bc1c11141f687fc9ad82f6
f46f2748691128772d35283cd08803996954b3d4166edcfdaad05288ac952205
c81e154d48e0b2f46feb9d6dd836aba5c9b8f4142df2411b20ea63c8127966b6
1d6094e658f838c963558ad82bfd08030a1e1deb9cb80a4caeccc1175487d10a
d385cc38c7f7f19ac362087e422d1cf69b87ae6951fedee1be0feb6e10bbd178
99839284a8a6f5d3b5d4ee3cb91b58942b48d486c70cbac69120a2648aa0319f
fddb117246bf44cbfc8edff21b67d075de712a707e2c40f5a02f733b70bd23da
cd59063b8b4d35b1908606e62d1364d48cf09214be632fec6cc9f6ec36b0e363
6976cff693ea1ca7f0c5887d1ac129d8ac3d1a07624f1c541070ff0551156ee8
faa97c87f73ff2781b1d076c8f6a8a90e4d7625fc15286d38dd7098ce350b839
bf70a8f11838938ad9c1b6caf15b7f2fc710a5fdec784b6d961914b8e2abd872
e3c38ff81d5c4555fdd484f32892eb73a6808c8ffb43b67a5dffce1599404069
232d5721f8711d27c64c9998852df5c805098e6df3ca870a8b3a6b58707ec91c
d52b34799e6e7403b1cfbd3f4824dd2ee8d7711bef9521b43c8a511f78d56016
fc31c8799a65a1da778a034fdc0864d41b0b8dd7ccef84711ba4396a612856bd
3033e255ae3c31153f6e32f74074b1a5f6e5b5b7093766456fd0b25fe7eb23c2
a8a2e8174278bc476d32e833dc32c75a26391fd41f6407e9ab96e20f63716144
8aa7f3a82d732968e48861d66731d1de26ae8e99bb5de38709bd7a31380a0d64
35a4b5960b0da23d10bb02aab6ae8632dcf4f15e532230f412fdd1475457cbc2
e69363eb1ba145c3c5c82d84b424b1ca579db5552fe2715fe0a7fba17aa2fe21
08a090bfcf933cbf73c9ab8c3b2d5d38380df57dab3c6d559fc048ddd09649e1
f8f24497a48187d5ef829b2809346d2514056e01f802901ae91f24cc31ea9b62
133ca0b0b2b7e0abe4950de545354a46e707480dbcff3c1b716f84b4e42fe374
bad1e194f2d46231221308264b20d861177b17c0e3e5128b5bbdc891582e73ee
93af0ec22047494ecaf0bc20f50322e4c340c62c834a41ab5585c4d49d146a81
28f368cd5bfbe9dfc72c675f925fff429a83eda8462e4c40ef3712b329c99fa1
fa5cfa77ccb482374c8120532cf6f9110d2a87fa84257a3d5b1d8dd1021eb568
bf4793f7404b539bbf02e893de88285c094aed7bcc3922b74fb2b174a6c04506
ed583e364b366e01a19620d2fdf3138efff54e09fa291a16428a97a6669430f6
36ddb272222b0f03843aa0bf801a330429ad71eb86809689c1b77d61e9e2a69d
62f2368255539c5e1e95c85c73d8868a62859ce72e25a9f760470859b5e7de55
2f6259bc0548f536432c03676a1cc993dcd75c24b83a87addc640c514c717664
fb31347e1dc1a59ffdd490c6402691ac434d0185a09d8f508b76d4966c038a8d
28141a01bf506f29f2e4c921201bb76c75ffcb18db55439c3bd7c9996cd8c3ae
07a11bdca1b1bb793697fe758e5d92d33c28f42024595ab12bed639f97c540b2
1e1ee66db6ebc33091f6c21d71bb47b18946696f31e74b322e4e40a5a6b52968
998c7cc406fae5dc5ded2f6ac4614a7a9cd89d025b899dc6ca3ecd403eae08f0
4dff74ab80be6dc35896396b984cc16dda3af1d2558caea7e691254001066799
8db896c9ffa64fcd57caf2b3d59b4151c223a6b4f847d0f65fc80a94f4031240
fcc8cbff314bd5edbdfdedd855cb94ea0da46ed421614db6389d4cda87a1da54
38345671ad4a52517edcb99560a9090182d0b53111792b371c9f4778c99ee69b
e9bda62ae364ea3b5f89f39ef69f15d1066a2fb703b0510a982fd3e349b081fe
45172f01ed887cf6c3f969dba68ee3f52764291a0d61371d027f475966a28ff4
af365ac88b6addc2a413673c2ac386b305fd470a691ab6907622dc15479a2e00
d9dfdc88e1521f9fcbb21ab9876da9b70da303fe5e8b8da45b017b8cca3f46d3
a68f629575df75fa4d1931293733c7c3dc204670698505340533faeb1be7a51b
c544184cbf627548cf4fbcfbd453116b56048d0a0c557bd4dfb221e39ab67912
8703959016ae827bfbcf1f80314a28c8ac807d43b1312f02aa33bb1c3d9174f0
11fda735f7d65009cb6c9bc71b1203f7590f35d9697b046364fc1a2e39f13a94
ae23e1df94076e8a3b57a29dd58aea21da3f6627703be9bec7e08096a3beb1cc
8da42fb1e039f2a96f7f21bb41ffaa625429ab882cb663cd709ec895fd61356f
45550c7946908e1f7b5be8e63392c05929d585887a0b4e61053a63994ec02b1d
b7f6274a5c19ef33eef4a267af9a1ab3b12f3a4e4df7bda4a793aadfe425c1c5
306fc6b36cb8b79db3f3eb36255b3f75347555934d55c89a7bd8f7579146499f
b38039525b90a38bf30f38eff373e6d7543ec5325b8b05b039cba8db11f39fb0
8cd7442e8d3a18ea9dfed9ee9caf29422c72f5445a7d6975a8bd1b73a46c6e65
03b8e013a53ebde8f4b4db0a91bfd4c50d842e2b70577f665f676b1f1afeacdc
d4c5c1f1d625809700cdd2a00c37490e073b36d9135e5849a45125116b3d12ee
73a30c293af3b6db4aecf7b826135360ca039ab5b754f8d553fadb24b96e0d7e
0d4228b004e4b725cb911a0da0ca936a634554c4ebb4f1983fae96f4bdd8124d
052ac38d425ee6f9a0d95abfcda47ba13dccf97ec58b42789286ab5ff05fd33d
997f755ff784b63da9e471565768e975a63532c8be57631b175a8938f6e5670d
f15de6ab6f5ac5d410253091fa0cb2581bc39ea49d94dc3c478efc8c1896aa32
45ad44117fdf2068400ba8a7bb92f50b3b2ca540ce2fd19e76df8c1376b7f765
7d99899032f52cd4f31d2ca4e24e6336a05646857929fcebca1ee25cb752ed89
0feb74e0649b91cce5bbca5d9b302915e7dd3cdef782f5d7646e7a74c0fc6396
8d8b2c4f4cf9dc50ebbe49c6ebaa969f439aa4ecfcead2237f10ef2f002d656a
18bf91784d94c717a8330142218a58bb9b115bd7919f3d2e9dfc251cf0675f8c
ed9633a6973379e3813898929d6ecc2c60db20f358ced24442453050e7a9a712
db79e605151078379f50e23370b5d28536ed93dcba9cf67ad9a4061bbc8a462a
b64d15e01b59e2c81c236cfab0c836e98509f7c6b475115a238293c44007d35a
a5d718da727bfee7a650c61f40e8d1d9d79ae71a5ae05158be842d8f3edeca9e
d5060f61683eb400d172a5ad363535d37f6b5b34bb4bfcb0176cd1fae3e9bc1d
ad35ea13e27d4112f783a521f92f277deab43789154bf3e7b221810662f09a9e
e629566a7edaad54149f847e3557f8c356887418a06768a80a3dc767df0d681d
81b17a885f90e06af2584cd831e2d5b6932844a3a1750f04bf93d9db1283162b
162dcbf6e6f4788340e8d9f921d137e13ca4d38ab8ebb1c8840cdf184dee17ca
f8b6c2f509f8d889b1cc78348f31d9f81eaf23820a36b2892353980be29fd3a7
d363eaa2720a1bbf27ad601443ffaecab692c4a4b7e793b792bf74e9e2c25f4e
ca0ef8a6361fa1538f93f395af484892a0de9df38c2c7ddc8c0444c0766de8af
17ea0093feac79941b271b43cd3b85ca1578f8a3824db99f45424867f06a97e7
ab5373d94bcc74215e6490c4b3454b883f9e9864d6b0dfc5594b890e5d7351e7
596170f3f99996f5595d03f05522ad89c25c5ad1bf03d27bfca4ff3083218510
2b9e34617c76a73b9872c194a12ce9cd8db57e118fed864bc7ce3ff144f950b6
9be806cfb4745a43011d4e4f430bd13dacc3f66b2d3e0cb6ffa38a23016cbb73
c54750d7b27b1995a61ee516708e3a36dbe3ce51c747e880fbbdbea570545f68
a611fe65260743687a938bf4e24c7c9ace6d3a054dcdade3518b44e8f393c481
45898f06bd4a2c4ab86abac8f55bc2c15918d8bafd024e387e7d0000832f1872
ae6f318e210f12eb55a794bc884363e737124aa3db34ff9362843658e87af449
897084d9999e97525b660b59f9196270bb7e296f3fdccbf66d75803312e7a40e
53b6d4905ad6239509497baa04688d83d2d1bd6665dea4cce06f7b097578a477
4d1aff4547579767697880dba0871d20359e4e8889d307cdba409cb355898ea9
6c8edce32b6c12e112ef0fbed1fd8352adfb3741b95f1a70b58679b5e8e48279
37cac132e4ab4faf0f9433cc5e195fd51306b89f3d1949601f769541d7962c96
afbc6473833f2feaab6ec04730220a9f272ac999167e3947a212c9cae0bf5eaa
14702d3bf2a3c9333d69c2dc4555c5446ecddad08e4c694f3b863273c68befd2
6b08936fdae6a68edecc1af83a591e76d426db7d7ec900f1c5059a680d8e7941
335e9e3e9b127fbab3ee72b38d1197c9ef17df69aa1c414c1598c899d3fb92ea
3ac4712d92115d2c0963ea277e5891d7fb7f7acb91ae3f1064ba2c816fb0d088
056235c1f82aad72336cd14a0053356475712ba7ce9b7422eeea91e32b6863ae
aea6e71f4fd53981c92228cfb94918d12a6a61cec753a78b13aa9cbf7c312172
56c8cf3eaf9ac6031114581cc64f5e467ace4fb126e3013e19fb5f9f721262c5
0a3a6f54caa840882814f56100ec825e5daaafa249fa651f39059f718b501583
74fd36ba950d3eb2cd78b75ca865297a652f129f001a7f319624503e771ffc79
fb11fd82c11c7ab445382e291f360b9df6c502511a035510327d40c8b95ff78c
e7f6fa3ba6212a864ce4ac2054c66da6d99fc45413436245cc74d3ed94fce382
5478b1c8f4b7df8a4227ad45c933e243c97413d76bac867b6fd4df7b83d35c7a
92082733eb7e309d9e576cb2a1300ef07f2cda820a8ead4f45709e384c1e03e0
3f2873de69186d57de61583e77c55f8e799c3bc33efa93efa46c20f2b3cecb58
a9c4d0e11dc77f1488da21e89a58bb437ffd8a6243abb424437fc6fdfa4bd591
c2f06b9c0259fc88423f2fa11fbe3ec9ae3e857e7224681195ca9d27684e8581
7b37ef7576ed342f52518b341c82db6f725bc25ae4e1f795fc0965aa099fb4d3
a680ace60845e9cfa9dc271d4ffb93e88babc46ac44bf297e2fea1f413fc4078
97203ccce1b850a1d30bdab15f32c7b8e1e809ade515cc6854abcc54a888ce83
03953c5774af85a910d32f6b22b796644975766d95a6ee328084fdf27322c3de
11e5fbb253ac3cac9effddee8939b83bf22ace3b4d7af948a88e38a4e600241c
5263939284d043ef491e60077d076e272155898670b4b114ba50707aff9bd349
506e506bfa2fa0189e953bf2e5065225bd0d3eb3695c37363fafa9a6ee2b30c8
3ac056498062302cd1371f9292b681a82ab2f60bfafed490fc6be205d84c4592
44e37800fca29dc61b75cde351d48009b102b5a00ec1aa4714be10c2a3451bbb
8531915ddcae14ed1a835de9ebf6eb21d2dcb47c4b5d7f88be8e93e29ee3a456
ca392f07ac51c0428ab15ab8470cff42877c046aacd493c0e509405c63d6f964
89f50886c5aa873485fde3edbec404031b5f38669c4252a8a57300bd05b66d71
4f4ccef6eb26524e6683758788f5180ff2b5322b501087063c64a28cfa54e267
d8c185710a3d2376402513955714dc8f6ba35c2362d9004fa05db841796d9340
2da77e7b3c45acd1aeaa7d65d0116f008c0737ac95bbd6d5c5c4f8a2edfd2adc
599c77d07124f6f768b76c808f497e603da69f0567d0496a053b2e11f59636e6
2a53043c7ee4cfa82a2946d193d2d4feb8c94bd8cdd6cfb121ddc246ae84d69c
e84377ac5031db6f2a5947b5f69370795c271e652d35395e12ddb5d8a85850a3
4b820100d8780c41ebab9abe9407b920abf450a4e0d26fd2aef5bf4af237ad32
06b5ccb36f662d70a8f376c15a8f8f12ed9fa45c31815c503a7b828d1b528bb3
e50f62091cbe6f2c354d454815bc0d8a9422f03b6326d9bfeaf5c727648618a8
a26a7ca43aeee939e41fb79cf9083132d409b461195782e4e6bfebe4b8aa7116
6df42009a2d9eb2b1d4ce70f00d74b1a8cdecf09a602407ffec81fcc826360d8
ede64e9b6e5b7f1e3f0b54114c4741e8dfac56b8c773493ac8364bff0b3ea606
38690faf2c679318505ef796c9c7f38f02b55628901b2fc5610769a612359fd5
ab8850d68ff898c255a0de6261a4b003ac718bc71343927ea351281a3706acda
00703e8d6a9b5929d42452a601846adc6a0277d30879a8acd9701e75d36d3e44
fdec8c72012079b44a5fc912e733840ad18ab427322d3d7090afa53852114934
4029fc94d5251ece8f4c4b1dc9d71772ec1b39a6b837bc07b7f28b8b7c02fc9f
7e6bb8973338995153863332b9a50d73a2ac4f2fe87c9e0f9677722079573488
3cc508b295da0a92925905961ed14806665643ce8ba926d5dd86dbd687238007
0462cf3ee88a43cbd0b1d661f72150efa1806b0ddabe2534869a0e66d42cd444
d7ae20527d035ce7895fabf4a9e24a60cea8c27b769e93d29615d67b004ef3f7
284e0d0b484b34a59d7177d149b99ffc1af4ce83ff720372abe16e813cdf3f1d
e5e427712df9a9fef78bcd87a02cdc45e235b1a7138ea14490cc63e7f7ea7ee0
8dbc8630202b211fe2763fab339571c28d514e28e71efdfde93902c5ad91812c
e66085f0193bd6a42dea7b9fd74a82197f88b940207cf02a8d6f361a8ba64bea
a00850dcaf1eb3999ab006cf66000f98ebf6dbc148c56666d76b605f14b9a63c
1dbd2df9f5cf55dd30e30baa4c5abe936cc613146b9b64e4e0f8b732b590671e
6d3219f7a17e92302a1e23170bb50a94998cd3ffc83fa2b24fba3ad770304f99
0e3000f9f07f1d1e11c04eb84a2fabb12a094495cd8ce7ab4c793c96528a22c3
6322321188f1272f4ef55da7558e0f7dc22dd53568ccb68f31478e0db9ed341c
aaa8af04ffa4aed13d64a46910de6b752e2188382018c636a8b24c7a946f695a
bcd0710dca8b8fae6343183d040150f9c961281dd00362780dbafd9bd6e55008
c9af8a2bdef2f65aea89792f8c8bc8418abf57ce10464d20edd272a43151f828
677ba88236dc918ac74d2ad0bc94a42bc94b7101f4dc9b6c52fe29dd0bfb2706
ca080d59f4f3e9bfc50467c4d58beee4403b1e32d42a59cc1e5e3e39301f485e
9f650513f39197e1b36aa9030249eb46b1953a3d5e2a7b0c583bc18b5e4b62d5
7b8ebb73f992c979cab8801c5f98d0da871846d137bf96e2416b4c80b416c9b7
dab2e655cc816c59c61559a4910e4d208781eea3cbd480283c5676bde9873abc
1497dbe6d51283a6f8a2629b120a3b782a12b10033af51372f769f4e0e0aab98
0aa58ed4b3400ae31892ece14868ae7cd2cdce108871e48a40cff18727fa7fbd
84465d3c2d4c5f3e396f40bf7ed19fe221a6d6309abc987fcb4b1dbf852cea22
3d9e26de1ca01ae82d515fdc32c190bbc5483de21f9c16b3f279a457308a629b
c87e8f13c702ca28ef00a13e5223feae9519551e313795faad03fda138166aaa
0f2998f6328c561ff8c9ee04ae69515bc0ba51249bf818c831e2f333f905d636
f35a7d4392293270f56240c22461dd450bfb02b429d88d8869d2041e8154be82
0336e54443362a3cb576318a468199984ccdf02f32262700f68c5b6efa5a4289
8fd80634a2f359ff9c91e942f4b1519645d66bcb51162073ff4f90bd27ec10ef
644c4a1523639eab42b25b0f7ddea1a2919b47660184b3abc58f1fc7cdcabad4
74b2c71448fc2200c2f45a6daae726c9088a55cf8ee4a20026552026a208978d
796392b10d625a912615e96994756f278e75a2d213152af4eee7ba099152d313
2834f8145779c1167b435a4ec17cbf33d95de0a811a07a4939ad36717ef071b3
d36205f76fa1364513c40ce415532937cb5ae116143d48da262f752f7dd3b355
609a71a82efb24d4034dbcf7cd45cce03e069e1df2388713cdc2746c1da97606
babf62e566a808d321f0da87870d8b373b25650ffcbae434a51f7ad3753cbb2e
4c79e08dd6cf77fcd1c4727e8e00ed7e954d07eae35718ee6a3548d5cacc89cf
8a615efe3b60db5f941da2070b3de54d5753f2d4e6d441603b05030b78f087cb
fb4e2337d30b42dfc519f85dd956af5cf94dd9bd4444f1b0424d96b3d4e072af
3f86f639e74d567a91d2f6e088c758ae82af9e053f86fead6aff97f19e1a97dd
447840f1520c0d7c864f7c0d384ce34db2bbea347ff64632d6989dfd25d93332
f5993d5232b5f30be463c0ff472fbe8371e494f68bc258023318acff30843dac
df0c148ec40557528d50891a28ab427e0676e3f6acf0e9296597099e179f6223
b82d3050967757deb81b6234ec414dfcdb1b500417ac3196fd587b07d11f71a3
5e5c96fc0877f1c2c6ec1641fa55547ed07fa1be12c7545b4150efe863caf7b8
4ef8518ca59d643f9010a86416cfa9c4b0a06fb169beeaf3b97ec2de07ab9f68
37b64923dd2c690c74af3af20fd07f404dd34638477c7675820754a5db03c263
f77b7f336553c132085786945238dae5d5f552edec4ee18dc4395601a2226ef5
d1b0d738478803149dbab19e5750de7fa4f7382e87ed8df2eb2ff0bdc93a4372
13046a2d020e954b639ed645ebe0c0e199b217fd4779124153727cc7954310a1
9fd663c050e19f9da1a897debbb4affc64adca0d3094f290d3f950a56048bb4b
47d270a26cc11bee77af6dfb58c4c8348ff80b970a5147c1f472dd524a96058c
0545a5ab61b360bcb3bdb5b20d7a6e57a4f8a897c3400e7e249735f58cb79bba
9c04d914dd55ca83e3234be9643fbe59d190e5d2b7915fd25f2aead30bb2e531
b400d34c8442df4f499fb3680e49ccce2caee79a72ddc63a658ec3e70fa71c43
b85ec4e7290b0372afdfc3711fab210bd396b1330da746b77069c6c8d7474c92
1639c80535f565d6ff9d87dcd92f92a8461251a319e81b927754921169a954f2
c5745c61fe25fbee3e5e0b543bcb917adbfbf6ad9d262d166a8d7ade51c898c8
b2d18b2682db9262a9c06e28b0c5e09a58c409e980dc879048892f68c1481694
ef97948bbcbcc9ba288dc8b2266248d82c5d0748f28da53a1505b19447bb8725
9aa5767655dd200bc2d58ec27fd954c6ca8f91aa7459631ac55b80d9968e5e91
57488925985e4697fff7ceae5d9642c501a156c3a1f080f9c156194e2e3036de
e9424f44e9c2e7ee56d1973bb244745d17cf4b73e25bcb10178734e13ae5b89b
f4597ce2221f65e8958cfa53fd205850a3df0935a6a87c9d13c8f586047d7899
70e5e952f4d4f5edd4849e3a40b913bc4e1ddb42b318ed0baddbd5cb95932dc1
ac415d0d1deaa0e850c968832e6cf4db1da3481088c582f83e7573120be114e4
9cdbfa00440c7877f7756557e6348bee737bba869285b4b756d1422085d8d550
ef1c2092e816f15cc880b29d2addffea5af3d14ebb92cbcf40a5e78ebdc25191
56a42f58a134e5d91a7fa029a75821ab6b3766e9322933e321cf978b647a31cd
8f944e36e7ee84c0631722a730a96e46bc18c96e259838014521abfe8ac7a1e4
60930d42c2f01a8277c0d85a7a6bdba90426d50b26ee000bf18132222e73a76b
845557564d3dc0f683022caf3cbb433fa043af0bb1f34a5f1657f93f6f4f7ad0
5bc1267db99ad6ba9a65b4f31eb2cfd209c45ac96439206d035f72981cd34fd9
24afb9d5051ed9752858094bc5a9faf5f9ec496d2cded711404590ad82af5557
057a3afb21d2fe12025ccd190d1d1fde89565293072f2a1d530526c5b2242779
281e47cc3bcc8072610847bbd2f4d32cfa3dc0cf792e00cd3c88a70774fcd858
05107efe3d07664d386debf78f782842f63b74689343cef2fdfc87c8bfa51d51
1caccb48b62f9de878c198b3850e0f646a68df714bc2c0df3ec23c1d177d774e
cd1fd700e18feb93d822dd3147763bca3b1f19953793b6484a77b2c3c6339b4e
00d93fc90b15492764346510d11329bca7a3a78af446b12531dd5e8997fcf0ef
689da31ffa40c2eb232758bfbbc5fc28a00cba453ed213837c19ebc8e302505a
ce160147f372ea3b1b21b20726cd766afb143d3c3e42b6c68e0ec7e7af2978cb
8904e2a3a3ff7d9cdff559bbd1f4ad68373c160bcd89c96f8d4cbc88173f257c
08eb7d8790930aed4fe07cca3422a654ba5fa8d4f448a51d2d2beb4f15545ce4
b886c40e3b0880315f5ca9e85f9545c947d06cf21de3606d8e51716becc51b3c
eaab29f257c303921eb2cedf7f068a672b91229b7e1ac8b2c7e66343d1ecaa56
a44ff24198043c6cd6c08f74a9e82eb5d3f8a58fd802bcead043ef380924e313
eb8435b9945dfc7844c59a0b757b89fd505a00ba93d216db750ab3e1f3cdca7d
f403824dd8aca08cdd5e18a94e2aed79f5205b4b0bb9693950a728ab009a8d86
546d8e0cfc4b3c2947cea4227364b75ebc91a4d0a329815c84cb903d2a704c83
87f290a4c030628a78f4226866f43683a073d189114696fd9c0b1b39721c8b75
706d4510e3570de923861a8ceea94e30351df311027c9390cb2b84e09d1ef810
344d2073fc09caecf73bf83a1737580eb6790550f5e6e1bc47368a61b656f17c
b4dd5c03e5219aa459ee43c1e0c72b9a0283932e858dee1106a98e01f7488bd1
5210925a48088f62f5f06e1b289d5f598e9aaede810504ee8de21b4b187ed14d
ee9ee0b6cca277efe235dd67d54ab0b09bae002c879a6653883e090996ba3241
41d84d0660bc04e4f2d387779246ff0ed1c1a0a5f139532d30e3a47c0f2ec9da
202c3c54b49a3e75428ccd2ac0c5e414c279122091dd05e814c934b59aa732e0
2c355906b66192635b3ea712ee975730aed1867d5b4a82ef4b3ea1b0b474050a
b3dca8498b3cb0a476388a23e64356178a0c22973baf0965c40bf01ca4386ebb
669696e92f63db9747a80b52171a4ee0426f787b219a8484b34635f8f8a18616
3db1ca7361b7dbfc68cdf01d0cec34d8e9e8c3389e2e917e62d4ed5c5f6f898c
494b17237b8ac93e8355c9b40071651b5c37ae9ab8a1fef46faab75a69fa1946
55ac4c2c15167984f33f242d6e4626112270b999ed10294b08f425f8a4d8230a
77a4f56eeba0ddf6a4c3994dee72c64c9c58feb8d692bdf5162c821059c2b7c4
e1240ad4321232aa010a9292566b586a88d686686e5ddd50ecffbfc0b557987d
5963355c9c31fc33734c97c5bbcf2145ba91a33e0a41f7f0fcd9f269c317c106
e5ea6e49a660033fcd599142d99aff70ede54168f14623330d4ac7b8ade72d7b
e89bb81bc8aeaa9da18f6adbebe1217882c39883c8ee2aae75461040f3de29c4
ef3d19db91e858ba71fce33c91d88269d10fec104fa5d4dfb1eb169fb761ca67
ea9c142a0651788d577e105660737de90da1ddf7704c40443709064e43bbe191
f85b68334bcff821813e8d9444ead6add7ac1e9af6ccc21d4de7b451af905cf8
06b47f3cf5892abaab351f3bbe608bf883f1c204706b605b980a7dcb4313ad58
8a8950f7623663222542c9469c73be3c4c81bbdf019e2c577590a61f2ce9a157
539e1fc52cfbc7c3a033ac2f31f136465d3c90a0ed11ee000f3090f0cab339da
5ccc94115342c25cfca0ec3a334952adbd7540df1c37542075448a5bcdb8d2f7
e1c7b07bacc13f8e631b40899a0d607d4c801705a7810774764681921a9bebe7
37f8c55701a395a99031ba94c90345ffe077b0c1755f92257f4ff88cc0f62ed0
a5f7acb3ed951f82266a9bce52e24d2236eafe0074f4bb07a73bc768d2c75412
e4bd34e89c66406c862fb98eb64390654eafbda9fe9ea3795e03d6a54b0355c5
fefafaf9961db34248efc680a04f992bc16137558bcd887961fd2b02da6596fc
44d67a73d1ee9f517598cdd6a63e5d7c0683592d7b4156345618927768332fcf
7af44d070dfff029549f55998b220af7f54118fe6d519376682156942e9b5776
835370bda6ebcb51e67e8355c3f97f5919aafa423ce66021241a2dbdd9bfaa96
4941fdf765439465a16f9e77a301331bac2f2072bda004391431005f509d6f72
f5fff10dacfe150e82eb3b28af1cb93103265ce3a12fd21364ddf19e84630bf0
dbbab31172830f93b6b72a6116c6a6ec9dc484f1d1e221d4483f31436a9d1899
dc5a38a7c175f4220ca26b7ec370ebc5cb020265dd7cad6ab9d3c84dc3596c1d
5dcc75fb3922352c554cfa7b877ebbfba5bbec66af1c8a04656f7bf9974761c9
166ddec0d367f31d0297167db92e70fdd99438a83dc735623020b1400e1841d8
63631561c914d5db58f0f679fcc08ce292fb39b1c10250d23a9ccbedaf47f681
32e58d770239131d560e153ff75affc49f3658071e6154ab5922e6da139905b1
968af1455e97d66e474232c371e113721d7fe2ca046bfa7b2d6a80e2318c02b1
6131fdb6b98de0cb926db6f6e3813769737f0a0a22d8c0a2a8d4faa36d3ac86c
8c09fc81c7c0c9ffadb4a526c67b8da943050a3ff8f94fa5397c5b64e67c3036
884143e71e586764de178a1b124cd8ec0c35ee1f39d4c7da2e01200476c2ca75
f8a382153a75ffa9062cef3b3d17b55d895c9e023c5128919126859522a92101
70f7742fe11708c6f268bc7c55987c43c74669572f883596ac6ace6fbd7edfe0
467bbe0217fe207c367fc28dc3a5c7a108acfce5b5877fadba07f9ac976dd7de
ae706168270cf5f94b45c6e8cf012bac8c498869f030263257e859065857cae1
30ecd80434e770f8828a464b529d7acded57a881a7c3c4f58ba8dca817d224b9
be2d4b4c68881f0f4eff86993b2e1e3766758f3a31d921f27448d9ed5fc9017a
0033a309c368d15738e05d6068c6063129c34dcdbcf3133bf1c5ab2853ab84b9
fb395b61c0012a90c8c24317eb7af992d6d1c56d7033c1b1e2b52ae10b79f10c
20d883d9101dc808dfa0d95944da221b1a060f9749521fb5d38a9267c10f29f1
e89553d271b9041d2a393d815e01b528f0c22282a0c6bca7513a627057ccf24b
629483946e6136ea763e6941dcce1f181c2d8e529939f67e25364ac3bb0f723e
637edb73cdd40efa821e26c46c2ca96d1968c3a3a4149c5958a01ed0f921204f
fb97158f061b056467d56ffe068221e1e154c4e9b787812df4d7dd90717c39ad
31ea362238f640e769349ebbd0f4d8564eea8cbeac028eca018b6fc338ea8f69
bee5b3c0313bbfb8765bca83924d98205e5c4e33308340085660be6f91a9a50c
782518a1326d5d70ddf638cf24285cf30a131b0aaf6d48c42ed1ac7c4311de06
c0b3cda24c50dedac408432c50e824186128afe1e5074fc209cf2d00643553d8
49801ec94287c6b83f4df116a8eb3cdcba52fd6268faf8d7c5af5b99b629cbc6
52f70171bd0f4682e4a48f8738eae80e6afee6783c557c2b78d60d1eb26da575
6e3858fd7281b299b6cdb853f11319afb4dfdb39f2e7017b6028cea7333bdf08
276f70ed0023ee396fddfe70d457afc3de61f1f3edd847398fb39ee6fdd1f510
7157815cd49d81fb23c6f578464baae203945e6f995d4a3cb08250f22ecb6347
aeb55d87baf40ddc7f8d2cca0af7e43fb0333f9203baa4df355da64a3ac59f3d
0df3b94ffd43bf0ae453ec6db63a18698038f84deb7df18c86a822c7a317144c
e74eced35ec36efce14d416906d11ba86ae4d563ca8bba3bc318b073534f40f2
124950d2954e89bf3df8842470b1c33faacb4f8ca27a79cee4dc1861119558a3
d7b3a0c0fbe3cd973274f7693ec5b6c62212bb22d3d8347e41c8011e519eb253
11e653cfe4dcd1b86150cdf729e14c6cb4f4a48fc875c2f77f0a4e25d26012d4
31ff78342e0b3963f5d79c77beea426465103cc0c033d141f2bafe6733362a48
bc457da2bb6ea61f75b395a1e8587111a1c5409392f4f68ebda207cd1b096b27
5db5dbe275734c0f3e5685c97d5b2d73849bca38c6de86ccd180d1164e885bef
973f9c28bcab1437ddcff9f5e8c4f1691f0d2dcda05ad5ac9b57ced06d0e6810
63ec47bca120e8dfa063a2fe716f64aa3c047bd5d14fb2eb30a6313fd7652bef
c0eaea92bb86cbd4dcccd4c9c881a61ebb3bc219448e244adaf229128d6f8c3a
57e5c18ff322c5d4aec01da7061041acd281dd433c0b8b52b36eba48abbb06f0
87ea23a689413e88303aca531b6ebd4bb8d411f9260ee7633bb05c75b3c83e74
39c407951b41bcacb65dd64087fbf542b36f28e32b95bc329ee0e22dab395fc9
fb7062140ca4776f755c1c184a2a2d3b5e291653c4a8e47743748b1dbc858d22
679ddccf9094d7a008c3e20d7bd4eaf5f438edca18c30af810c5bddda3f54b35
4c2ee1f8f31f69e798c874b7a4b7284f3c6b05f734328ce8c7e0e104c4078bd5
14cb5faabad82fd33a627bd70f81f17ea9bd2c41c56db906a226de773c8ddf24
0cbce74f19b08db5744a3712b0aed8525cb58399567343b4d8d497ef0d93c08c
6c3a2f9d53b27c7e0dc9912a45cfdb28365bbe2f70ada51743d93e636c32e206
7c5e5a4ab0eee84c5dc4c0a1e59ea63f4e5aa8a1b94a56da36fa2709c7c37ba9
66f85e9b099eec3d712bb0de739dc996ccad855f244719a1c176510fa9db6e44
9a772d92b1fde21457de37cd9fdc54d4940ad2a2a212ae72337a56c602c59e9c
2ef6a04f43d7efcb35189698ba92b34ce2f20cd109aa21dfcce14224d46f8adf
025a2cd3e935c7f2142748d67bd3304b64e1658de736c853e0537f26ccf0452e
3d515e74045254125f5ca40a76211b48277b2010f73afb724c4c61cf8f112c20
b8e08b67fd0fa630eb87162102f4cda36f6be399456179393bb235493e42fa31
78fa073b2fa6ba4e7d6ffd57c2ea03aa5e4f51b482acada5d6ce4f3c1f7e6097
ddd31688f5110fe1e86507dd65b17d4bf9b33040d2df283aa1fdc2ecccbf531c
f0fdf74a686c257ab162286334ed70177aa998cf4cbb4f916f02aa7f399010fe
e3b0c44298fc1c149afbf4c8996fb92427ae41e4649b934ca495991b7852b855
5101791f081539d7aeb5539d0143ec40bde2498c0b215642b6a71fb3dd8334c5
2604ef2a2cab4710eb58f271064f38b538d367ff5185691d5efc5efbc92b8590
69fff5e29c3665cfc54a79c7fd5ca9853216db9bc2ca40e99c7bb967b9441633
09050494be8aa0921a649ea32dea7daef83e01a0334b3c0f1f51da54c1688c02
1bc775bdd7389e390193ee91fb8edd5d158b45dcacd29b83c91f6491b77b0908
6f206ae5713d65cd9975369e1f3e01caee33676b45144396fb99d69ad9113455
ea380fccf4dfadc92e4df6dd6199fb80382cffec44c3b41c974a5abe63203168
360596cee6ee8d51c7ab83c245c7ad0f308769b8a7ebf7a23096bba0197a87ba
7a6f9855a1d1d3905735b93cfc46ce1618814ba5ba24589884a6bb202def808f
0d4cd2250c501e9f6963525adbc2d995d38ffc791c79570a197915a8609e8bbe
5b3ebcd1777f4749250b65a930896cab9d05bc61d497446ae68b0d41ccd16e7f
05aa66090c79b23bb192acc07b7d3bf03f366b5eeea8c1c92ae937c07f92d8aa
3b57d0166dd20a6e50a06ffdb42d496124a1a55727ec544956d98037fa58385f
0453a6f2f84a6a8ae1418ef5c6528bf18045a633e6430ab35dcc28c0a77c6d17
7f3dccb2baf3ec7c5f429d0f3a48e4fb69fd6a71a30ab925381c94db15b31bf7
7a25f1d6d2b9c0ea7214169f205c214bafc933939bf73c7d6ac6d7db0cdfd82e
5d3878ce274d1d8bad763ad6e3c3fe4771b6aac341aa5c3eb858391b8e82b3bf
578e283a26edddce75ecdf52b549fa82ed1fdb6ee2b1eaa40d0b07009392d965
22a065f02563df6b95092b252e2d8a348d14a5227f0f8ab308c1aef77b82bd9e
4f6f923f765021fab02f99dcc09fbf405398ae994c92615ef70a8656f424a7bf
ce42b8514fca742d4e1766829a0021c62f7c8db1cfc847e06416c4b8ab11b86b
45b2039e49942274a9ef25023209c540c8b1345e7445dfa9d9d73b16b705640c
6ac86079cb016e0d3ca5787c9ce239194ff8b323911491050ea57c8cae72e95d
1ca5a9fba1e9666ad8f001fcd2918c397c49284cbe4d9d9b5893645cd062c102
1baf77ae0cd4cb3d45321f7a103fdba8a4e300754e516ad7c4ee46795055a6a5
72b5421203b585d94aedee99ca1b9ac0fd8119482e846aada55ad32fbaee0183
aa9fc7d4ec12068979b291d55fadac89f00a296b26b18399099e80d696026cec
94e39ce8de2aeba69d9c2c240bf0e833ada9dded2835de5f91eba60b0ed482c7
06d6e08a00353979f3f849890bfc0a3234f0d52019b5b2421b991370d978eb7f
076728ea4bf86b337f9eed4e64a8a626790ec2287786dd618f59ab3aa8fc3131
03e670c09efff6e85bb7b76612e4ee2cdaa5c6703a2344e1b1b259021fb1d47e
c9e07c0e5c49b0d47969264eed046ac23c6125f4ca6f2ceb87d73878f72e3241
c8759800df6a94278d66077b120699538fe26b750c59fcdccae8db268924b968
251c2e0fc9acbf0dba3cb253d50c338120b39f5cb900c89a3a5694192dcee67f
d100780457212295bfcca175a9b3079a92fe1f631228fb3abbabef9534d6a1ee
e0bbcbc1132ebed9a7804f5cc1508dc5159204c9334b9322f406a33a0f8ecf7c
3ffde57f6ca117379aae8635391d361224a2faa06d9a0790b575475e065fe746
9b0bfadf11ff77fe2bf7293a226360e96c6d684b6b67d741c183a634b5be9b0c
87387be726657c2144f691e1e92a93d99703d0f91204dd49708918a1eadd28a6
c96cc917cdf5f5bbca2208a75b790b7f04b78bdf9b79e90740151b56a2e095b5
896bccf366f2598b7ab865d0162296411c1d750bd2208c0aca4c40834271e5dc
dee978b64e3592793d6a8a9f48d77b589836f1dde8a86e0b9ddc704f15402141
f15c252de3428335da1e4c317d80fba4e297053c0b1e0fd0a19667a588d08b02
476164db7ab0862acaccde739f596872712c931a1f7cecf7801da6d4525e9927
f2fa89bca997e9c16a43c248bf918e20987a928e82e2f375f9e4850da5aa63a3
314f63359e0eca95958e9a93615680a83a1e59dc3a83fa8513426497d9a34d40
17c8d4c584999bff4e93cc1688c9d1697a5c97eeac51c8b4db368d7f1572c7cb
bc5ba081a8d292ccdfa02d91a65e298d9b83bc7a5c7edfccb652064474952862
138bb249d91192f6c28c5aabde454cc5d6d6fb705a9266094f13e3960e8fc724
8526ac1f5a5e16fe0f3644f1898c02a6f2f80888394fb471a68ab0b7830e7bb6
a676250945a3baca18cf8fee797b14573437cf6d8b2c05a82baf93119d7013c9
7f6af1886bca5f06785dac88f07938c8e563a5db39c13a4802d503438fc1c7db
36a4d601758633cf3943657bc848c8f00f2d3ccf0751b9bea72070bf14a91a2b
d24511c8edccac5af896e6b507e797def39403bf1addf907f68ef5a34f5ebd7a
2bddff159c1f217a26c49bd100296244e1be3db7960f263b31e183705d3be2d6
4e8264605e972f169ff583e97ed0de0b7a5f1ab810692e518a34476fba8a71c4
7acac7a34d5c4b3def7d1dd990c08846ac96dccbb90d0d76c2377549a4b405c3
eb1a477c04b57216f8fd5919eeebfc811fd655836ac9ddbdbb8cf4031f7af8ca
5e94b6d30c5c6fcea95e27e4530cec05b01b2d41868f628b172ce8e8febcbd58
b07fde24a62cef4e300ee5c0a45e9a5d4f6b3fa8beabbaac7ebd4e34a588430d
9531ffbc22b054ece1c0e0e9e12bc50a0469ff61fe1eafc4744514daecd5243d
daeb66ff7e07d003d80fb2d98acef806bac2c5f5b1d6e9fa0d5fd6c548f510a6
06b4849a26ecd9ac04196f7f7e6026af81bd3deef41491254a94f059ca4c5139
f3b2cf831bc46a5b851604e8969ae514036f3056cb3246750ba14ea49da88a78
dff7bcddc93dc71ff5c0ed93ea6fa3a5832dbacc6ed3261c17b1d987c0fdf18c
32d31d0bc12f43e27423a7f326d2d7174517fecb014c527ebb37f3eeb742a92f
67790470e378ba9efd792236e311b2b4db11d1f97e76900d55d9f1bdf9bc2ed3
a64afa59940faa5b7c677d789a0d693086ae4c244378938f92c9d408865f68d8
b71e0008e4f6047ac00825855153ad3230e68779a1c087f0ed7bcbae5b358a0c
1b75f9016c3fc35180c2e7cbc796c42ff2f20d19d25244c9bb7568ce55ff5800
a8969e570b43b08bf3af8161fc1dc72617ed3e901a3774591e08c338912ac893
de53822c727c2e68890f5dce4a9cfe97a044aa98e266bcff62f97736298ee767
7f50542467583935ef7b69b1527cf6f35526cdb7e845eeb33e7778d15623abd4
56797fa32c2183414d5531cf9cf3988bd83806198da3803246f5b8cf755de1f9
c742b436cd1af33d1e1b843ca51100ca77486fca9ce7d63af6655b98b35549f8
d9ed3be3a36ce9f4ef20f59fa828cddf08fc477fb013c0e034af02442f0f992e
4236ea7a5e1a889a943969f708341ea1d174552310d60791af80d63a077ecf21
2210a1a334c598d951f5a5017d23501a245cbc1ba7b3e0f1c3e840da25c2c2f4
46c40495063cc240705469aaf571daac77b95e4e69b622350f6fd565eca6b0c2
dc060a6b50ed6fe1ba2e48913a19514d0f31a04d57392d01cc3ed0adcb9973b4
9fb18704c81d2df3402e5ea57946861d370718bc120ec08d80883c27995b05c7
35fd86220b58a311e1930581c02409e11df449939ccbb9f5c5428b63f3140190
8b3445806280e490c33b5656eb80d93a87d8032f7eb947d518740a033a0671af
a07ef29aa2108aa4e6741c10b9f37d9a8ae8a33f50f59008dbcaba151b1b66bb
b0e2f5809afef01cb15cb0ee7b6dc4a6a50bc9a253d2901fa15279c69339145b
095dd0afe873640e11e196fcc2dc4efd993f1cbf36a4b6b7fca5a12bb84c615a
e99570848d372c6b5347c71ea1da4b4c545ef71fee7ae05b9edb999a633092c6
817133fc21755cb1b6a418c144c0203606be22bec3bb35bead1815a24a665a12
90ffea028beaf84d301a5ccf44ecbec4b63708e7cd7bc49c71d7e9d9c3bc8174
89d5ef7ecfdedc256b8197d19560a1c752e75ae8fed5cb58310af342d480d4c2
ea41aa17a551a907bb53165a78ac4db1c094b8399b27d2acf21022baf393d96d
e66042a6f922fdede9c8a559387f3a770152a084874ee65b9125aa646605d0a4
d6ac64fdf5e088510d9e019f2b7fb3af75b7a8307591316e9cf078d52b0e0b28
c9ac9c39dd42ae78eca75720809d176830f83135133f81a07c18f7e73be44bd6
a2007709f9782f1dc6d012f85ad042a889ef8591ba0d0b5a1e4a764e550d2a9b
8caee81416b4cedd17df08802c634a60b61e94acdeb9e473f4004f50d0c91f79
e33139e200d3a39ba479f6cc4988e6b9f163b13492d113ef600388927e631371
9bcee1ff58a7fa111569b1f97984e4371356a0b9974ce77f62764158419d27ef
5936d47ef773a1b6b8efad7f35f4fa5027803f6d543837cf2c59a5ed62fa8e98
610eae304f6f71bee0a049cf684de144c1d5cf65cd7395d3a1d63d111d19dd99
931c547e89493d15ccca24fc01346973f40c44320b27072d95d1a05a70906118
6d96f3d5e42654e0b7afd72489cedcd121813cf4e248906bbb6b9e808f7fa5ac
1cdc8e7acc8bc55a63b7c7776a92a305a0b0c4df4cb77197414d6f20032b6a99
0ab9dab94360f35f2888f6a3c60afb2ba2710462f46d3acfceba5ced4f728c98
d13e311dcf059b37eff6c370f2600e77b6eaf812bb0255fc7d9959a8328b40d0
a3aa40e6ac4ed9b8f8950f98c5dae7f478b47edf7d3e52d5dc2071dd63cae87c
b7219517257e411e3d89cef3d6697a28d138c98cfc29e35e8cd91af49b9d15c7
fdcf3e7d732c9544243cca473e2d82770d07039a0a87a3c22bafc23c0149b6c5
0151ddf157f1882b93c7656f4a8eecd3b194252621950a2550ca0e21a06df720
8ab34995862a19e1a84e8c5bbbedf9d20ac9cb88a6f44f627a4520f16e9bb55a
eea324cd136eaef94a2e38a62bc2d33760f7e92cd3263a5356af331d2eccad0d
a8a18af09c90b8cb22023ef51b44c26a5b1f54e97397c3f50ba47fcfd0d56ec8
6a916b202e76aede0a78508c5f9e22544fd52e266c98676ff53ec6bc7595e6e9
e491da2826556cb30eecfa08ae15515c15affe9ed5cda084799d9c24a14f0ffc
334d9d73582240efb25e4fa7fd2150a94c0467d8e654cef41f00dcaf8af0bfec
7752d0459daec2b8e3ad3b0257eaeffb0c18045c4de8d2de91520f5ea87c7f47
425ac81fa01d19aa94f0f2b57218134735286e9f4c823ac87497f1b5738c6395
681fdaed3d7079a4714dc07b6238ecfc1f2546e4f45871eca13c4b9ac8afdfe3
f1787b894bbb764a51b91e605fe13b983d8ab88b426bc0127f70976e8e042f28
4778f0e60d8570221ea28286197f94747e730ed40377dcf0d283dfd85a80a573
96b4a05fa6f3bb2554980239da81559733bb50cda7a3fb04790b7e1650c1c0b1
e15178ab98b68e9d5a892b8b585d28326a4f73c18b5cffd1a1c8bd17c2c47aea
4590ea46412135cdccf0ae99040f9ce9d29b6ea24c794748b295e06da2aa77a6
3e36fa381df266e828fa49b6640b79c99d27eaf8ba0eb0eef49b975464f523b6
18bccbaff61877fa3bec0f20ad5cd0ad4e748bb9b90402e19f0e18926d384c13
c46e9af960c1d0f4586b328ddbd8a6651825eba1921b97f13105d747381a90a9
3e1a834170ba6e89200890111baba288700b92e0bd8caa01b34b7e4544473c9c
61482bd79fe66659ad70aa17f30594c4734b220c8c5cb3adbbe069dcc2f04bc4
487a94ffbd8c349236f90a46db31bed5a1cdf12c599b58c6ded026795657c607
3b9c4cdbec2139f1db7700b5237dbdc441bf13846ffb9b0a16e719fbf41e32cc
72cdc8975a52d0307c79c50d299f7256917af0db1c6c07afdab03d80babd76e3
28554daeda11aa9458a1a685e5dd5e6aa279e3ae226ef8168b6b589bede8ab9e
8fd69756bf34f9b5a353f91c7a1d37d3deb47883bd0989defe8c73485b0793be
2cc5b11f05f575d77e873b4b48c9c84b899e6b7f21d5ba131d7e97a71abdc79e
7d88f3b9184561384a8621eb268d55ab42b1a5d838282be4813103286c658a3a
a77564ed9b4da0d95e4248b369c9cc5962b3b371272781a66f9817644c9413a7
e1e5520cc61c8eaacbfc86a731068adf0a712b4a548a0362ff6526bb5a3ac645
65fe3d0edc743f3c11b9e9334474a7b68fd83ab2e7c002c902f0d47ae370f82b
78e768b788ad00f6e441878d2ea0e29f5cb070bee69f355df67484b1b2a7cc15
17a4ed9a6eb1db7677b87f52945e408f6bd3eea4f9c323dcac3f1148c8e77ff0
c0ea25f9ffbd94a58a7544c9c119feccb6aeca18a0177954945f70781ba49e67
51dc245c10eb6003833fa1e9353753b421b7d7dcd5b565a96969d05f6469cd8b
cfb220b9452760f78899c8699ed05bc8df0433ade826472cc21d31ddc001e0ce
7c4c547cbc56c7b859e568052a8b0d179976e3b139e09a986db74c141427e58d
28ec950e891c334bf507e1b9389f446f71e15068abaf0724d2bb1a554776dbad
fd3f47cd4bcbb7dadcb9d84927c7631bd687a5d8662f593f0eb905c184471a3b
ab6e103797306f8328ed54a355025561465d8d239d89769c2b3abef2abef3c97
f1edaa7e9b38e239bf6c12957bdd26cc80bc022544a29a3d43cf960d01ed1650
3889a9f90d4df43c2464e083563c6a09e926bc921b362c8e2d5faa0eae9a4edf
99042fc94c89d1bd3186a6c12b333615327a10fc4d17428bf956bf079bcd61a1
5e90245a8dd846e0451c05da704b23d3c4f8f185891557b0a37f608d7c212df8
893e9536e61aea83496ee2722c598fe850f21178126241978fe3c538c553de1f
a3793fb3ed9c053af94a3b32e304fddfc3d0c03136766a4dfe14a3f9967c43f9
f016dfb1ca60fd9b1f63a90ead99d0e5ee6fdbd3377e8d6f28bae371ba763e06
f429de3bd2207c278e771fd3924b167911d7be871fec2cf8051dce005a590911
93d08e6969369e0fdf583f76a9ff48b129a2d0c545abe9f58d14d2ba16061546
b1799f941ebff0f1aad278a287b7963b1e4082bb7759c6fd443d0fae5ee0509a
176ee086789eca9343416e1b7f9d6d50c6fdaf15ba70fcb7dc68e25c122ba587
c910c1610163eb157aa42b34ff46a9222bbbe15706cb2d52cd193b6347783f8e
d245b3f12a937ab1960f2f7d8b8d1e08e14fb2ad47dbbb4df585f58c2ef286fb
b2125c7c5117c7783397a4afdeceb9d7a13044be66861b633203828069c70dfe
b77a122fe56ef5330eb4a0b789d173c7c5d44097a544dbf1da22d3d6e768ace7
6d431b6b4c65ceed3ab71b7d898f25ed672b065d3cd9b1ea664b5c3f34387cd9
13a9368999cde831765cd6db8b2f3c3c84dc71905c6bba002d8a79d428dc4b54
6632a996366003d2bc478c690503a0c9876d7bba2bd2b5db183df28185e9fdc4
75433d276675f4d9932d33054b70e405fc51de37047af7195c5dcd3cd0712842
11fa80826c9eacbfbcfc124041246273a7573c11998a40b0bafb3cc577e0bae9
b23197713bf16a53a6c81de0778043ff4d3e9eb1bdae982aa3f066c5da83179e
387254de45847c92e04eb26a1881f0011c935ab46386a0d15d6c38a2756d380a
d159c83566eb171a6180852408724feab3be8b3fab82dff6dda110da869f2e77
93918584dd3acc02aae97fdc46e4d6d9751fd4faf2d4684c66ef70afd6b9788e
6cf9bc1c260a41b08bd2f13ecb0eae68d4842be17e1ae47b73ecae1824f0a1e3
dd98d098681ed5e005cc0faca062f1ef6680b87646499aae576e87d491329328
75bfa738161480dd1361b62ce9891a014954fec32382818e3def9e27c45c73ac
443c8bee7f257af5d691a11693ec4b0985a1925b59c7f18dde6cb62f82b42e7f
20b70f6ce928c460ef0873d2ab4bd19390b2ee259ce4e89878ed7e3406b6c75b
2a94d8636ae926f1cd30b84bac9d204bb674698ff628b743184a6d7110ea984b
603c20b6aec5d6a78b6bd294a6e23572e1990455fbc6368d1dec154be900cfc8
b864c5f0225a87e5b6a60bdccfb9e7aa8194b8e6ec1bab6fdc18d34961217407
c1ab126e3ade4c38b69d09242960e90e5a886d7f289886a5945c77ce2ef522eb
722a3da85e964cb6eec5ed62b87203715d077fcafb09117e897ffd12e531ad9f
f8d6fdacce11de009a51daa683ece27c6aad7c5ab41db1868ff029795c5d85ac
689169a101b4baea932e550c64f4ad5c1279fed8ce49e0ff22ea8f13cb6d7b1e
2120b64942b452c4368b2cc8817b44050c23649acbdaafe4cdbb1240dd12a3c2
d02a00cfdd0dc57eb0c73cb061d78d1bdd58b50418294ba9c1e0942e7853a7d0
6a06950379573b11a059d79322089c5a13c4f7a17e26123f00840f401cee4acc
459a6a5c80d51240a1642826a361a950378ba4f80bd25e514ebfbadc56043ac3
d76d32ebbe223d70eab1189be29d34e98b3943a7a7e75273fe9f7ead48da7fe1
10a8f73a2714ddfc3e1cd71dcd042fc6b55f8bc32c253ea699e329844a1d6ff5
45a6a8ad1ede883c4574e6ab4c78e5df67df2e49b966befb19123f09a6f71793
034abb80d5f6a5a10281a79735188c2aeb5791dd66653e9cc3340b2a9105959a
b43d8e2514709adb620736a2605d13958ccb9c10d9ed3aee504220dea5917cb9
543756f742d2b27fa0e1949a617e5a2e272eb44177f4a6cfe607c069c5cd60c7
4aaf84fcc2311f2e00523b4dbbe13628b7d8ebbfc49733dc965e7e4fb0ddf9d7
2c67716dbec43bc5f2ea6ef7f4496f0eafe8e2f881548cba5b4f6a51e5a7175e
1e9290c8b6c59d5fd17444740158309f2bd6346d4f9dd019737aefaf15227a4d
c6f9c1b6295d448d73c8bebee561bd889d8abd90d8514051a991fe7392cf6753
13e2e505f1f927c7e69462730e3c7c297d3d185bb35a2f0633b74470b074ff99
962f2d7f965ee1fb6fbcf2e33557fab58ab049956d7c4a4ead3fda136d337db2
2eefed08699cfaa6c497d5dac4711fa3c4a3b42b5c057d85179f1d1638620354
a2384ca639e7304532025028df79999c0ec94f9efc77f74ccbd0e926ece23214
e3b0c44298fc1c149afbf4c8996fb92427ae41e4649b934ca495991b7852b855
cfdef74ebcbd84780334b89355f7436626a5903774e900c01f0c903df9b1c877
952ffd3657b383630f1b07b91f2cefa8231aa4b87a1bf05fcca8d0dbef7d6673
6fcf9f9f57a387da6427501c15b560182f5cc5c37cb96ed78f0d5d98b7e998f8
c6edc59d19e6888a3dc621b2be96ae259375c4ece2624489ccbd80959e0ed4b2
42a1da9eb3392aa80a6a31979b678b001f1e452bad5d4d866e9be51ca1b34ff6
d73c7217b78b7499a2b50a314a1c4d27b7c3613eefa5be338b0e41bf4666a029
5f50225547b5783cd418d35731d1e13e28f2aea127ab2764a84fa927ae2b2021
51fed3d153d70fe3ae2d6dd22161db463be6401c3e4a197a2e25e2b022a59a9d
45d2c78bd04d196cbb84d7f930ec908d4c9fdb1bb78231fcfc77eaac28d2e9b6
3f50f035902985cb1a1df9b1b095bce07877acec4d1c91153dd7dc432e38e54b
bd14f3fbe36af457ef2e93a5f801badabc2edb5bb0d8c4c0a3d82f177bb35e01
b6b4738e56aa5a16a48f8b8e4ad1d31e828b3eaf745ab46a82aff30ccd426cef
b9f03eb53f0f8ea39d5c9679ba35a4cd85abce406b0905441d428c564840c733
55077b4f3cd5035c0b22252684f773d865e480157bb0e18d0fe34bdf6104eb09
1fa7acf3536fabd61318007e2332d4b77d86caf81c31a20f4fed995a49fde0ed
8b46d380c02c3806df6b4151716c72c107b4d0c41757998c8d15eafb45dd157e
d302b06b9737dce85f9788fb63f07cc6aef827e6a3e90b636567e5aa0bad1b6f
41e74fa26c0d532d878b03c520abfbe67c045ba41161c4387607c2b8f22cd092
c61a88f35b9b7b00323382b71fe1c7d42b44d1052401568332c4f888c64381ba
7c69f0439a1d74a7eb9a7f2c0232c0684f22885a23a601eb488cac80dd78fd34
9530b213bec3c54331ee87afbcc276bc9f7aa4760aec54392b680b76198533f3
2925c2589a5c4206546ec035fe968145b5ca3871f7414d7f090b8641837f1e12
f0cdc2699e5f39765ca1dd8c929db260d4e2e3e29a075e9a94d8b5218f48f14b
8c87c6a5416ca8bc237854f69a766d57ef091fec0c377a286e7f5353c92dfc89
6f5e42df1f8ff95b3c5768ebdf6df792bd7bfcd5af821ef124f70866329a28b9
56d2fd6e37ae59c1bc117f50eba030626fdd449e8801999ec33bdc5a0c4bb865
bf5a2d85082c1c401a334f363692fb94883514416d7581bd271794347a1a8f52
138d622a255d79689a6ef6ed1c8a0d4e0273f3990a7d892347b73742aeb1d182
68bba6866567f669ebc02532ddd7f2681ffaba4be8bce2fbf715fee943d5ad58
26b0a92232fe1ce3ee6a34f13ed60919ced7eceddd798b6c059f42159d3444ca
e5b46e8ea2cb8c265b92b274059be1dfaf84685415f8a4d3e1f4befa4486b142
92d3df05b9620869bd78523ed72ac179aeb1b3f07e2e8f824c9ab4d8d16c1716
77960274414f1a20f453a6fbfde169ca82dbc8de4e8e92bbc51626e712ffeb43
bf6b104fbfd0378278bd8136b1287f6f9c5f058fe04d50c69d6dcd4017fe837e
8c5321bcb5347bc5237b3deefac6c4a9cdf3315caa40190c5a71aba9860172d7
399b81c5e1f706b7d1690fe08633954a8d5b5db8059dbe962449244dc5e1b8c5
0cb9e0a9d811d4af4f4f1c3dc4f9bb5319be9d741dba0e5b92f4dffd5d8d0667
deb966c32ceb5ac3784e34560a8c9fba1adf65bbf3c008f40c403f04540534a8
6024c9f3719be573ee4925a870b21433cecb439a1b7894af698c85a559355ffa
8be1391d7d251e2b9b9a6bcf2e9a4eb75376539c9495a636a3291b15c3f39935
5f6eb20e92f27bc500e946fbaf4326be32a61208c69b1656aa6d37598cbdc76d
16283e70f5031c732b806fc35b524e3739850cd9b37fb6cfeb97299df7d0ae06
30b1f26a1ca24cc68bd1e43dd804e211513017951ec0aeb39b46cb23096c4df0
3c2cf9db6882936e8bd54f0ccd1acbd1b4fda6d25560372ad205e78ea2529a5f
2ee7c159889f223e09ac277f85156e92d1a1857b52a3d18af991ce9da27d812f
1d4495b6c4062a52afb7e54525f65edef734ea72ec1cc0ac5d462cc713240b8c
b3cf3d421345b2831f43f43c75321100eb53243938f63271c07c29ad1c69ca02
27b2b7a83803475e6c044b880de15a14a5ef629f4454b0d247620db3ac2e6306
5d6e695685fdb063390b4dae93c0c09fc923deb07d6b3e537b93078b1e5f56ba
2e2a0fff6cd28b7f30e77967db2d444e1eded91c62cbae80239e286bd0a18e94
5e6a1e2eed50af735b27b424b105bef6025cf04373a01a00e1fadb08fccf2c56
e50af26105874a8d45e0bf5352b50133306105ebabcaca738a60b9b3b013a11c
9deae56191d60d1b15e975f614cae055e211c0a9e43780ce0e85ff978267a502
1bdb5e4e01f39f894b863856d9905e2908fbec044239774b20ae8034ba082ff0
99c2a378a80695b1d1b3adb5c1d1723921a7dfe6bede6782ff29dc9f097a5180
1e91e1555940e41f69cec1460f97c7443d5dd73c7b2a2082e442f6caf5c4cae7
2f51971abb1cdcf26cc7952c49fbe8a95530d538f8035615783328c807f57c85
76062d17c4b378c26d011fedc0a9eb65b3421efa5e848d638d6498f409ad5b96
66a06f884ac0eb1fbd29a5758731469ae9cea751ae03562aa1c9cb85d6ee63b5
9f542483db0c8f1c9a3072f187283e441a84b335e2ad1970b49d44c3a27ed0b4
bd3cea5cd26032b148b29a4632c1ebc9cc9195045d4584e2caee25806bc74dc6
91a8f7eb377ceccba8ed8ca2a8ef23f235a7485c64a7833e62fa74160399d09e
c27679a2db8b5835fa718a5cf622062ce098bd71402e8d1001ec17f2ba9dbd66
1d03caba800bbcf520c9d93d7370c5d49e69a339dcafc4fb091c23f3bbd82a91
21b063b0ace9bbf8d3ad9587cbd589733090ed55ea2acb6bd0206233a866b6fa
ea28d51cff9d153fe4215f4f31dd2b7fb80d757f1d2d3e795fe222cbdeaf6d88
748be5da9d44a0ffcb3d4aad4beeb0c3fb760574be05b2d387293534aba04728
41e8b992f359df79d7e053cd85371e7b85511108a5d1cab50ccec2c1f080e958
c55ca3884044f39768d16fd9d14bab236e9415c4a24eae02ebed2e938459dbf1
77f4cec3d36e6de2a1a5a1bc3bf53dd6f777ce17fe282e194a3d167a4be02dba
cdb826f5564930f217f6876620923f64ff04345aac3d682f0d6f7886f5be77e6
542328b324fcfe583c113a0351bec8f8aa2ed842e0b010dfb5d0a3ff5cc8bf6e
00a33ce51df69a482032ed4c8147d8386007a3d27f69b6c1db7334e3a71ea51c
73ef849c4be2b1b0fc3b91aa2fb0f2af0c12af0c54b0b8094faec5bdc608b92a
a8ff4a9883868b20a87310d97b4fb3c3465990840247154f4a85eb98c6a0d617
dc65f2c04442f57575cc962cabd8d764cd557bd8da2d735eb023c6dce8019d21
4a38ce10756ca396b58bdc920dfb35ef73b465749742e65d4c8efe71bac6766e
2fb43522007bcdb4b9cf969a7b80f53f87bdb2ddab1750eb542acdaf8a5124c0
1a3bb52361c878a80343b718ce6e1f5065e7d7710c4e33672b0b5e03c197fb4a
ea3a727930fe721ea5100ccbe5dd2bd64149cf48ea44f97505e8def1d5d3bb01
1be83680cb7d703155ccd8bb0a5c22a672dd8bb3ffdf2471acb36cbe4ea4d3f4
512eb9b97d2f7ce01759bbffbda853e7a0798eb252b781a6fb0514372ca09475
cecee1ccc0f33a9b450b6e9113e68f0eb549ddd782502164cbc218a635b26f60
4fb4cb683984b6dbc188e7cd11d4cd94eddb3c5c035c4530cef31ff5e48c01ba
d823b722c5df97dadccd6959a641a164821d52a219341a314e08ad20bf37d812
ace235e2ee09181c56ec6b0c593b38a081f15dcc8cd3887a1fa97bb6360dd93d
25e7824f67f149577cab88dfeb4f8a832a7642afc86c386267272c938c87f825
2da94fa39d1f2bea55bce47334ded0f7867bc410b687b22fb55547bd83f435a7
2b6fc704407ad5d30ec8d45092aca1634f73f0ff69856221c906998b9fa55d0d
8d02677fc643384def0a65ab6aec5b3c87bb53ff58bdacd2eb9150e5e37806d1
35426801413d283236d22fbb24e9f11196b7c96b19e783b56f2e71aa75fdea8d
7c0d33b6cad0f714e0e08e81bba88f5ae72b80c2b2f8bb91f3cb24f80a201d77
59e88d22f038c14aeaa9a0bd7498c1ef5b56aae950fa7f0e3e2804b62902f7e1
d86c435b447cc0d22539b91214bbd8ecaa28006aaba49b1cc9b1460ae65b9415
c5d9599898c696dde6ad5cb8528b1a2bcd6a831d77255aa2e6e7566e63984d22
ee1ab186081806da41d20fa26a443241fb1d8ca1b030f830c0da7b96a6b3d942
ecfce26013384100df6fdfcc659011d0c968c8259e6dbec9a9bfe91d85eea6d8
4b78103f4adcc686577b19cd1dfed4c57e2fd90fd8fb89cfd879c5c3ec59d3ea
6fc18404b51a3c48d7c35c3c353b0cf1915897e02f894eacebbad0e3b429facd
27b4b5eea43a11c75e7f0ff0cd2c6ca2855cefd170a58464e8b455ecebfb0cb7
9db1596c6376346998a4617e934c6326e468c7590b818acce700010b389f17e4
8da398d23f1121dba6816154d57b8b6cd0a42475ffe2358573c1c454edf7fecd
87f46e1143b0717d55e28fa0fc4bfa55442cb0be30817a3ac8ce7dc2710cfb97
128e8987eb13306a6094af77490d4c1de7af0aab5ce93cace0cc858a1e0f2b53
96ed8025a92577aaf11de3652d139b150bf4e6f8ebc17b99b4a414379d04f3f9
9d15438e7458e983a94ad30430f683fe1324921c6e8dee4087c13237f06b4e00
f19e50ebfbe18bd0081f69af581cc71b6e4bdcea02e18d45bc2f14df99151aab
a9a02dbda66b7cad8173b2585848577062e09c87c1a664aeef0112c852595e2c
378d0ef504c2632bbd7bb4b4b533fb88e71307f56117d9b71b074d717727170f
b2ac99680b321b0685f0a17f824bfca67cd0eaf7ebc57990262dd140f46f1ed5
f5c31049b51465f405b3075499026877221ea384778d7d571d0fc438de0ca283
8659fc4f9f758ee1173ce729a90027e49f7bd70e86883a16211938a8e2a70267
010afe0635ee57c22067d43c7726212b44299c9a89a467477ced44f6f166a15c
6e0b033661039d663fcaa12f906dc0e20b059074fd0c4d3a0c2873dcd162eb0d
deec60b5617a61479623be29cee26465b2bd049ea706bb86c2d3711a61690b2b
e7477a1ab72d1fb9fbd22c307d2b30049af0ce343372113a5feb0f24e8970785
2d2dff3df181361761282dab16a16545beb59fb892a270a842ef583885e32c46
06c32da13c314824e4e9c3ddaa7e0c492b9e03c5aae7c9c7019e80513f4d185c
b6c48fbedab2407d31135d2f18aa46731225ed4b471f22d121fb12c8cc93686d
de7df2e7aad83a26f6f7b326f3f3061c999cdbea03ba96d92005dcd3d1bd2a13
21a7afa48ac24a91329df342ad06f2ac049d1691237086628c43edf353e0eae4
5765c1a21b313db87dd9bc559de487bc27bcce47181db8947cea7740e1cd8124
9441755b9ee9d98d404a8b5df0674fed3bfc4a3c004d97e86f79380770129948
ab9a874de3a68edd997c6a025553c542bc109f76aff895c8e161f6a3a1c8add0
f3342792ec1f1ed71bf3e893fb9fc2616d514cd9ee951f0509ee5cdad8af9029
8d36582d022e0e9c225cb7a47cb4afc05cfde7de071b249136cb89021caecd5a
c047b16f56e02cbe9d605874ae1c561d4f69139fae149f55b0be43129e5ce4e5
02f1e3ef23492bab77b35d827d1c2e93c36f42c1e4d4b71c40d93dd197706fad
7407d178303b06de468cf8ba2296804e6a8b2c80da85050ee1052b250dc78146
24120f79597060134dfd3565465c537dadca863c154d827ea48ae4a35bdcf669
f7d8e3ba0faeea0b9d61c19b9afec99c13d0fa28552ebbfd9fdcc0a17d8e1ff6
87338946be93ed1e895c7be628632af62f852ffd1e3cf2ab18c66240d52b24b7
b07f132457f60bdb77340056dc1e921a18a9588e29eb337a856726a595cec24c
32bfdef7ac6a820beaacda6945df45f1b25c06a09ffbcbbe3458f06794d4cbd8
fdb9bed48b194fa00f520bc5d6810951fc486dcf9b53019ba05b967beadc3639
d58f2ada3f9181c047a0e862a0813fa2996d3816c7ad62f6fc3d55083bdb2fec
d9789bed8309ed91697baf5268cf4d8f1ac08a4dc38e304e1871b28db4dd784a
186782aa5129e7f0d58d94bb021d4c844637616143fc48ccd0cd9ddf3b660e5c
ed68aa91f662b1ac9180960b4674adaba0ad6ffc5455acf3d35130b179a66136
40ea40adbf218000ea60017c0a760f97632c5a9de92e299920c4fa1b1cfad669
439ee1be3a05a24cecf852e7d5c3e081633f9ca7bdd80909971dadf04f47e7c4
537eae180fcce86c9870f10fb54c2ccb886013e1320d389c5c651b21db74c009
71517ce7e7b775d43fcebfb9f31f4a4b259087ca78f533ec57b6b4d214a0fe3c
22396aeaea581699d6755f3956b64dc3ed7844d70f5e6d06b13ed24378b7ce65
e95a8090f1622fc9b141ea721aee9acb5479d20f83c79708146c0657015eca7a
711f6ad68ad691d7375e87dbe7ae158ccfa29caa8385b59690acce5625aac9af
028c2ccaaaa56d990986b20df5d749a5d2d1fdb37c40c338860b146bfecee0c9
50370b347abcb06ab99f3131253896114b17baae300ac0eeb4b8c2a44a400c14
e42fc77224109c7c8b033081e22049e7cb46b1747c19f390013e9746e59f58df
a06aa00e7a77b49d2f0e011fa7790b62c527fa5c1437d1d4f128eb2ee83ca5d7
94dfff70c486a77099c8b91fcc4f3720ed5f5d8599168e4474dac92951f5cd56
86ec99ecd906c83e2855c39c2dbd856f5d4c1604ebe02d38dffb95ed5f572f0b
2fae68fb38e042f690533bf8e65b08882488ea7b55fa5ab8d2d15dc91a0eaef9
b80db38b8983d5842cf5b8dbee58fc6eb3261015ee94804368582255a4db26b2
1d517ca07f337598e29468bac59416173633605879bce75c9ca37532d0aacd86
03d92a0680123755d84756ed0b635a20bf5605e223b5796c56d135946a31a2cc
041a94cc68867eb36b91f3eb17869e9f8df36e8e37b0a966fbc44c6ce17810a9
4121a05ed0b89e6581f43796a1d41a2c6c6101a54cc4d1643cdeec3acea18611
348052408eb75d69e6f7ae08b1067754215043c0cb37edf7458a701a6f0b0ee2
2786ca9d50d1c7e4681563d197e04f07e48a473e90733af637c1561188e6d376
8081a624d82da4bfadb763d48fee8e409af60939965a32dae496382f7096944c
653e513833df8d8017e7b9388c79b3019e7735b0e58de796c5c6e8e3b8b36412
feb7b7422b8626e1578d86e3eba028bd8944ca9d1ab96b31efcb9f9f2d136d97
72a346473b191554e08b7ecbd7a792a8e1e1453c9fcfa32b51b3315ef2295e7b
cbb33b0798204d57b507b82ecf8345f99486d47c916ea08a3420959bc430ea65
bb8dceca596db7aa23e847ed11055c1dc4b1c642c6c3bcf611a1e3793c1ef95e
0915ecc9daf2e540d245b83116798e97fd54e4979b2f2b5c035d70f568957145
486859be34010e2aeb5d27fe52078911d96beabb750843123f1a115ff9a7d267
6eaff680de21c60531af65ddbc94bca056e603786be603d56c1418686d53e1ce
78972ab19e9e5da69df8a0163a0e0a792bf83547af870173a712284d7de74998
9210437a4f4db42055826cc29bdefbb77f47cde97f84b3014c925bc46d65574a
3ce13347a1e73e3c61024c8c9f252fc9417fd7cf073d0467f5fb4964e350d548
bdbfa7669af87ec0cdd2c4a264b66833e968319a50eb2da4c181fbbed3854186
1f259067133aecc7388a11de02885f11c92ef6ae1c411d9aadc80b5a26cc4f15
b4465dc55ae162982694f23d90f191636557c6f79b8229820611cde7c56030dd
2ead469dcae0a2eced55623a473916296694b2b140ab850c56e829926c3d82e1
e63a11f8d88d6136bc9144501b93a658538fb53b9b2785c08efad7f165bb93cb
810363994a49d2d71cc8ed6e9e0d016b278814f7cfe0da4c88eed65539e111b0
f0fbcb8bb5254a0ada425a87b4ce4b72a64f0b939dfbbcbef2e00ee0a8b14c8e
398394d9f3c10c84d35af7c1a646dc8e48f668c8abf2c84f750f901048b7f5be
77d4e1dee4060ebd40cb1754fdb03dd54cdcd7110b3442c6976cf282a3fedaf5
1ad8d28883eec499b8fc74e104a9c926a6f4fa946e44cbbf67a1ece9c4f69203
1553c3ab42e3fae7405b9271a3e0274e9cf128916d3a6e1c924ded7974314626
c050ce776952f5bec47d61c8fbce05b7de73154f2fb1a2db57f448d07e1b62e8
7fbc75bf4ea07825028afc84c2f3ed6a355bf5d1f8d3474848fd94e664f39bae
72c00dd3726fb6595da19a1bad6dc76fd59e310d140d64ddd55994818e4323ca
5dea682211d724b2863056229e8c90ca0649fb86e073ee9c355bfd982e41f5c0
dd506e3ea70d6137d175d3d4d991829efa7ee763697571dfc6929b6fe93a6e21
20a81e15f6b65da12d5d5228ccce5cdcfd00665678855fa4024dde0e8be081f9
b090c14a7fbc035a1c423fa6d2e11b9db4689bc2c6786d55cea420551093d63f
bb233a47fdc3a6269c4b17b4c3e9d8c2e730f3afd02d4b2ca2f05d51dc112859
57a00eb4599a09a24075dfad91ac1709ce81f78fcb2ae2042dea84845039fa38
4a308fed584e44fd570ea0ab61662b342f91d5f19f2b46318165664c8996b146
f04f45e490a6660e2d00e53069500759650bf8d9214a0a4940cac53871319fda
b28d2d67ecbabf67446bf40cff0db8030ffbd02fea1cc70218469de8a796d8b8
3d5a7876c4fec457870b934dfb9e3a7102d7ae8add029b4df87659a12612bd42
ee4321b8dc61488991a98b9599f1c5137a48c1d6afca55a781f92490cc1b4073
00c733674bc424f927915e5b5bd9a5e6986f5c5099aa8d5ea1df0398103db8e3
4ff56bc596fc9d8045eaeb6200da5bf5c436d7fc21a6f17fd69034bbdc45e58e
733cc9d0a7808429244454114d115fe37f0d342f647f0fde9ec5efba8a8dbdb3
5e9b374acb8b857c412354bb0e2579716b77b4fed2426026aefe5af55f3febd5
b8c27aad6aae6f57270662f1be1a3cf38f530ca4d5ce7c85ce7b49c3bdc82427
0eb19e20d521877a131995e02fed9be56801df96f39a73981a5ac147fc922239
5d538a773fc41706c8a70532ac9b91fe4e5c0317ff14d4f7274ecc07cc0677ec
229a3a286b129ce02ccce6e1c9504f774414b03913487fc776a3dd1c3526bcf4
2f7dcb6aeaee0b6acd7bad406ed130ad5d7c82b9223209b7773a71e0bbe13dfb
00be575e048bfbc0fe1166e6f2ebdbe8caaa83090742f8c5ff9adb8aac5a3109
2b4526b5f18dff7eecb798624dcff49d42dc9d4921698fc8d198a320412f57dd
5cc21165a7a2f03959ad5c4ce7726e0215f730f52f3270e267a47cd88dc95470
3c5c0adca27da81b4548648e19b9ac9545d3048c78bba170370690972a6ed551
34eff348245f9852068b4483a20b3d1af9581e0c9e40143f628785001ea83d44
a10163c50a52699a81a24283c9e03f4a40aa58e54c107c947bafcf74bd1c3057
446357b50a7b2358f6ba805a6ec585e52a61bd9d22ec9dbdc525137d0515915e
b3b95cbb312a6171326dc701995c6acb2c31dce5c9c62fc75934c4dd8c5ccb37
ae1db163f2314df06ca336388ba37df00fcb80ad7579538962d6e8059ec0a9b9
cad6bf4cde0345877d8714c6c1ea64b1059b1375d94632682c4654a81659553e
19e096684ba3d13fcb833b938f1847ec8b2422bd03d83a2d9cb16f0099aa3083
396273fb7172746b0e47fdbf6183a565a0dbd9d36db02981ff8da7bdc537d830
5ba1d1d2bf02573fde20938522a8069c30fdd297798456e9088d6dfc51e96890
77e15bb17e3cfcd64369fb9fb5d859e4b1695ff848d8ef5ea535b33bf784dd52
b7e3e4cda6256d8f6c11f99f52f87f1f53439729c4645d6cda274cb5fc87376c
ebea7991b7bb9410a678b77fd80c31649bdd53cc97defa78be603ac3e9210353
56650f3ae580bb94aa80bbcb4ea5021e6b21d44f23f17725c84a3425e5d153cb
65878297dc6d80f54ed0eb916ee41cfe86b4b3f87e6fc63b20514e524f448d49
533a70f5313a939444c324eff2978c6580e2659152734c957876d517437ced83
fcc32c2fffe76ffd98683f8f953bb454626776c02a5eb00e6c07c7e9b8a1f47d
28ed398cf968988c7c7892aae03af4d26bda9f190d4a37623caa46a822ab29d5
651c254262c08d3f579dbf9a5f741e73e2d1e4d6c77cadfeffd93031d4b0b5e8
462cb79769dbe2f09a263be06d64f0bbf2f2043c75b2a157bc0a432921305dea
e58b38bc58ce83f2cf06258395c7b7c72e6dadf8b5d52f9755a0b32c397dc436
e0650d42df6b4823034b1551312e0ebbbd235c93e5257922002d2a8e5832e190
c46c8323d6c3377eef95509328b1f7ee8c8d69f7298a4ef283af02986a65e396
2b3da57ab2acc70d7fec7c881e7647e2bcf7adf0484dc4153b4a570b4fc21a84
a85e195074239e3bfd47bb124758f0bbed29ef7270f015e64360db03ff5dc9d8
e9941bd05526d7f7113f5f6f210f92efc1d51a052d825fb4a514108d5d531e42
87cfd65cc104a94c12b6fcbda15a64e8dee88cb10f6a9f06c196ff0fb799fddf
e8b3bbfed791f8d9a696dc5993ac106b90310eb28f55468564f26a5b1dd66789
26effe7a16de41d1a16358664d252c07265279323547aa9b4ae2e0395a90e9f0
61ae41b4b520613bd9204632539d6b144cce016c47b14111b2e37ab09c4bda80
99de69074115140b586ec0fd12b6ff8900e3bca6748febf66fe3c72f7c47891f
529d9c43f4e2ebfb1fa081a65a9db62a6b462a2744cdb37f8b3f0e7678aa32e6
e780c94483dab48392ccf8dfc87d3d6150805b3184e155e929bac0f9d168df0d
e7b0164ad2086e2b67d721b8d09641d3320cc86f5d545eace73a93d03fdad0ee
799c9046ad80bf897d998a535f64dc74707039233dfa25c6f320d49f2db58ce8
d1751b84d55d63cc5ed2b2923ef34b1e553b9eda0a0e5c69ecbb54510903cce9
9c8e8be31230a5e818c0c39ecfa245956ca941e693c811701dd8509d5b7242e1
451e56b0267b8497cdac5a26f037a9161a449e259b33fbcda786cdef06ffd5dd
89d1c55defc10023120657852b6ca7eb1afc66a497e1f7625db219dd427ac584
8a9dc75e6aff25c9aefea66ca71678cd94d356862e343618af966c6bc1979d95
dede9da2e8a81d29a643db2dd22a53617f9a31e65372d951cc113d924c3a4e2d
88513c18d1897ec1010fd51d4841f9dcb82817d958049dfa35ccf1921770fe46
a40823e133af911b8b60c2dc3d9e19dd3e6cdf8287334d67fead70e437cdfd91
cee9c7a658b41361efa5ea9567aea8aef9dd66ceffaf284875fad1cbd7799ce1
27755ef2f0bae44eeab97f5934fcebd111c62b003214111bb99e59726e49abd0
798bd8b3ff6323786553e2b6bc7960cacad47c6d4fdc3a75cba9462d284d5d26
27fda41bf84c789a1398f848e91f37189fcc59e15ee8a6e9bd6c5fe06a957a9b
95ae1033aad0760623065c1a8448fc96d355708d6f6441addc2ac338618d9ecf
a610d7184773e3ac8f3c65caa3238c3f40b374b2e149132e250af6fe2e28d1ce
23b4c9db2dc0167ec8c373da4fbc4aa2dfff642e9492f869274316067dd8cfea
ee21cffbb631fe56d65e9ec4ccd8a95f9610e1cf86b0f0f8dbeb9910c6c8752e
d234ee0345c4f80b0d61ee78412fb0347740ee29ce7b1823df9c436c938675a7
50cbec4d37e55de56eef96c6ea6c2e0799fd80f97ad4252442879f885f37ac84
bec2514fff44dd4f3812fedf7a198c5fcda25b144aadf6e71ab1f4e6c72aa41b
57eb57e16c51a5fb7b6f7a9e1ee5ff47fe68c5aa9e15836c55789e03eaec4ef7
cb9d26599b68db6d31f6fc9cc5c7280943959dc53959bc3721a7c6928c713616
9893635b43245f2fda2c882f36f1c2f22a74cb96ac9acef62c9a9721891c90a3
4b8a43bf6d428c7c142a208fbbd437a6591859e67900e63683f9f1525b1cef01
fc3f5427c1ffbbc9dbd72f797870134b7dfba5366997c631537943f5e667b15b
a7700d61f30d287fb9f69232de1d5352d9deed759af898a0531aa1618db4cfaf
973f099c584f7d03cc94328a0ee064003d382d2bb0907b7b8f497aa802d3ed45
a632d1d9bf2cd7816552f97b0cc39162b08a60b56736ea98ec5653d1f3a70a00
c785f9a8986616bc5d64c4c20f12c3b400e20e486a256e31a1920811fb1a69b5
f9f7126bb5561f5e7885eb21242c6dc29d5d27f37beac33608389029d08bc48e
59e44d4aa9e5a575b94407733f0e6e7768a9e25f3941f3477bb9e357b954bbfa
0790dbba00674ad92cb3d3db16f1d0d51ca95553d66420eec0675f0e701f7dad
83c578b8b54dfd10e69e0babcf03961fb718f1b13c57cd4813b34a4afbd2ce55
df76187a2753f3c72200e3916da874d5cacf05b032b0392d8b748f47e77c2776
d7e1fcf9fa4864e765899accec1158299bc54dfd2e272aac8d9552d8f4e26d3b
b769f4992e4f3bda34facefee9954725d0cdea64f3b8d8c0f335c1b793e367cd
2fe8141a3c00fa4080d8ebe5d06893b80904896bb919e48631bfea55b3a105cc
6d54042bdda9c1d2f3536432f3c5d36695182d185cd5e459d9501583238bcea8
44eebac12fccbe357e08a56097640ab387b3c67e9459a73c224806b74cb8889e
d16d48ca46201649efee73c633044f6bc7a56d60e712f8cb309dbe5334eb3333
bce9183adbb62c393a1870bfa8ba9a387b7f5c8e3e80bf85dd597398047a8632
7a6b1b3ab173f4fbf547a8d023a531c95c99725beccbc83fb22c74be29130adc
919ad437d66a258f37708922ffdbaaf379b1996c2582339d441c6fe97f50bef8
6bdcc41c0268e8d5c179fd6a54583e9bd224aaa128d2aeb198c47aaf3c9ee5e8
f13758d41a6a6a75a249914de70883ebb1768f14663cff1af4705bc69b3c0f3a
31cdf6d5846b4f0d5c745d582851b7a03135980dbd92a3e1b591ec1fed46e9ff
cfcc2245dce9b6e43a731a6c16cbc674441011f0489ea85815a1e393040c7629
f8796e5969472ad045d7f1a5d9e201209308c6821f5cbc41e80c6b81e80b444f
41d066d4ff3508c9e6f25d644182eaecf4401715864e88a175be4756b580336e
c4ce219cb7838fcc7d0639ff55c131f0d7472bbca137d2f4d0e6c930adce458a
4847344067515b0d60930bb876629d8b73c601b7fd3e115446316d493efdbca4
769b8630b302308f763553d3552759c9b2378d15af34dd22d316015af8c64a48
4a080a96622887ac7350fe213ff101c96e6856e4172e041a2ce2ae723145ceef
bb4289170649c46372d8e3c0846b1a965e35c494e776a424e503708763a6240c
ab5d19047dd0196320a93c8d23c7c7db4f78349197ae62e6993b9e52c7c7bb97
c6bbdb24117512e251b41bc87f5806010666b1583581081f98669c40b28c4e4b
2e555f3eb0131d262a4dd0e8313253d88f42144bf328f417f6b6ac4bd78da24e
81a28e8972fc0b8accb0f94fc27fc258eada1d617d3afd2b3457c047e45f6404
1a6048ddf02868f8c15a159530e0860269f5ec1a7a0b03210290db86e2b0cc71
05a8d41b87999c4dac64624ded626a9e1556e028b5d13be449593530684c6c03
b3f4d1555f33019268bb6b29e4760283203e11159fc9cbe94a7749d552537740
222f1d36f95123a2e2060e0bf8fbc8d9bc3499aa2fb640e54e853bbebf9de0c8
a7aa21d84a6daba03b071251799922f6bdbe848fa1dcca1f5c9e078e4941d9fc
72c861c3a10a294e759e923729dcf3871df088dae69a61c529de80da56173165
223560f6061b8be75abe192707225d18ef1ab32423ffdb474d0c108902d740b9
372152cb4921c126ed61d56160621caf0e4ad1c3f96f8d5e1de339927d68e19a
63a575238a010eac58bce29057fb599cd3ccdd34a0f0da19963181857486fc56
7bbd6b35baa314f5ed2fd2d108e99ffe63ed2b1d0a3a6880327d6a349e7964c4
1310273687713f86d95a977c87a6eaf3b24671c99480922d0c8019be5804cce3
3f2e157b753e39c6776d5dd8fb08137d3922fa917ed8cc3666526f27eea4b20d
f04ae3306f98a49ef47b14bbaa4e853ec3f51cd360899a2a85dc5b5ad7fbda31
281b0a1651630ff9132f891b368e67ddc2aaf8a420b5879ed98ff88e6f7e2a31
d6a841c1d3102b221f96289a31d7679a345a36c1fa5ee7b127f01cf0f5267872
5c5aee5d1b3439050d29517e808ca0be03f287bd54d1801943700d13f8f93c6e
26fad67e1b435795d184c7c2e5375731b00a46551a9466790a633a2f4e2c5b66
1364defb8310020652998a81312d794c8a76ea8ae96da35ce278f9467eac40e1
0bb65edbce8126db0bd76737738d65176ae3660d246e0d43037767ed0964e892
fffa9250406ed939ab98fa6e96038d4d7363d148bb23da08a999b9ca155e4eb5
85a2f237ff4bf44b1d7c5982d2413015d49b9f405cc78b769be81fe4be44b7df
21ba4c621176225ba5fc9549a0d7a7cc4a26f21c2077f91c2237ec7ef9bcc47a
3a2a2db01c76f2e2c9f374952530a704cee58e8206319a85d9b0314cc98b1616
5a0ec31daa84fa27666da56af259b9351086bba0b9ab4aa6007e3e6fb1866b47
01775d4fba106ef69a0248703247f1d4cbd17c8d201b7c245ddd3772921f2c6f
be913aac5fbe8576c295a4609a6596ef7a4364640d581527df3228c35ad34e6a
2947d65f291e641c3322331fbe0b0bc9c49765ca9d0939a6a98f097e4c947d51
2949781727968b714df5da8a499470c997cba40c8e0229a2809e105538187b75
9f15e7b2f42eabbafe68e980d69744b0f99e1b134d605757b4b86a7386bc64dc
2426784320ee2e00de355762db953c872905ba7ad7c5160d9eb4c04c0855772a
3f8c2326a85f37d0de9235cff781d68a7df6d9ef6d62865ebe8167a751c23456
cd9efc74ca2ea117d5d064cd93e2e7a96d01b0abdd53a485d1972bab7b423405
59a50a751f1f2436f1d9b28eb930f6c67084a27e28f9177c83b4ebd944812f69
02a1e221bd74bf1927a078a36038d9bc43a57875f9710f81155873be51840c1c
dee1bdb479be21601f8bc290ffe2f8608bde9ba89f3ede253c27ac0aef7baff5
e2e4728a9d40b2c46ce8b04dd2b71ff8796cb39f7bc0a274720f38bba43eaccb
d51e907d31d62ceee02192417a099c52f9a78927af663e387e8f5b7546a702c8
6cb4e845f563eaa0729e8b988cc974896c1e8017b409105fb413ca86c3391446
e5a7c5d77e9dc39172cbcdd9ce7202617bb783ce9cf713b42a0e93ac731bb2b1
3fe21791c46cef1b0ee361aa44a799b7696eaf546c787ae9c4aa1dfbc39f4db8
f9b6d815e07523d6a577ec6cf209a89379b17ac1e71cffc4bcc6d5732783a25a
64a55b40bd9594b91a146c356eaf9b851eceaf128453fe3224c35d2ea0b12be4
4d6b840c09d157079ed8173ad3e2fac7c4e5e98124240dd24c8a20145c04609b
1e5ea133262515256e9431255d8c18e1ed8e949dcfc1ea3a38f3ccdc619c817f
9a959ef11aa039e0c3f94cddefa40253676bd5623004fb9ce984b16306b6dc54
74f673836e3552adb88d8c90fae61161f6c7385d4109dad4d7fb860797182ab6
6a50d277b441b77cc67d2c487da205b642bfc72c5aee1c31ae8d5336b0cd3e23
9258ff8868f3a9b94d198c8ecef59fb0a86a9a783bba3dc01ba38d9b44fc3184
5fe900567dac192a6add460fdca55cf4e541512a9607d7e2854b404d813dec91
9f7f8ddda7c43c5a88fc36ec594cd6ce6d1537037c83f9a3676c211cf19a5955
9b5bdd234075e696b5adfc2a9abe1723a602c3cb146a3cf0a53b3d4d741707e4
da9edfcf344dc181e4d12712394a62bcaf1df0adc22a548aa809dd4c9ae3b67e
c5b5c93381501fa80f7fa9a0ad79bc624601e86a774320e89777cef9782b75be
57f7629163862b1252ca878dc49daefa94c146fe2448ff13184e54a68c1f92a3
764859de582d8e12a1fe5685b8c85cb9b0036319bd032f6c7f3478db4c829332
0b3f51864531f7a23c4d8b4d2af49ea26b87513ccd8e7381c51e6e09247f953f
56395d7d3fc56f3f58bbc2b90146e0a4478ff224fa1b792b99527abb325388cd
fe952a8d1bd6f5208dc0bc6b78302818d0413d2681ee18b5959fd1046d944532
3679f42da565e655ba1a5118f61aa726b11513bf17578edc3c2b81eed504bfa6
33c510bede2a1202befc23cf7e1623fcd24e2d4dd5d9aab140a3d332355fc8ec
2602af8aa221232a98b334e6b538d76cf8b10964dcd6081b389a85bdda978e74
859571b7db9c2dcf5f76a9ca248f44f51bcc811d6df586c3a82e1ba165075014
3c869e78cdb844048bc79fd6deddeb9d03dfd58ad560895b4161baef24375fcc
590c9d88525e8bc4e26532afd9d2ef7030106b3fe3ec36f8e467221259b1c194
1e211a877a173ad31c0b6add3fc50bf7d19d49d87cfeee8ef40b725e5e2dbb7a
4a74440e69dd567fed71d51e279159fccb30b970f36d71b05f35809e47c228c6
ce8e4bba2ab0d173834d93305040453b74898e2017bc6f4ffaf5d9141bff1205
6959df07a3454d4b5beca3aca0d69908c4789b50e823bd04ad19a492b15674a0
5bc323b2e667169e351a33c239d623f5f880e244b5bfa28ff1c8241f3df013c4
e042f827b64886beceb3b47a7c7dc369b594f842d403d98f2b2586df8c0f5300
fe3a6b025acb64704d5d9bf19077e34fbf5824edf92e431bb61f0d9b32f20733
cbf254cf55767102702e66b266965646a88ec6ab525cdf482a09c86c9ce29c87
dc217dd75a42d94a6794b3047f1387afdf747a9a9d6133bd799377813a1368b2
1b84fc20ac296e69f4377e4c1c50f404c98e3254bee2bd867f0912ebdcb64d68
ab930986c63cb20958a8feb737cc6da2ec8d4f9fbcfd583f50f95846ba983fc1
c2829e6aa2a030ae01156cf3562c7f882ed7c096d59749f15b4cda5cd65e8262
c3c39ec67028cedd2bf68340ab5c240da66d5e5b5fc0c7165e845cc059b8a970
458b1cd0696adda2e9424c5a522c3f0862a9d9c97fa7d441016021ffa2f2dc98
904a210723d53dec56c5327328ae4e6d2b768ba79431981f18ecdb1433c6b2f2
4bf5122f344554c53bde2ebb8cd2b7e3d1600ad631c385a5d7cce23c7785459a
30100ac61a587bd4c03e7c63ec9166bcee6a4efd0b87a09fd54e4a4d69f294ec
ae711ec4ff9b5494333b67e9b0a8e9637002d0add26024653cce545913625c39
df7709a66fccdb9e4305d19a908d6f75d777adfcc3979084e1d3fc8b6e14f508
b282548329b109cef8195379dd2d554668427162fb03015916bb0a999105e88f
a5dae41037917c720d6f5d1489dedd74a682290bc3d143469ae5b926f115267b
d224948c938cbc4412e3eba3e8e6aa5b479432bbea593a57d0269e2145360844
2abf5dc8900f9ae50b8f14ff5858d42a07abf243fc74ca31a62412fb42d40ad4
d5f914c6707ca4eee356097d1fbade99048ffa59bff138c01394d90971355484
3f0ae85eb9309c9a92387589fd12e5c3ee361136b37d1166aea5e12ac4a54346
947e6306a081123d35fa77012bbfed98675b886f810920a8075807ea976433a5
03364cc6fe2129b26804d1ae6c8d675e07961a31e439ae98ccd3985cbe677850
af5e01c306dc402f9e7830ffd9fa231e67476fe167bc87510600d4c98f9853dc
3a5a4eada1062ab84e922a19f28df5d8edd9c01a12fb0c26a51d80b316b28e6c
309ae9488d42e27738feb25c1304eb504b67491f0dea6133f9b3f34d61b8ec51
e113c5b7131d44cd066a36a94c75270ea50fddff9690322ca623be82fe009922
aac611fa2debdda012ccc21adbd1b452bfb4f736803db3ae300b47ed186761aa
bc4bc359830e788988cec0235938890b066d9f76afa86a66ab35c2be7a89131c
7ca33cc16cec2dbc27958592ebd7991ffde6a8fc99143481624582c9c5a65ef2
b83dc34039113bd4383af0f8e7b1ed801f815b9d5d3c96ee326f7dc863b1f7b4
897dfcc7e8fffef290ff0c486db3392b3cf5363dcce746567a6ba641ec11cd71
f3ec0c7dcddff276846d3623f2b2a36e4be8c595522144092082f6d274724db4
a04c39d0b8130352125a7fba04a9891611015f7708f14629e5c680ae7a0a1602
0301d6b862bfed3cefe7d40103309184f1b337d568c3dbc75bf9acf206b82725
2974825e47bf9f09961609cc6386dc5f13ae8992c22ef2c39a1c0284bdb5032c
ea496a8b4e42b85f5ee1ff424c07562c146973723622219ae5788e2ee9d21bf5
70b32bac0dc1485c760c2a90e44beb9f3d77709b26b2334b567bb41523bac291
0a2b6857755a25bfaa951000a7d4772011cb017a0147cca73442a47657d62839
9896d490a6dde55b210af9e8eae0f30836bd28500d9eb45f92fea920a425417a
dc5dc894baee9c80a31362392fdb0fd2475e6e2859b2b187d274f1ee22ac7d1b
e05442b8317616fc30c61f9bbbc04e53937dbdae57cb998edeceb03c4d479322
0ec5b5bfd8e2d2b2b3fdf88d8bac3de11a9321b2b5a6c9514e03719c4a089ec5
fc0a71b7baceffea13f739ec9868986aecfeee4cd8c5eaf4aee3c874103b4820
9df0ac9edf451b44862a93868753b3a3accda72990fd568fed5bbc9a3926b3da
895666c16c430dd7af65355b29232fd548360db7a40c9c50fd0bd082059104e6
5da8e928aed89a5c24c7819d1d4c57cc2c3ec9d564f7d0d608e766dc4a9e6a63
505162ec142be8bc3bc8f6bb5f348858a9bb60ba31c67a9ac1c835158b2458a0
e1e81d82b45ec0842ad0362298ef02e954f67260ff4fce8546ed15d384edfa27
07a82d597c16c876922266b6d2fc91619e7539fccaf745c9576dd969eb03edb5
a56606bdc85dc34e01c40cf62b80db71519fa7c762fa959dd744b161027add90
5a19fcf51a19b0c539dfdd9c87b552ba16cd66aeb56c13c008a9718f37a5a757
e7544349cf047810f9e6ddb06c3e082f0443a8e76df46c61b67ba2bf7a218ab4
21393d42c7ddce5620b772afcf8f7033c3db44598d2bd717b3c7f95a6ecdb7df
81d0ead78fd289fb4fe86d9ef8a7303c31692037d44d1b540c787ce7aa829b27
5f73fb14969e409800b1e4b1590e0d4d7b1566f9938f573514e7429249eb9a9c
711a80aca11573ae68517db71c8eb3f4673dcf3522d0e680282c6d77c5534e18
a1909190aed0054dc83525942efeabe4a081f09af2702ecce549c2ca956b5c81
74bc5a9657df47a0f1524dac592971e0e9358513d33b3b47842b857613119ddf
4042d2ff1efb8ddf8a1ce701689f9c07b6ba3a60b8d7ae35069dd0caa4769dcf
05bcaba916b02f5cd61f73c2f086a6c11a0de03cc732aa51f636ed03f7a8cc73
0d90252ec1385a069c5d6954c520665481017d523a4d68c16aa1a97ed2cb9582
100117123dbeb8e2c77c37afd8e184781d6e88dcb21caffbc7cb09567e50dc3c
db8b3d23ad26d1386f1abfe29b85453ddd730fc7a7ad67026ef8162998b10147
b6241cb86a975f593b53c06a3b14cc8ecea36962051b5941318708b5441d737c
938cecb8da90993f7692d93cbd493a87b718105a6d061f12406cab8c2ebde73e
3c70dae6bb82566262d05461f5033d48208cb7b001cfe8cb63251bafb0ca4835
6d30226191001d47a7bc9f623e41b8347c2991833cef5844a66fb445688c557c
f728070d595fdebddb23b2de046b0fdd25ea2c8bcec6e8d4bad50ecca338bbba
06deb4b9e00f2297dcf3e4d1e4f55c6b75ae0027b3c5c5b3002a890444075080
6d20f11a063de2c176e4c06cdf414a68f255dc93d9d328640205053fc509f494
db1dfb9e78836b3caab6c945d40b107f6753c0190d6ab5b06ec98b7bc45346b6
06d59f1ef1d79c38aea50d170ee6b1314b844d806ada51c925952061c0ccfbeb
27805364e6f7b73299d3c0795809bf5caa9aa211768baa2ff5ba24917931b25f
7c4eafc7675937a716019145582597a249cf54aa9858285fbd2ab0911bf4579e
044400abb3f92cfb9c89bca728cc4708ad920a6c66519f1557ec2a74f5534938
d22b3c1afbd343d89b709dbe3d6de937f76b5fd4820c446fda17382bab1ba870
3e95789c7caebfc70efc67cbacd594cc65fbea094287136634920fe55a7cd9f3
8b39ac7dbfee6f2123fdedc8988daa817cf2369809ded9c7d2dc913afc102cc4
7b8caaa9c72faa092fa9239cf42c52bda0333229addaa8faac4dc7d5a93cc7e3
34673ec60e4e989e077c70856996da6fb77f5bdf05d2d8507dc1d57ead4bef38
ff4416d3e0c6980b44d46478a5abfc725998d2c401e068be0c8c65ef8223356e
e0683e1a56379397a32a371965feffd5d20dcfc6aa70a7346c6e47459b1ba4bd
4ab29cd7524cad355a9897a30095dc7256e591427941b78360baf063e8675024
f43e04381125ba2ffb2e3e4d1a902d6244a9df4dea39742ef94c46a5c6c6e015
70c4f5676c8bc4b0bc323c90da3308258435a273b141ece06ad205ce31896614
a498fe0667c7155745fa2e5d60f0ddfbbf639a91f0134a45f5622eb9c47fb8cd
774b477112723a2f1a1b9dca669862e69c5952b22957fbdf4351ea94f5dc264e
38667c6d83b8069778b825265c98e264271bd76c49f1ff146f2a1ce9dfd9d8bd
353b4e81aa88b6b6cd5e79e94eb16e15889d254be24c4e0574d08475d68709f5
c5b18ede20f7d061285d48d6316f69e9a30c59748bb8c7d4a20de32c30dea18d
9c8cf12d6e12bb9af98f587b8f5012b51204ddd5a0974770604e9835104e1cda
c1d38cd55ce6c532aac8fb3a0350e28fad3e8749a8c907aec836b5ee5a612ff9
993b9daa5d6cf61b3c44df1d35af4973262692aecc0f86b261d25a161ac60ae3
6449cfff385f28ba76bf8bda80370540948a78a3db58e70dd92ad1e3a9e06020
75f22c0923d23780ca00840db087155b874212b0e13cda307ea8795476050d8d
20bdd5d3e6287cd3bbf567d448c450d41d9b3ceff60c5a3e291bc0edb08a11a0
d44fb5ba00e10a1b2115b8acd69b015894e76332e8a0840c639a5590b5f49cdb
51dca1c062a049acc02162fb34a0d176c83f4388d4408dab1d2c7555a289dec7
6e7c249168b5fa47e6303b9e0f302ffff806b8ac49b6078564924b30d621b194
902a64b250b75a36a07a1142c644e9b39a85809fd5b66e403ca660b78beb35d9
e3b0c44298fc1c149afbf4c8996fb92427ae41e4649b934ca495991b7852b855
25679e6c0508e3eb156a64dfdeee2a1f955b85a2e381802e61e70e113b4ee4f5
203db4db0845d0fb96f9bf074fa20c89448ec21dfb4d0a7f537a9d19120cb718
0f3d926d40d0086d539eeb92dff74216f5464acff689cf18e5e25548a2e1b3d8
3b7be66b87bf87bcf1f8ba32f89be9bdffe4c699e694fb5df0e3cb659dc9ff7d
d8fef1d840ca6aae5eb777ff89f64587052fbec79ade9bd27a87d107a14ec200
81df8784423905f93dbd01b7a3136d9948f74478f3700894ac9be1b64ec8cd40
75fd761cc304e9c52453b027537607b5b8c827703628bac13b388b2f02a4a1c4
15740fc0a94b6d5a3a32841414936e950e36937ad5afa787e8df7216e54aec9e
ad78913a047e552091c5690937a60745f69932ca028412b42fcd5af69a1ad27b
e11026bd5c4ae42cb3afb7adabbcb38dc5015a5fa75cd36265c3470b467f2c5c
c8429a88d9224e1dd51f9dad7336259388a52d0f119b97f212d474c1ce80c932
590103e4cf9fc9aecb312d7ecc5481a7d3e3e0c5e4a206f9efb6e3ed4e279572
d92fad492481772d20906e2a92a4ecc535702275d015420142f9d49cfd4ce2e5
f7e7b529c91cec6511001b499a6b778f00b951302d99cae0c5aba378387fc1b9
c7b113ced60d09ac4778412e2f5ed31c2503519b9b90459cfb86f6f5312a788e
738f04d05c67e5fdddbe0534c9fba22b483fabd7f93e02e11471f74be232dda7
c550d1acb5effbc703f1fa5c63b9a74c00fc3fd67234bef5bb85eb258af04c72
8c74abcaae638294acf56beed271d36fc26051ede53ca7f241e5dd93f3cade99
24e793c64919c010bf8d068de7911de9ad1d709ffd10a390d4733d684e095950
6e0823e258d64b96bc11bc7a21b01ff606052ae24604e4dc10a7df9770e39084
d378ef91ffd52fff01c0459d578791584903a9fa14d4cddbe730fce2caa93f4d
4f4b5fe35e87450242e6870268f12dca6a92d7d300b04eee5cfe05bc4c2dc7d9
7eb50b0d187b986ca08956f0283db0ae0e6fa7dbe37dff9e38ac26a4ffde28e1
5d9b3c3e58fed8e5ddec547aae0bb80ccd8bfdf54e58a682c60a32aa03b12179
777df6879ba390bbaa3e5a477fb2395b7be8b13ee066b79a49cabc1fc1c437ad
6abee9e4aa9f691ebaf8f9a0e4b1c15c591c686acd299cc530aa13f9a3d8141a
85a5c4c27c78db6e071585a1fa66f140251a8bdeb44838089b6bb4a1bd1c97d3
c985a3207c26075588b6b83c2da83d322a2dac0654223f1cbc9d19cbaa399537
603b1611d2f05210c9aeb923248c40bc1f99b3a9fe5cacbfc51efd1efbfcf84c
8930662d6bd523ad21d5cab1941f2ff90a96e04285f2ded0074cc1cd1ef05749
4fee6bb31074e4ed8b820595305fdaf3daeddb3106086221f41551d5b697c32b
889809109aaf5fb16d3e4f6cf3329c305af28926cb4548ef4299e6da7a6155ea
75a035f4380016c08a214325475fca7a41920f545bcc7b0a69759e990d222026
cf1bdce5f2a341bffdc6d82727554e8e5f3b0c68af845982c9ab99aa7f0e957b
f128bd0350a1def3a699478d702a682abe431b16573983921b59d59fad2efb18
aec47d1f8d310c8525d68a36dff9bf0786e7a6b017c6b77c73cc4c9d384aec4e
eb734e9aab9cdd47dc644669a26ae545ac8df6235194057f559ddbf266dfdce5
f540932a83ba41a30b02718e33095da1080b294c8cc65d1705a972bd12c3f5cd
a961b461909c06d34a39733097f22fff965c5f2b77d0b73355143ba2f2bc3d74
dc74ec62d11e2e4e887dcbd22c50ba83ef46eda55cd2872b75f73baf80e703cd
a04e1d7971e8718c417d324baee5c16084bce8f75b8136ea15a8c448dc795665
54e42ff26c02c5c7dae6126dedd6be30dca4914a249495cb428075cb627dc7c9
9851f467fb721339ce950bd0b8ff3dc96539c55ede5374249fc831b11780c829
c9b29343ff436deb422572ec3efd2264b62821c290c76161cb2bf1b596ede3a2
7cbf5730a0eec8259ab962533c97a0574e7a149ae37bed9dbccfeaee9cb0a97a
257c99b292aefa8c26e6bda7ccd1da345c9c96c5828130943a13245b8a894f56
96fd5a7d42bd7dabdf496b5f7f666ae3dac379a53b4a2d8c38fbe5d1c2962535
2d5514c29d059bf2e7c97c33ba3f5c5fe3cc1f1e8afd225b185de2d590549163
c7cba637bf4fd3ff99a9d254120b160ba61985dfcf0db9c04046d2139affc10c
925567ff8eac37abd5951c25bd6d772beab253b034ab6582c65cf18c834d7229
3713c1c42620a9a18d953c6f97555e4fbd0f4733f49fa541e77d8d2c7ee558ca
fc91e956055e133f592a65824a2673ca2c429aa2cdb83c1dab853c8a2be381ef
f0630609a0b3200954c94b6e563ea3bbd2f82d02fb45faeedf3d4d77009dc6bc
256d6783881f3577fe64455ac12697e16b7f548306d0aa05b6c9c906106d16db
113d58a38a20e121ad3e528d82271fec62426f8a4118abf4a433d47489004395
f80c6c8117effb047d22fa570814dcd249cfaeb90af8a45101d54aa61cdcaf52
f2f04e3d9c7e2e880e435e1d6707287c26d0bff95579f786820efce5953ec22d
73db0770c4486f1e7dbf64271a36d23016a89194f761e59ddbdf8f488b6156c1
c9381adfcb37d4ba1a30f536882af8fb50d2fd510dba004c249575d559c1b81c
2b0bb6eb107896e27a14a82a2df504ac3318bf3ba230377cb5eeac2e8bf0c33e
d6a6c985e597f29377fe36917b1c7bcb9f6ba479217b9d8b2a827cb564ebcc9b
0c3ba5b66bdc6ebacfa607c3000d33e4fbfb8f65ebe1d31566eae199ee725875
15f763128c92c161d0d0d644b159a8fd7ad01c4aaa84aefdf3ba5a5409d4bc00
de1360c20fa50c80f52f72c4ef042124c5bfd211722546e3a19b09f6e62fbd15
f860b476d08321f08bcf21bc0de364e4bc72c0de561a77b10ea6c6794ae14e91
8d2423ce3a3dfb67a8826ec9c0bb3a8d5127784f89792561a03569d2118a122c
e6a1e646d4ce0335452cdb85ad986f7de2850e1e33ed5ae3c688ea1ceac3fca7
39e38d0a2349a7eb6f152bd3954312bad24642da8779d9c591dda9399496e24b
d0752b60adb148ca0b3b4d2591874e2dabd346373e731c27463d65b449cc234c
f5cb234995363f134f9a50747d8c0d2ca22dc2710a0b633c7933b3fcf0a2c1de
5f910b39ae5b12320e62f46a5fe163447596f5b90be6a5dd5b16d2c2a490f4a1
a85c791881cd4830bdb398154c33843dd58597e25a761e76788333a8eb18da8d
bc2fff18b8fbd44401e989a003d49d813998e591318dd75c95c34344793087b4
b911f36c0f2b5ef9b587226e8c29e208ee351ed91e812e4b4af4a497e118b2fd
425e8b0e7a34cd223ca3e420f3670d2c8f5fea8f671f450ad538f2787a4dbf78
c6ab013c45e046d77f4ed1065c2e66228e5dd8669f73e0ec515ad3f3e2cad6ed
0ae893eb0305081f88a922b797a29161a9b83a253428240fc8e495f125209eff
e1aced82c2ccaf8c6bf54b5eb1ea3df534ff8f1e737f4c065163ca8db71c052d
f769ae45f9d87e478496c61ec989686028a202a85c6b72675e2b67282b7fea44
550aa447a39365c2e6ecc22f043c5b2fdf3e74c5998e89d05f9eaf19103735ba
0717e47ada8685f9240242dc66a05ba8d5c98af74205ccaac5a62546ed8d2b52
53757a20fcd82ad5190a96c684d9d92f4b9cd255d9d5563f82616b4f91d91821
b1b072e22eff7a07e6c1b6442925e4635907cd4d5fc3d00bd75e25dada09ad01
2174e4f3ba72324c3ec1a370766beca5c13a708dfc186b1b3e747d4088236ac6
eeae499276b66f9f952418c487fd458b5e466ce4fcc922d9b1d25be14c06d375
cc38fa74b2a03aade9f652b1e74fa1489f97583a3ca1faa20c2dda706dd1b9b1
13cc56d70cc599e51921ac8b9503a52863a6eea219632f865e2ee21ecb05241d
7b2c6ba68bda732657d20b71112780b69ce668671fc9eaf3daae1b99e9f03145
4fd6b69fa1ee15c731e4bc6c8f86093b5f3fe4e77aa8615ab231d08c3814df42
af9260f41c631684a6fbafa9806a05b6e6b3cf097b3c807f1fe3091452501341
22c905d63c956cd6d8d87e4bc398ec31cff3dfaab73add87ca851b41544e8d6f
ab01c4c4d3d62c1f92f5e5fac2e6c5a46b4f4a881739eab77950509989b3130d
9e7ffe635ed2f453ed014ef233bf680b9dbcedc85769a349bac10a774ce92054
54f7965dae383e7e674aedb0260bc72675b02747b46a080eb26af7ff64cb71e0
fef0274953830faa68777edc759b3ae7ac99e719c05007fe7284ed156919f3e1
983d316dc4cab0ab6dca404e8d2603459699440d3eb644106c0ca9a6295368b3
65539be76f14c798180a3e01e9d41328d5980bf6dc5b35c49e4f86b90b1836e7
a4d08c44fe31e1669ee630a59bf745e1d0c7411d18b2954817010cba59aa11e9
742c933411cbf92377028c746934229a81e4d8f57f08afbd6d891f4630ae576a
bf5f8eb1cd9047d057a9ad1d2f8e40775ec5a4b6c3a13fade16ea03200d08cc6
e0ed7daaabc2adeda07b9ff6c40ce65477c4583b302c5a8b385de2025df07e9e
2c9833c67c278f99acdf23f956a792f8b5990239d6ee3b6de23e9cd6eae7ab5c
0725e0d02457268c349becb1e29ebac9bc7fe9acf4915d93c95d7704d3e7690c
e98fa15d481752708ff8b25b80f4a09a61a492cb0586fc3e7ad0f5ba5a34c349
cc4d6fabd30423909610677b3a045f208f9ba7ea5d515d188b911669ea10e6c8
efb6ff8ef2d161d25f3e28f40c7f18d1bf3e702489b9420ed41a9c93ffbd6176
97765efcd344e5ec47f4c116426f1c2c792ab895fad6d06e88d7ca970e05ecca
5b0d905dca6b6220b39d987adcffb8cef16660f36965dd6c19d80b77914093de
ff67c75c310afdbf19b706f7fb91f6e0773eb1506fb5c91e966dddb5cc7cc627
de7d1b721a1e0632b7cf04edf5032c8ecffa9f9a08492152b926f1a5a7e765d7
ee13c8b4ed9a7026312b6420550f51e732ba2184e3e9ed23e1616be3ed378268
becc298f613d286f9bc9074703b95f60374df0b4f18a014bbc346b75b9da3ea7
e3b0c44298fc1c149afbf4c8996fb92427ae41e4649b934ca495991b7852b855
36cd3a2bf2ef4f0c726a5aa9f3dfde6e9ee755a0f10e36e59f72b73af1298ae6
4581a6a1a16fd10ddba4c70ed5a73d2d8a7d84a33730d78526aa9cb717267f29
86d3e8337f716ad2e4bc4065718ae9a278c19af57cc3e5a7623de43cbcac60fb
44c2830ba0f621300cf8832c99f1bcddaa732239cecb6325df0e45fad99d859a
05a1610fc8ea90cc77ec5063517c6d1b7d032323c7be4c8a4b935d284e9d496f
9cc7b43585f6177819baf32614b5402ba4d326e39b29058d9efe7d80c8eb49fe
951539993e924f92ce9da2551ca76c861edebca977e320538bbec0955edf990b
891ffa06bf12d7b57a6514451a0ce9449b814a98ed58d7ad527fc8e17180ade4
7506ac05c877590167c2a11961d3697be75b150e8382089f2b3f0518d77f27b0
8a36d7708b2d891982059032eb65613086f22f211dece7b28ff6e93e3f34879a
3d98afd39785b1b20e9b99ac8a54977175b965328c0fcd2f9b748c226c13cc6b
93fb04a07ccbe5587d7e041d63c365e2be3f3f3220b7cd047aeaf024119e1f65
a1b87d84380e800ca6ad183adc99644d05bda745881f113a74f7ee9a73db10da
7adaff7205d4e34fb29612dfb2f3e05e3f4aa4b1c57630daa5625b68592b0950
6fec26a4ff44f08c733836e1c88ebc065684e46faad81d488c9b4068cae8650e
1a0d37699f98331b3efd0da8297a32ad273ddf6862fb694bdc1e79f6c630f14f
79bc419a569117e8980ac9bd94e030a67bddc6790f0275dc7abfd774fe94d165
223cc5bf70c4774bae7b8e25b295356d576a922df931757817da6b70aa43929c
15a0798cbf9d89a9237f64eabe8749b320fdc2baf52eb78b6a3554dcb20b7d8d
c93e47545cd2f329ab1cc8690d8381b90fce45aac2ef4cc27fe08dd315122f99
655eab339a788894d3dfc7076f48e4a0d38ff55a69ff9b82cc6c563b30422b16
a09ca54caddb1228e37528f15bb8c40669308b1b16c6f24b8e05f8b0d68d5037
23b91ebe21edf5ef216b66d82bede2e1198e7d7200f2eae36d520fbb405c2c3f
ce5072281e6e6b4401fab06e255f3df4e9c632928c649cc3eb4d1a0ae021319b
be76ffe09cd038ab987ab15f765a2e03b7d11fcad4945ca0e15d503f3eea97c2
41df31c5c3b6881bd01442e6f7cce96471fa3ad8ff17f9cee886a37a992e8cf5
6e21caf8ccb46f037de187a03041ab8e9643e7d8010abcb1602abc0f319ca98a
9a9eda8814ffe6e7505879794f871529a0fcc9140e730febfc7520da95a07c04
3529d928a5946f409ec87e3ab642f45c0b681422f5883fb737244869c0817f56
fdf141ca8c13859a15567d73ad93500fbb24b3ebeb5ee5ce1dcdd1782dbd6491
1ff0f0d179540fdbcc1dd730ac70e094cd8ceeba7b2aed59a218e733b8130c47
3f7a90eb3e20bba104465440d69a1eaa80d1609c7ce1a246874f31354926dce0
c2dd2fc1474015cefaeeb46de76292b04f40cae420d5c16a9de555f2399b6bb7
00fae60a948b793c755431dc19b80c88237bf322f0dffec811b71741feb58b47
5c0e8d3969f59d597137ea6613fc7da88623afd188552d629b840811da3d6d2f
6fdf6dd8e98f1a7822e68f49774224fe9b0d5274301bba9d0d5c81d4af73eb67
ddd7484e54ab79b215569644d797785457b201af06f00c59d8901e6bd21d10ac
aad1f1733708c448ae84bd580c0583e6197b4640c079955dd9c37998c8e23c53
76597b9542999431c2bbdf7eae136cd03219556f83db8e4fc6cb56f49dc581c4
edf82659fb30359237999c4e62a8e193618921ebbe0f4861f3016eac396755b3
bc20ef118c3a460840c692e18b131dd4452c72388805626e1e55b2ef6c0c6e0e
317ccb767beec7ded1e482fdc6bfbc6e0a63d4828eb1c4e68acd070c1d4f1c09
273d9d0f88f2a9ac4468785a3a410e913ca1bc5edd11f24a73e393921fc031e4
fb816b3cf39f39bd1b13dccfd4f80457b515370e646e3e732fec29b9f11506b6
01f7a9df5407ab838c0dd7d82464c5075c10a4f3fc87e84419acc015ad4ad63c
897d24e48b0e22627a2e9c570b65d33bfb85ef74ce806e9d7c930fcc97dac9aa
1b4db3b0f1fe36ae7529544657aca38bcd2d7dc46148a23f7c032c89ca002d8c
21c286f35caf872b52bcf10951e080783928f2b8977b166824c82dc0d59c2496
895cebb492d10b537ad1a027b770af7a1ea033d4f7a11288ba880977d5c6db43
f69aca6c094c521d98fd93a0f8646b9044ed94562b1787205bf61624855b70d7
7dca33a9a14d360f964c039fd72eabcd65363756db7011871fba05c45880085a
5ebb1b110b823f48bb235dc2ac82edbd1e99ce693b0a34b471ac8c5857de453c
0a88ab30a52c31ffe99c00cff5039ca3f1b5a0c349ed550011d19e4bddc4043f
3ef26a8b1656eb151354a1d6df2ed0c77fc8f6029dde3d8a506c6a16b1c15f4a
62e8d56a7644b4b918b78b2349ca51148ab629d5092ee4754aa7af91bb6021b5
132d189dc7eecee11b872c1b662dd70015714235b07835e7f49ec3a1bdde0b07
753d62786230d82fa24a7e769aa4ab9e6250c6d88f8dee789a68304d18716626
f69d1dc70a04146a5045dee845852a221d61b9f9fa151408bb5304d3b750fb4d
a3c89c6730150ad52d30d7fed3c42fe8544464c55d40cc9eba27c282a795c5c6
b79fb7441a823f42e0c3479adb06eabd6e010d3d54fdf61a2a4b7f1c3f52f16c
78f8f008058cd5b535cf53c053b03acbf241a05e6daa417c3b261edc9fde9c72
89c41e442bb5653ab32994f3c709a0734371c0492c6b04a617a2777f72549ced
967e1dc91e8b00801fd367cb7f339029a8e34fa00dee78d4a109dd363f5b97a3
174dc7b59f54ed8d0de3c23c632c1ac64d36a42016bc1d3e7cc30c8e5eae2142
8d8da1bea67b7e0ad0f41ac6a02f5f9f6a90efda55f9dbcdd796c9ec77ec28c1
e9d54ea490fd3d2d2405038bd969158da416279a2785e5666418fad6b9a6929e
f96b08be008f7cadfad055ee2a382cdb00eeda6a0f98eece8e0b2c61b23abf70
b2c7017b36e719c8d1128d1d3d96f1d8cae717501ea968ac5f2d99d50ddbd028
8baf3d52b024520c89f9f919ece6d444079bbc0566bb1d1411f17e4ce7c610af
87b72a9c08e13a2c41e73ee5959890dc06a8ff7956de8f680c0681ab6ded292e
cd7ec5e8960a298fe281df8c4bb33d1aac881e5c03f19e4f5a3cafccac1958f2
b7f3831418460befe1ffeb41a4763ece63a5acc691946dc53110a12a5473f2c8
2076ff535af9cab46851fb74fe50ef35d15a7c45db4a6276f16de4b88ed791a1
5649d1805a30a198a9d6c9ecf7af334a0b21f1ca032757d78f1462784d0f4ea9
ab968644ad9a631a65ba6134b48bb4d584976b4f09c2bf551ac837cf5fcfa1f1
59f17658786e39ad85a4c733f264d7089151bc0f1d63fda4113f4df9ec5aca26
