6a09e667bb67ae853c6ef372a54ff53a510e527f9b05688c1f83d9ab5be0cd19
6a09e667bb67ae853c6ef372a54ff53a510e527f9b05688c1f83d9ab5be0cd19
6a09e667bb67ae853c6ef372a54ff53a510e527f9b05688c1f83d9ab5be0cd19
85e655d6417a17953363376a624cde5c76e09589cac5f811cc4b32c1f20e533a
6a09e667bb67ae853c6ef372a54ff53a510e527f9b05688c1f83d9ab5be0cd19
6a09e667bb67ae853c6ef372a54ff53a510e527f9b05688c1f83d9ab5be0cd19
66a857d633aaf43d9e9100e64015039affda85933ec2e7d40ce4c3a4cea10e1a
6a09e667bb67ae853c6ef372a54ff53a510e527f9b05688c1f83d9ab5be0cd19
2d5754c905b91f0bdf605dd0d2799a6c9ddf608cfe97718a7db5d9b9ebc39a90
811045a298c744ff8c4340ddd8e07cce9272ba7e06e4a9b0313ccaa864346d47
6a09e667bb67ae853c6ef372a54ff53a510e527f9b05688c1f83d9ab5be0cd19
9283b76fecd67ab7982c3dc46a2531f92b9a639805ac81605e9df434889b08ed
4ace76a026b0f1ea184848ba6563c62e443f42e478797a62b205380d9f8a5b44
e5f4a6d01767cc8067406fd4dcb471aa88dddfeec30efa56a7092354de1fdb91
6a09e667bb67ae853c6ef372a54ff53a510e527f9b05688c1f83d9ab5be0cd19
aa81602f065f502d6286119e3bf51cad05a6cd82bf77ff8228d9dd41bffeaeb7
6a09e667bb67ae853c6ef372a54ff53a510e527f9b05688c1f83d9ab5be0cd19
a77372e0056376f605e2f093eaa6f3d9362d6d6ddd434ec0c15a88a7393ac61b
6a09e667bb67ae853c6ef372a54ff53a510e527f9b05688c1f83d9ab5be0cd19
7e70ad0d3927f37ed94a478ef5c39a2a0776fa74c9f719fbc202c50f53a54f94
a9e8fcfba982d27b8d9e6a049e132f2e367f9e194b9d7a696d39555cb14a9c1b
aa8ff3053de9e46e9e1a1f75a422a9642093104ebda74e0b925a96b1f42b9cd5
6a09e667bb67ae853c6ef372a54ff53a510e527f9b05688c1f83d9ab5be0cd19
1056232b50cce74ac68497870641b8e4bc0821648247c41281212f3c8c5dc7a1
b4fe803ce450f93b89f1b26512f47d4e789b9bc344a1095db4513ae3d6c1564b
6a09e667bb67ae853c6ef372a54ff53a510e527f9b05688c1f83d9ab5be0cd19
271e1c6cdd855620f43990b2b72b6f5408d7f788f36616076100addb0d5aefe4
6a09e667bb67ae853c6ef372a54ff53a510e527f9b05688c1f83d9ab5be0cd19
3b6c5fa8108cdd3ade9244c8cd09dfa4b92900970b23a0e34967d16a44375d90
6a09e667bb67ae853c6ef372a54ff53a510e527f9b05688c1f83d9ab5be0cd19
9e401e3065247ba5d0f95ac574a77aff9c83ceda0431f6ce9dd550519037d474
e92cec3a40188dc42e43365073d453524f4919e9dc9a764e1a16d168422322d3
1b6e7e96a6574411ffaeedd7d73194eadfeb20a6800dccc37762c897f4701f50
6a09e667bb67ae853c6ef372a54ff53a510e527f9b05688c1f83d9ab5be0cd19
f033adaea96397df49818d9879a508d340c1dbb7ad686a7dcc5dd53e4adc5f8a
091a05c586b3ebc224af2be0f0bb2ee9c6e1456a57d4af420a74ca771ce0608a
6a09e667bb67ae853c6ef372a54ff53a510e527f9b05688c1f83d9ab5be0cd19
6a09e667bb67ae853c6ef372a54ff53a510e527f9b05688c1f83d9ab5be0cd19
17e08082b9e51c752e5b8e3576ad6cbc5ee88569ab8c95a35df7da49f7b916f5
6a09e667bb67ae853c6ef372a54ff53a510e527f9b05688c1f83d9ab5be0cd19
e4b9939a786495a2321124876106259973e5627540f24a6b9311665560adbb27
6a09e667bb67ae853c6ef372a54ff53a510e527f9b05688c1f83d9ab5be0cd19
6a09e667bb67ae853c6ef372a54ff53a510e527f9b05688c1f83d9ab5be0cd19
717a3f3a7949a38d715db5cb87dbada5a1987ba88305227934d85c09353ccdeb
fa6944167d455468a512cf4cd412413d9618ac511ab05992dbc702b5118a31a2
6bb89ab9921064a303969d27067d1592fbc51fcf3163bd7fe221f3eed7723b97
6a09e667bb67ae853c6ef372a54ff53a510e527f9b05688c1f83d9ab5be0cd19
589b4f5adc2307fe4ff2ec788a9ac9ce9675e0b28ce46c7aaa79797e49e7f9af
f7ddd0398e4ede36f54e84d12a84b502bd695dbc651a9ff5f7200bb1ec26c258
6a09e667bb67ae853c6ef372a54ff53a510e527f9b05688c1f83d9ab5be0cd19
f52267f6110e1381e61ce66fe592397586e6cee8bf12643a01a9c664904ee478
32014176690d7532fbfad4fe21a401e8364e584e9fdfd7860ad15f346e7fe35b
0b0db7c04694b282436cacc8b949a1f5bc9257c0c847edecce09a3d00cb0520a
6a09e667bb67ae853c6ef372a54ff53a510e527f9b05688c1f83d9ab5be0cd19
6a09e667bb67ae853c6ef372a54ff53a510e527f9b05688c1f83d9ab5be0cd19
71f5fe0a4ab20f5c86c178400ed2f7246ac506ff6ebc0210e77f496d838665de
8fa2b79a256f8c241f379d458f1f3dc2148c4d39133028df71f8913eba0d3a32
67ad559bd2b7cfb0a5c10fe2659f050be2098ddc820bf3fcb6df5aaeac51804f
6a09e667bb67ae853c6ef372a54ff53a510e527f9b05688c1f83d9ab5be0cd19
40193234313501e3dbba3f1a028716415cdbabeb5d7b8217fed96ebdf2095055
eaced1a1be0ef134d2a9e70c79f329c77577628a511cfe9c21171e0899d24db9
0c90a08ff5304a8268ffe247080fd19c083fca353eb04226639d1d39cf3b4698
0fc6338bb7963c466fcd82557cd4ac2fc4e129f52d439ea0b13530d5b9a87b98
6a09e667bb67ae853c6ef372a54ff53a510e527f9b05688c1f83d9ab5be0cd19
ebf6ba44e8b7b8ca98c2725fd3f548c2c35d055b4ee6ca5de5f311d972dfbc5b
4b11ba86782cf0c22df986e802bfe6ee677f4a92707c37f339549958d7305707
6a09e667bb67ae853c6ef372a54ff53a510e527f9b05688c1f83d9ab5be0cd19
19a13988b261b2f678bb28b426196decee0961a6e7a9aa9b4b4e6d2988eadd2f
1625220c58ff1b31e62164cc60c715629020616805828c7ff78e8827c87bb8aa
e357b5e3fb9ee51307fdcc0844f34089967643aa4beaf32902aa5a9083605ebc
6a09e667bb67ae853c6ef372a54ff53a510e527f9b05688c1f83d9ab5be0cd19
975346ba8ac5a5d13e5a1026a123a7eae7e7039638b02b00222f27583fe10905
6a09e667bb67ae853c6ef372a54ff53a510e527f9b05688c1f83d9ab5be0cd19
d0cff14e62e5e796ac78d2049841a513f163373d3b634ef3424ba1468a8af5d2
6a09e667bb67ae853c6ef372a54ff53a510e527f9b05688c1f83d9ab5be0cd19
976d22aab6e11fdf583d474b1ab820da4d593854ef2a8179a24d2e99cad1b5da
8c6e67cc72a4b0e945611d40ba514768286141e7b39e19f56215c5114d4944fe
534c0531d67c2d42956bc75307a519f83dd52cae1b1cea9332478506fe34f6e5
6a09e667bb67ae853c6ef372a54ff53a510e527f9b05688c1f83d9ab5be0cd19
35e2e17119e9153f6e3e47dd72f4ae94703ccc82def91bae617aa804768288a6
e9a6bd210abeedbd10d700a0a3e39c60b61d90434b59fc3aea577fa53f8aa7de
6a09e667bb67ae853c6ef372a54ff53a510e527f9b05688c1f83d9ab5be0cd19
e5b9b52bb4c64ffbd9a7b0fd5c4aba738ae659fa0b576ecc7ff6418c710123b1
607a01c3d03ede8e7b0bd1c9996df798091008e30bb64f853fd4104da7c0b097
6a09e667bb67ae853c6ef372a54ff53a510e527f9b05688c1f83d9ab5be0cd19
3e9b07a9e11a57846acea5b1db3a3f1e435989e86c1ce5abebcc387449c3bbac
6a09e667bb67ae853c6ef372a54ff53a510e527f9b05688c1f83d9ab5be0cd19
043df0d1e028305176bebdda5401c45250a00319f22987cc759a753c0e44b1bc
f4ec903c58b3f6f1caca6da3b0ce2606dc4aac38f20c8c9409eb00b6653fd57b
889d66cfc4cbb2a8ec90bca2294331cdbb39344db8e73bdd4c816ad252e8807e
6a09e667bb67ae853c6ef372a54ff53a510e527f9b05688c1f83d9ab5be0cd19
8446ced51f8bce4ab0107f0aef205d379c0a314be4900ca0dbafa24ff8c53f96
d00fd445787ab25c6417809de5d00dbcedf0a9f3746908120c40a61ede450f72
e9a76c9443e1a3dc3d7dcaeea65ef42cc63d0c10a661d7ef15509591e3c0771c
6a09e667bb67ae853c6ef372a54ff53a510e527f9b05688c1f83d9ab5be0cd19
78a95b501b54aa71088655382b75355cb011e946dd7ff770a263f1bb19c728e4
8f39c1c7e4bf64ef46927bfb773fe75c199d3e052708c71cf812c9c345435048
e65829daf2904eeb47a0895b2a75f06a59ba96ca8aa26760eb35b23fb950f779
6a09e667bb67ae853c6ef372a54ff53a510e527f9b05688c1f83d9ab5be0cd19
7bc0ef1ce5905d11ae65dd67e4ef420c77fd593fd54780c8f83191122b297e69
7a40c9e7940ecbf292775dd064d79602b79e8311397cc617d9ee85091b780bfc
571114b095b267795e043647f6957702e02a4773a2809b4bf31c4f599e0dbe70
a24e67bd25424275be63a209ec2f0c508c68f55e81e3ef245d5f27d9ff7b1c62
6a09e667bb67ae853c6ef372a54ff53a510e527f9b05688c1f83d9ab5be0cd19
0f40156d9e700169b714932b14f5c3d7b52ada6ff2797049b8616dae931c6373
6a09e667bb67ae853c6ef372a54ff53a510e527f9b05688c1f83d9ab5be0cd19
6a09e667bb67ae853c6ef372a54ff53a510e527f9b05688c1f83d9ab5be0cd19
caa92624de984741af5d9a11054dcc7013a3aa797c535671da72a5a16df17ae4
8ee5c6e40d0d1745f65f281df96473695a471adee72d655b8b09bc52d48b12ef
6a09e667bb67ae853c6ef372a54ff53a510e527f9b05688c1f83d9ab5be0cd19
a62706633ffb49ad9cdbd036da62233c5e3d879ab6009e9beec8bb6ffdea88ca
66b8226428a63af38612a4e56ccef63699d45ad5a25f41a07824f09cb1bdf294
fe66271caeba51c195ae463539694ab3a886dc1c2cb24d49453ebd3fa6df6ba0
6a09e667bb67ae853c6ef372a54ff53a510e527f9b05688c1f83d9ab5be0cd19
616b671c72c20dc8a22ceafa8243764ac23fd2b5fe27123e42536b83596302ab
6a09e667bb67ae853c6ef372a54ff53a510e527f9b05688c1f83d9ab5be0cd19
a8e09ef5ec7b1528834c56aea2a6f008ee8a02d0e2fe0c051d17cec17fea5054
6a09e667bb67ae853c6ef372a54ff53a510e527f9b05688c1f83d9ab5be0cd19
fad52850f043adbba12385e30e4b2918ce100d21167affcdcbf850a407713fd7
6a09e667bb67ae853c6ef372a54ff53a510e527f9b05688c1f83d9ab5be0cd19
0ba1187a41063086f20aa48f876e4c24b8786f5d198f476e9a7062f6e1eda020
005b4d410bd538b3ce5747b46c4ebe1af31f2c375fd4eefff3b2cad12fe624bb
6a09e667bb67ae853c6ef372a54ff53a510e527f9b05688c1f83d9ab5be0cd19
24b2b436f3a3c60d702378d11c18cc044c90400ff87adf98eaec06d1d96b8d63
c00922707eab92aee2137604864425165fc94059ad4f3cccac84f84e8ca643f0
6a09e667bb67ae853c6ef372a54ff53a510e527f9b05688c1f83d9ab5be0cd19
eb77088cc946abd8c73ef71dc3026e30b7c1310637879c9ac87b3a35a71fb478
785928dd1836c04d70e522c037a984002ed14d0cce9f789eca3ee688fd08f2ef
6a09e667bb67ae853c6ef372a54ff53a510e527f9b05688c1f83d9ab5be0cd19
d651567c35a690850fcb08ea4b20583bc8b59df8f1295d8d31f0302640279d6e
ef9ff27cb973911d90ebfcd00a23eefb0458724ae339ab80a8f73d139e6f6dff
5228b0cc3865c8006a2712f4a32f9e9b9be1ccc67d1e1eedcb0b56c719bf135c
6a09e667bb67ae853c6ef372a54ff53a510e527f9b05688c1f83d9ab5be0cd19
78fd3f1f76aa7cf58b8392f14a6eb5e32c359b2e9d542ded1dabf14c13bb6054
6a09e667bb67ae853c6ef372a54ff53a510e527f9b05688c1f83d9ab5be0cd19
d703f6a5928b774f073fde61a929f395b5d796028502bd1321380d64a700b07d
532f7849bdd68bc8ffd0f641bdf1c545aa7fc40b0b2447f31f2b8a14b22c8ae5
6a09e667bb67ae853c6ef372a54ff53a510e527f9b05688c1f83d9ab5be0cd19
6a09e667bb67ae853c6ef372a54ff53a510e527f9b05688c1f83d9ab5be0cd19
ee5dfb7714fd5e5a06cc84e6aad03c9ce7ca2692f1146ddd229ac704269b933d
ec36693acba3e8da2c88bdf4126b0eef3ebe9eb826ef2630a1dba2d0d83e1dba
6a09e667bb67ae853c6ef372a54ff53a510e527f9b05688c1f83d9ab5be0cd19
f8f5ac3cf6391f0b7f18e2adc578a4e0d99bb9c567c396da78acb6281335fdf9
a7ada0bb79fe0a378bcac948070aaa89fa55118959e7a317d376262e1d7ba552
bfd48a7a157a48a8ffa9aacbe629ab66c4abe7444640dd8e9d7e8c497f2fc8ee
6a09e667bb67ae853c6ef372a54ff53a510e527f9b05688c1f83d9ab5be0cd19
553cdf14f226aa72531cc45a5fdd93d4ed37c0ac5d991a15ca1b0ba0558f3556
5e9b58545b4fa842267554f6caa5e4689d946173743a8a173e25550f47452e93
7d4086e49fd98c7fec4a1a9b89ea048335e6506764c835c349be7cbc7f09e847
6a09e667bb67ae853c6ef372a54ff53a510e527f9b05688c1f83d9ab5be0cd19
6a09e667bb67ae853c6ef372a54ff53a510e527f9b05688c1f83d9ab5be0cd19
0fae9ebfcfdb4f8e61c858a2b767a2b45b804580e9b112c7ee8efbbf73c31325
8e42e59115f6a8a99cc3758cd840cda1c738771e8da474982122cb397f2050a3
efa0e1751fec48defb34490e301e11161795cd9785288ad62969e924132cb283
6a09e667bb67ae853c6ef372a54ff53a510e527f9b05688c1f83d9ab5be0cd19
93d4d0b05d943882e141e414c6f5c70ab824bf772cab98f330d001a2bca44d99
6a09e667bb67ae853c6ef372a54ff53a510e527f9b05688c1f83d9ab5be0cd19
6a09e667bb67ae853c6ef372a54ff53a510e527f9b05688c1f83d9ab5be0cd19
6a09e667bb67ae853c6ef372a54ff53a510e527f9b05688c1f83d9ab5be0cd19
6a09e667bb67ae853c6ef372a54ff53a510e527f9b05688c1f83d9ab5be0cd19
d823cb4a50273bddcd935397bdf3f9dad99d18e5c8a115790d1ea59ff48205da
e935939c7d51e7cb220c42f08f028b997023a04a8aa3438dfaf907d1a2299cff
82594be5f524ccc882aac7a7c241fef7a17b8acf2cecab86e43571014cba4698
6a09e667bb67ae853c6ef372a54ff53a510e527f9b05688c1f83d9ab5be0cd19
8ca59492057b5d291353065f96a7cc25a8f4c3709dfdbe67a900f7b7111eb430
250713885ca6c09b1fadb45939095b3a1ad741066070aa54923316cbcea07734
7de3dfd806684943bc170633a697a18c64337f89b7e29285ffd59aba9f93dbcc
6a09e667bb67ae853c6ef372a54ff53a510e527f9b05688c1f83d9ab5be0cd19
013089720c8779270fb250296959cbaecf1b4b574c34160d04f0d3386ba8a9f1
6e719d959ec9954e88ec16752a4a424d5408db0bb897457a7775a56d550db5c4
dd0af1ab95676c9e7b732aac09649645a3f9b3f8e21dea186c73d2e16db0fc8b
6a09e667bb67ae853c6ef372a54ff53a510e527f9b05688c1f83d9ab5be0cd19
f19b83c45d9028fc96c0d44b0a183ba652fe23092cdbb409be71e6c3cfef9436
6a09e667bb67ae853c6ef372a54ff53a510e527f9b05688c1f83d9ab5be0cd19
6a09e667bb67ae853c6ef372a54ff53a510e527f9b05688c1f83d9ab5be0cd19
e266c3d4d65f382c621bf261c72dd9aa7b0a29037db987c150e5e65aca2436d0
6a09e667bb67ae853c6ef372a54ff53a510e527f9b05688c1f83d9ab5be0cd19
95a5f766213f25966851992efc05d05128700699abe929b832623374d0027458
1c932c54ae08ec3abc1c6eaa5a3cff89a452a315d33b6ac70cbacc3e13d95fa5
7980a59ce09874baae9dc880ce86b737e138dd07e641499fee0e01a6ff436f93
6a09e667bb67ae853c6ef372a54ff53a510e527f9b05688c1f83d9ab5be0cd19
6a09e667bb67ae853c6ef372a54ff53a510e527f9b05688c1f83d9ab5be0cd19
f64f32978817b44fff88ce66e9cca5fe85648f8feb228eecbaa1a1fbd41c8c8d
f3d286e8d17a1cb7c84c0047136cce246889f809b0b57d5e7167ff8552865250
1cf7b8fc809bb7b609b64499eb7b80ff6eedde29dabed0db49a82c2116d53c5e
40446a84be4e120dbb3cc9c5bc93d3c71a0836e6609ccbef3054aaf730b6a04c
6a09e667bb67ae853c6ef372a54ff53a510e527f9b05688c1f83d9ab5be0cd19
8fa2bcacc7f93b74bb8214625dbb80529cf0b856490d87defc0f79bc1c34b155
d555491508903a0c06d42e17ad22931c6deedd99d068e910e4ae60808aa56ac9
31234b6e5e7b1d4fc51c2f8419ca9de5fc659192f888861880e837e44a08636d
6a09e667bb67ae853c6ef372a54ff53a510e527f9b05688c1f83d9ab5be0cd19
0761474dcc0ec96bd3d2ffe9d71237e5bdab5dbdd56ea51ba5380f8062029a76
b735c4c48e970302dbf4e3b44cae88a755a648495c694c4e30f263f8746eae5b
069d57661d5b1637772cb0ef0ca5bc1cfad79bfc8b1d82978c41876bec97a633
6a09e667bb67ae853c6ef372a54ff53a510e527f9b05688c1f83d9ab5be0cd19
1ca1cd2f7ca5f691d0691b8b635263d7fb83bf452e2784e7f9b5097b0961b376
4efd60618b57956c16d2594922852d88656c18500733bcd30ec3b0466afd9744
856bf34b3b79ef5e270698b21fb9e78a96b484d7d233ccfd010f17c2df512421
6a09e667bb67ae853c6ef372a54ff53a510e527f9b05688c1f83d9ab5be0cd19
0e60655888a5d280539b9753fdfd2b0482b15e0b1f4d5bd68544065246f6b563
9a993c7e45045edce88de571e05594196bbea886edccd7dbabc93069e3bbf9db
43a07a7d3cbbbb396e329966e47be8f6e7ce5e5dead36f491c8add922c611d62
6a09e667bb67ae853c6ef372a54ff53a510e527f9b05688c1f83d9ab5be0cd19
36ca8758b353e6d8d6e3ce671f74d88f73910786c7ad78bd460bb46ce4e75ce2
6a09e667bb67ae853c6ef372a54ff53a510e527f9b05688c1f83d9ab5be0cd19
00d211a56d64c09d20895720bfe9b0dfdc9a0a1c790ba0fe8d67bc4a800755e6
6a09e667bb67ae853c6ef372a54ff53a510e527f9b05688c1f83d9ab5be0cd19
9616724df758166342a4a99a705dfa5f7ade7801d20b865c2df7154953b2afa3
a34bfba5a993fc06e1b6fd0446b1e7e768407ef39538f0dad160adb810a7e61d
30313b508b00cbf301b8f3382fac5c97d043d8d414b10ba7aa9168bc8e4e80e5
9fb96dd2e3f6a7a8b189af3eff280aeec9dc6a6b77407f7039caabed47b18917
6a09e667bb67ae853c6ef372a54ff53a510e527f9b05688c1f83d9ab5be0cd19
23faeb6e16de2361d923044f62163a8250ba13563aee9cbcaa01f495210ab037
6a09e667bb67ae853c6ef372a54ff53a510e527f9b05688c1f83d9ab5be0cd19
b69a2ca3daa393ad57fddbd23adf1557db71c6ba8fa8529e420d1f75a76e55ab
6a09e667bb67ae853c6ef372a54ff53a510e527f9b05688c1f83d9ab5be0cd19
f1ccbb230ad6f125d620b0b43d5d88ba2b452933c2acb415a9edb82a2b65e67f
6a09e667bb67ae853c6ef372a54ff53a510e527f9b05688c1f83d9ab5be0cd19
cbdf8e382d0585335f6583f8bcc9881c3faf11ee4afd7e096e1eb5e1ad7fbd9c
f4b19842894c41c8d6c27a21167ca0e2a7fc3cf42620cfb0718e80f0d1ea9c45
5ab6f9711992893925d2e625c9523c51f0d9b2a42edf37a0e26d0170ccd88540
6a09e667bb67ae853c6ef372a54ff53a510e527f9b05688c1f83d9ab5be0cd19
cb98f283a7b3f4aeeb933cc5544fe9438059793bdb0f817ae5c19f659f4d5f80
6a09e667bb67ae853c6ef372a54ff53a510e527f9b05688c1f83d9ab5be0cd19
021a3e95ceb9b0ebdfc6e94ba4372edcfa54895b9211390c179982d6e52648dc
aa0d812899bd517fff8ae3b6b4dc2416906339c534ff4ad0d50335abdfe3e97a
6a09e667bb67ae853c6ef372a54ff53a510e527f9b05688c1f83d9ab5be0cd19
d9e7a68d05dcbcb2525a31ad514033e20de7b658c5dc43029c5c4938dab7484c
2153dde955f30080bb66f4e26c2af4d60dca53355c738e05f30173658943d175
e23c1a29f4cc489dcbeea304a3000e664379124e93d111d486974c012f6176c3
6a09e667bb67ae853c6ef372a54ff53a510e527f9b05688c1f83d9ab5be0cd19
6a09e667bb67ae853c6ef372a54ff53a510e527f9b05688c1f83d9ab5be0cd19
4726e80a33f7170b83e2077e8c4f1c0037796ba011cc9b342c8ac1df648359cc
cc6efecb9f57f3804eca64df324d458f4d60c50559a16544ed880586a31a0320
6a09e667bb67ae853c6ef372a54ff53a510e527f9b05688c1f83d9ab5be0cd19
b76726cb759ef6b6229300b4bed7a885c7df20991c998db6fba6b481463f04d4
6a09e667bb67ae853c6ef372a54ff53a510e527f9b05688c1f83d9ab5be0cd19
42c283ccde7e016778ca71e4d7a885e36fc986305550eeb2f3c3e3e482b92a43
221cb5d7caafe5d2c1c9ff86497939942791d3fc431a2bfeb72c33bb54c6f35b
6a09e667bb67ae853c6ef372a54ff53a510e527f9b05688c1f83d9ab5be0cd19
bd4225ff0a5337ad7c63e9624b915f3e7580ce06192c851ff1f0193518a9a138
a22e03df215851c30bebc5187ae64f76ad5dca20ff7bfb306997c4ccc648899f
6a09e667bb67ae853c6ef372a54ff53a510e527f9b05688c1f83d9ab5be0cd19
683440bd342dfa23c300ac7f3663798cd654cfa2ebfe1390f245c9d15cf717bf
9d918779c8db49db4874a62835e47f1deb8268bf8bf5c2cbf239f72a0a1be116
6f8ea6b52536e9c51b55c28f862c82e4ea9757bf0292a35d572604ca2cdca59a
6a09e667bb67ae853c6ef372a54ff53a510e527f9b05688c1f83d9ab5be0cd19
6a09e667bb67ae853c6ef372a54ff53a510e527f9b05688c1f83d9ab5be0cd19
f0c0613ce339053bea3e1abf6f9bb1713c3fa2e577d6120294ff9fdb0bb1ede6
6a09e667bb67ae853c6ef372a54ff53a510e527f9b05688c1f83d9ab5be0cd19
6a09e667bb67ae853c6ef372a54ff53a510e527f9b05688c1f83d9ab5be0cd19
ca0090334f16c762ab3a79a553954ee16e9aa38d3e6e149f4e60cb5b62b0c2cd
6a09e667bb67ae853c6ef372a54ff53a510e527f9b05688c1f83d9ab5be0cd19
6a09e667bb67ae853c6ef372a54ff53a510e527f9b05688c1f83d9ab5be0cd19
6a09e667bb67ae853c6ef372a54ff53a510e527f9b05688c1f83d9ab5be0cd19
79faa76d20c1900595576fec34a6f1f7d46f195982e03d64dbe0b2ba398c53c4
6a09e667bb67ae853c6ef372a54ff53a510e527f9b05688c1f83d9ab5be0cd19
6a09e667bb67ae853c6ef372a54ff53a510e527f9b05688c1f83d9ab5be0cd19
bea66ca55e3c30aff150780b12276b9e7303f03d97d45d42c9ebbe353c0e9801
af992399231826c760b80ab149082c5c9ebf5bb3def6ee2e2953e0a62fe3daa9
3d367a2131796bae6145fcea9773e3f91d1528e75aebeb0cf1c08c0744422317
6a09e667bb67ae853c6ef372a54ff53a510e527f9b05688c1f83d9ab5be0cd19
d140fb7df39dbfe6f3c5629c403d028a4b5e783a33e765e5cf846c055b99998c
6a09e667bb67ae853c6ef372a54ff53a510e527f9b05688c1f83d9ab5be0cd19
6a09e667bb67ae853c6ef372a54ff53a510e527f9b05688c1f83d9ab5be0cd19
6a09e667bb67ae853c6ef372a54ff53a510e527f9b05688c1f83d9ab5be0cd19
5b71d1ac0d9a7de9ada8a76ae5d2a3823c85c3161af9d0865378b955d5db3585
a81eba71fd8ca9c57e0ccc299f4efb901a0dea207e43b49dd4e9ed8ec525eb68
6a09e667bb67ae853c6ef372a54ff53a510e527f9b05688c1f83d9ab5be0cd19
0b22b12d3a55ec74b7635cc08d9ae14631c624db46c55eb8c701f33d7678889c
6a09e667bb67ae853c6ef372a54ff53a510e527f9b05688c1f83d9ab5be0cd19
bd46558f078e5cdf892dbb98783dae2a1984e95cb1938f6ccfcb1aca413707f0
daaf37675c2ababa66904923411977af0176cc2d69fe71bb9965101a2508b35d
5973160195f8265d66b4e9c83c70b8876b502decd262edac0644b75d95ba5ac3
6a09e667bb67ae853c6ef372a54ff53a510e527f9b05688c1f83d9ab5be0cd19
dcb90d2411d3d60062e984116f275f80ed793c479b2c21a848ffe1af2a41ec2b
4f3b6c48cb70024b015247956c1f64a175025f69db97dae9426bbe1519dde7fa
6a09e667bb67ae853c6ef372a54ff53a510e527f9b05688c1f83d9ab5be0cd19
ebd788bed05b3523d9ffa180da51bc5e85d5bf5a53bf31c4dfd8583e7caf5f82
3cae5b8b0a8a725c5e24b3c6fc145e900ddd010af0eb47be2a7411c3c8c956b9
bdad538f1eda2150d3878cccb59c6c3b407a58c083549d18cadba35e225bfd54
6a09e667bb67ae853c6ef372a54ff53a510e527f9b05688c1f83d9ab5be0cd19
03da35722ae1bf35d684b08413d739df3928705b4897be298755c85d17cead33
6a09e667bb67ae853c6ef372a54ff53a510e527f9b05688c1f83d9ab5be0cd19
9116d6af976af203157b86c56f388c1e81e116b309fb0b258fba860f770aa683
07d41870acbef41fc35bdba8064c1dfa08ca2911adfaf798dc3d04ea6620f0f7
372cae2854b8b27027ac6e31c32fc0377561261bddf5be0d1302e3250b708cb2
6a09e667bb67ae853c6ef372a54ff53a510e527f9b05688c1f83d9ab5be0cd19
eaaa067c1b3fb1720c6dada7257a157985f59716f0270d80e7b0427669f88cd9
6a09e667bb67ae853c6ef372a54ff53a510e527f9b05688c1f83d9ab5be0cd19
add3f8ab67e47f31739b70874c5039e5ad62756244053ddc1fb2dc936748e84f
47fd5739d64ac760140bca6b2f9761ed99f814a9645d653d01e706585bc9ef09
6a09e667bb67ae853c6ef372a54ff53a510e527f9b05688c1f83d9ab5be0cd19
4494db4f614cd964df58d467bf7d482418038ddff77b4d62ded4c9c919391c25
0e1ed38fe0df8390b8cbd50bc8214c3204975fe7d59bc860df8c58231d32dd14
ee599ef21ffb36b485fd27df265e3cecb6826682fbaab5e68ce253c3eb175fe3
6a09e667bb67ae853c6ef372a54ff53a510e527f9b05688c1f83d9ab5be0cd19
6b8057dde203eccd72d78f2bce9acadd8272f5c67eaf6f4a4b87e2648a879a01
90979f2746dcefdcb0c1199d8824053116072c57fe99e8438dd2c2a109629ce9
ff658176b62c019b886e9ae4619c3c21b1ccd5f9e24911c1beb1a6e935b7c51d
6a09e667bb67ae853c6ef372a54ff53a510e527f9b05688c1f83d9ab5be0cd19
7dc7bdfd9155bd30fc2469eeea904bb62d60eb74d84f80ef7920a7cea7870375
5ae765cd3cfb0ee27462bbbb1ca758bf42a31800295ba0aca95b85ac53f64b14
9093e9ffbbf027ea5ad38cb2df467e04813253ea88b3478ca0fe7f8ce8d8f355
6a09e667bb67ae853c6ef372a54ff53a510e527f9b05688c1f83d9ab5be0cd19
cd3d160b0b8c00154b76aaea8846baa69159370016132cc20b638e373f953449
6ee4011b0a971af632be6c3b1021888dee2657b525c52d9d7b01a625e5ea16bc
6a09e667bb67ae853c6ef372a54ff53a510e527f9b05688c1f83d9ab5be0cd19
53eb6657ba8df141451e94e605e158d68cddbb45a6d454d25cf4d2d9cc1bf821
6a09e667bb67ae853c6ef372a54ff53a510e527f9b05688c1f83d9ab5be0cd19
e2a6eaac3a90e16aeb0b4d9915be0fd86505a56eda5bb6d7a3cfd4f28f3d325b
6e8db885ccb544176e0d528ee5784b58a5d1e989ef5ab9ede13f5017d9aa033c
6a09e667bb67ae853c6ef372a54ff53a510e527f9b05688c1f83d9ab5be0cd19
01bca0967b3800e54de24e13a9c8b10880ed1b392e57c5e2d814cdec1bedd724
c5e82d7ce2a751b218ba1d6338dcd013500d09caadcd5ee53ed09d1d094ada31
e04cc0678e3d61f9a4c51b8aaec4d15fb76514bc8647ccf7390ebd9edf44c71e
6a09e667bb67ae853c6ef372a54ff53a510e527f9b05688c1f83d9ab5be0cd19
cada42e9659a569f3261389afe5ca808bbe271f4973533a71c319d5b9a0f559b
6a09e667bb67ae853c6ef372a54ff53a510e527f9b05688c1f83d9ab5be0cd19
32511558fae3a0eb443328ccdee73c52c72b31d1c0fc3497e81d4e34eb4c0a16
44da4101c66729ae2707f96e7c344654dd9104290a3353f1911deacd539a0c39
aadee0ad9a38937803cba1f300e2bec69debf9aeb3b8ec11439c7559b46d6750
e12cbea26a7d9511f41e42940e9a7c6fdd09ae1d9558b55c4a715a52908b625f
6a09e667bb67ae853c6ef372a54ff53a510e527f9b05688c1f83d9ab5be0cd19
a8d234c1ff0ad00fa8f1c62d2af2598eb9776b3d0ae6334b5962299d53e0793c
4a5713895755ba6c168a9244ea7287e78aa28db4b69a5f55edf9e8accf7f43eb
8de4170a63f6d763cd00f2eaa984f60e90254ed2c91d5cd90d3bb81cbf900feb
6a09e667bb67ae853c6ef372a54ff53a510e527f9b05688c1f83d9ab5be0cd19
6a09e667bb67ae853c6ef372a54ff53a510e527f9b05688c1f83d9ab5be0cd19
55b30f50764b62827262d26af07f4ab372eed19947ad3821a3a63e1a671900ab
6a09e667bb67ae853c6ef372a54ff53a510e527f9b05688c1f83d9ab5be0cd19
bfac5bb260a1b19f01106777e7d62f270c19847c5cc07eca44d95a89d6751518
6a09e667bb67ae853c6ef372a54ff53a510e527f9b05688c1f83d9ab5be0cd19
45c5d1c1fe80115ab3423c6bf61e768a739cb2212ead13fbaf9aab2136262b60
6a09e667bb67ae853c6ef372a54ff53a510e527f9b05688c1f83d9ab5be0cd19
86bb3c70d698d03ff752c43db943016b49a67adb956aa1eeaa2730faab0dc4eb
6a09e667bb67ae853c6ef372a54ff53a510e527f9b05688c1f83d9ab5be0cd19
ffebeea36cb33e3ace87fd7eb4f963bc9a7dc1cf4ce91d90b5094afa670aa162
998af53d51c5fa1d61f8da07ede4a2ef1293669e8595734e67ee7e8ee73598d0
6a09e667bb67ae853c6ef372a54ff53a510e527f9b05688c1f83d9ab5be0cd19
22cde0aeec6b63d37a0e7f78aec124ecdb6a05211807f369584de6ba152f9d0f
5f8a7204d2852de5e31fb108e299e1bff07d5052f72c47c4175e9e3d3c653ff0
a7ca97a1bf80f6e9dc72c4d016dd68e578515129812feeefd44ceb0100610113
6a09e667bb67ae853c6ef372a54ff53a510e527f9b05688c1f83d9ab5be0cd19
4303917de4e116c35015e5a7380accb9fa5e727e5ebe71784e43dca4d0e62adc
dbbca9439842a9bde82c13526157955b122deff09cc1dece6c64e2b0621cad21
46ee62e305452452c7dfbe0fa1647d27bca591faccd1b80c2c0b65a3b808d75d
52c022749e267f7487fd68fa012ac36ac84140f7c214b87e9daed9f23173593b
6a09e667bb67ae853c6ef372a54ff53a510e527f9b05688c1f83d9ab5be0cd19
eb8a5f42edccd775c7d5d56c56a1a26fe713c24c977810bd97c2f6ae9c9b41b4
6a09e667bb67ae853c6ef372a54ff53a510e527f9b05688c1f83d9ab5be0cd19
6a09e667bb67ae853c6ef372a54ff53a510e527f9b05688c1f83d9ab5be0cd19
18f9255ace9cf624c6b89e51a3c86c88479fada5e8a0b171f9aead42f8af83d6
eebf82fc875992a7b06341143bae8d3806ce6bde632081b9d9180d4d6562122d
98bca8c612a6737ab5d905f2a2b179434cf1650b6fede10737d7152949437e32
6a09e667bb67ae853c6ef372a54ff53a510e527f9b05688c1f83d9ab5be0cd19
930834fa5b5a7078d9a198aed9dc24be2d5a11823152d1599250f59949f20f9a
d997c0e132900f409ded3374eeb96101b7e000dfa9d587c1b135964fa748af9c
37e05997287816f918cb353b073f658e7aea2fed77d1e75420bc15d39d888286
6a09e667bb67ae853c6ef372a54ff53a510e527f9b05688c1f83d9ab5be0cd19
6a09e667bb67ae853c6ef372a54ff53a510e527f9b05688c1f83d9ab5be0cd19
b9243fe8683cc44ad3640cdfd5f450c64b496672a411e7351d1180a0722b8267
3e5b02e27897bd1132ec49953c8043c6b61bff49b47ca228f0efb3a7cf1ade77
fe59eb9592d8d44905d5e88678caf31646a4eab3b3cce8a73880bacfb65a0234
6a09e667bb67ae853c6ef372a54ff53a510e527f9b05688c1f83d9ab5be0cd19
ba628777149d4a1ca90849bc76bb3a34f02437d0285b8cf379c12e1ab0b210e6
54695d7ead9d60d20d0bdaa2d4ff536421749600cabaea281e3f45a9fb25e134
6a09e667bb67ae853c6ef372a54ff53a510e527f9b05688c1f83d9ab5be0cd19
6a09e667bb67ae853c6ef372a54ff53a510e527f9b05688c1f83d9ab5be0cd19
39c4190c460a7eea95eb80ec55a70a76550446c2f10d835f0dc9ba946efad31f
6a09e667bb67ae853c6ef372a54ff53a510e527f9b05688c1f83d9ab5be0cd19
6a09e667bb67ae853c6ef372a54ff53a510e527f9b05688c1f83d9ab5be0cd19
a11af64c8283b425965b2bf4b2f71ea9ffcc5bf551f5011e530077695d3ddd67
725cba343e4d1aa63faf3924dbec02659c5d9a7ec265ed74ce9bcba52a6aa8e2
5ad76c374d1937b6545cb9cf9a7d19c09ba2570a657282b48666f990593ba08a
3a894229f3cf7f48cc111266fe6eacebb910623cbe9663c8c5300d08b7412a66
6a09e667bb67ae853c6ef372a54ff53a510e527f9b05688c1f83d9ab5be0cd19
1092d8be4fa77265313958f82b9f524d9f0ddf283fb796be0debceaf38a4f8ff
41405a38137ed3e68bf911f8c4b874c988c6ab6a73cc85f53a12a914239c125d
da712d1264e5accdb36c688ba2e14be9708f0dab4ef056dbfe62157482bbb357
6a09e667bb67ae853c6ef372a54ff53a510e527f9b05688c1f83d9ab5be0cd19
b035a673b1e72d0f1f626708d57b28207479ae9e0dfd45d016fc91100431a42c
f964426accc3c7f1ec8d93a032cdf9221520e4c6bd2ef4a2fbc4ef319457bdc0
fd92ac1d787ee6967511a184888377351acaacfda20d4ec84ad5b8e47e49a2c1
6a09e667bb67ae853c6ef372a54ff53a510e527f9b05688c1f83d9ab5be0cd19
c9033fbcd30c6a546576739b6a2edcaf5f0fb21a5e286c17db8a32e166de78b3
4f181ea994a4758c71dd01c276fbae7aa309c62661e4ac0528f8c906d27476e2
6b27e3efc51f92816238f7776439c632b2f3c8e3baec7575f84dcfb45325e08b
6a09e667bb67ae853c6ef372a54ff53a510e527f9b05688c1f83d9ab5be0cd19
6ca1ca215c81573ff46eba43589b6a161fd9532423535a896acb395c600eb1f9
01d987f380ba3be3bdf712682b6f45bc3f450391a5c10343c144a3daed6fe7b9
cab5fbcb3ef4fb6c66e72ef116a1b315b01321d37b1be7a3d16b17e56d1606a9
6a09e667bb67ae853c6ef372a54ff53a510e527f9b05688c1f83d9ab5be0cd19
1d1a155c46e0c30258f2ec107e06b3beaac75ee0d500115798c220152c1aa149
6a09e667bb67ae853c6ef372a54ff53a510e527f9b05688c1f83d9ab5be0cd19
baa51f922a3ea396660d11e8b2c78f926c2bc43eae0bba41cde23720062392f0
9f529b9f73fa72aa9160cc19fb9d1bd59f6360ad3f17bed750e184bd4fdccea9
6a09e667bb67ae853c6ef372a54ff53a510e527f9b05688c1f83d9ab5be0cd19
9b04347767c19dc138f5f18e7d6208a3902512cdd4eb4cce567ff80f03028b71
3e8d37dd1c0e6cee5f5da5486dd6ea50a05cc2d62798d51890c758ef9b650f5b
2aac97a3d8925bfcd6e851a0b83da32e97737a1d28911a94708d573f10960f01
6a09e667bb67ae853c6ef372a54ff53a510e527f9b05688c1f83d9ab5be0cd19
96d7761551bfd3c504e35210e4bccb4ae9af985817e5efc26898558479653047
6a09e667bb67ae853c6ef372a54ff53a510e527f9b05688c1f83d9ab5be0cd19
75dae9ccb8a84faef15229a3cfe5654d97cd7fa899c41da049938e29ccec99ed
e8836cdeb1f9ec9c341ef424d5ccbfa202d102a3ef6a040877d681b894dcac4d
89fae7ddb8086bebe2430ef6cec90165ffb57c90065472ebeb9ea1bb26c6e3b6
6a09e667bb67ae853c6ef372a54ff53a510e527f9b05688c1f83d9ab5be0cd19
6a09e667bb67ae853c6ef372a54ff53a510e527f9b05688c1f83d9ab5be0cd19
07b1f21df62f66a461d8611d56111f721b6b138119f278ac2acf90ae92432380
6a09e667bb67ae853c6ef372a54ff53a510e527f9b05688c1f83d9ab5be0cd19
12afa3aa36ef9d8f06b53d64ca10c4ebe800406d3f1944afcced15e39cefc5aa
6a09e667bb67ae853c6ef372a54ff53a510e527f9b05688c1f83d9ab5be0cd19
659d8d8fd0f054fc3f025b70dfaac95dc3ad3b0a63e295315df4be326acaddac
5786d9e80ff308b08c0d2057f8ad03e648866d8efc649a2891011381b66602a2
6a09e667bb67ae853c6ef372a54ff53a510e527f9b05688c1f83d9ab5be0cd19
6a09e667bb67ae853c6ef372a54ff53a510e527f9b05688c1f83d9ab5be0cd19
90525218425130510ecd28191bf0cba55715a1d5a4ddfb9c4853c4c9fff422d4
6a09e667bb67ae853c6ef372a54ff53a510e527f9b05688c1f83d9ab5be0cd19
d224362d79372f729033bf9d095968827fc57cf3d42d92599bd58f2296b1ba0d
139931d9d80f339d9be40ab101290e2ae243a759f4ffb242bc4c04255b6f07e1
61d74a446e9f16a1f2472ff0db995f1bcc35991db8a61a11980768a1266fc308
6a09e667bb67ae853c6ef372a54ff53a510e527f9b05688c1f83d9ab5be0cd19
97514dd7a4bd27c697c659d2c63281ee1de8f2743d9f96cb95a24cd30046a309
eaed42a918b471490aa27c793c636397c49606f0001c0eff6d8fd67d97ef9076
634f3b7be10625bcd9302857260a80397ed0916af681282da47a288ac6fb0ad7
6a09e667bb67ae853c6ef372a54ff53a510e527f9b05688c1f83d9ab5be0cd19
f91106bc91f6168f5a4f1e6955381481ce70f45fcb62d1542d5fa6ed35815bc1
6a09e667bb67ae853c6ef372a54ff53a510e527f9b05688c1f83d9ab5be0cd19
18abeebcbc27a619712845b5eda171e158501fdc0680a5af2bfe998bb2a5dedb
6116f4c29e1717cf2f1137b4bac6eba537c12b939410f2d92ef53f224d1da4f5
6a09e667bb67ae853c6ef372a54ff53a510e527f9b05688c1f83d9ab5be0cd19
5638aa3bd42c7597db0f7ec8b79df30e75f70ebc017da0542a3e58068e7cd1cf
6a09e667bb67ae853c6ef372a54ff53a510e527f9b05688c1f83d9ab5be0cd19
7fa972124d57eb7f816a000731bc557f086ba64b5c9a03d45971e72c891c0e7e
6a09e667bb67ae853c6ef372a54ff53a510e527f9b05688c1f83d9ab5be0cd19
e7a9380a28f45f110c9b829eb33ad3fa30ce0ddfa936740c2f4d24730f22d5f7
6a09e667bb67ae853c6ef372a54ff53a510e527f9b05688c1f83d9ab5be0cd19
1ace427ed3ae0502e83300edcc5d32d322e106f85ebefbf53c74570f0144aff0
86b443b15889509ba10b4f8c7b87bab1efaeed5bf07129ef2cf5fcbb529f7622
7578a265adb085c64ac78b46a3da5be3cf1d768c92d5e6959aff400510062f14
6a09e667bb67ae853c6ef372a54ff53a510e527f9b05688c1f83d9ab5be0cd19
6a09e667bb67ae853c6ef372a54ff53a510e527f9b05688c1f83d9ab5be0cd19
e6ec95c4bb9eced30bafebc59b7990ba4c298d5069f55e48a2637d2bed3a998a
8d7b60be8fe03f66033a4e1c2d4ba6a9b689ce333c69060ec8a89edb3e89927a
6a09e667bb67ae853c6ef372a54ff53a510e527f9b05688c1f83d9ab5be0cd19
7d90365e4a77395015b2f0675e4f9f46e0773f2b6092c952c967ebdaffccf900
b189f7b7f4e303292e3695d74c3fad6e9726d73d37a89dc89cc858db39ce0dfb
26b2e3d70334987fd9df9919499079919247bac81e0a81388ccc86666611f252
6a09e667bb67ae853c6ef372a54ff53a510e527f9b05688c1f83d9ab5be0cd19
72e77ff93a3580c9c3d0025b30b38e50d3006572539b2c160b754f7a2cce2fb6
6a09e667bb67ae853c6ef372a54ff53a510e527f9b05688c1f83d9ab5be0cd19
6a09e667bb67ae853c6ef372a54ff53a510e527f9b05688c1f83d9ab5be0cd19
84b9d5d444c980609f93a760b5c37c3fec5e52e2a273f82bd44f9bcbcbebc265
3a2c31c5a65faa4916a901eb9c038f4845b6726beae2fb6c424edc57226e1499
16c8ee79e73ff6df94957e0399a202535bf39852a33e5d8a549cdb418e235296
6a09e667bb67ae853c6ef372a54ff53a510e527f9b05688c1f83d9ab5be0cd19
2ea6918e7a8838b20c62cd22cd5a2936f0aa4c56c9e9d9025824be27a8405a9f
d8bbab52ff3f23325438845b57d0391ebffafbfd8c051c9c99d22c36ab491c57
6a09e667bb67ae853c6ef372a54ff53a510e527f9b05688c1f83d9ab5be0cd19
6a09e667bb67ae853c6ef372a54ff53a510e527f9b05688c1f83d9ab5be0cd19
cf2ae958ccdbbfabf3a1b00428f6dd2d3b90b6ad7f5eb4518cee8fd0767a59ef
6a09e667bb67ae853c6ef372a54ff53a510e527f9b05688c1f83d9ab5be0cd19
5323982c929b276f2070ef92c78020c0a6ed4f48669fbf9900a7866fd4f4e17a
419bd0e1f550af1a39eef5eb3dc965f1ce45c0c8d3d665ef615e522f8305992d
6a09e667bb67ae853c6ef372a54ff53a510e527f9b05688c1f83d9ab5be0cd19
6a09e667bb67ae853c6ef372a54ff53a510e527f9b05688c1f83d9ab5be0cd19
8a77c9c92f363c158fe08bd9f9a0c5a939cfb0dc05ef17d3757b3207b5273c79
6a09e667bb67ae853c6ef372a54ff53a510e527f9b05688c1f83d9ab5be0cd19
11028c0bae8198ec52eff74b910d2569ef72e3da6dc2c90c6b523f75d01aba62
b274f4bc04919a0bbc7cad7454c54d94f326174b53aa161d6a9f23c29f21855b
8105df96c689ccc7da6aae86fa08490ffa984d92adb006ee39f0bba32ee40639
6a09e667bb67ae853c6ef372a54ff53a510e527f9b05688c1f83d9ab5be0cd19
6a09e667bb67ae853c6ef372a54ff53a510e527f9b05688c1f83d9ab5be0cd19
613c993cf26e50ff607825b64690fd7ec62012451f0a6a1400650882e03d8d6d
371eda5f3fa64b04650dd39b3e2b46b3baac5e0a4bcdf485b91fc21a666126d8
6a09e667bb67ae853c6ef372a54ff53a510e527f9b05688c1f83d9ab5be0cd19
a471946868e10093bf738afef969cbe230b0849717a41803e54ed52a122d21f3
a8a429b429cd9a43b87dc12da8596cdccad533a01898836df44988e96ff4262f
6a09e667bb67ae853c6ef372a54ff53a510e527f9b05688c1f83d9ab5be0cd19
6a09e667bb67ae853c6ef372a54ff53a510e527f9b05688c1f83d9ab5be0cd19
ed2676d663945d9e546a6480129185d77bf86585481970c4e95cb2f563b1443d
89134d8c54dfbf9b80259302f714bd05c5a8a8d5561d5bf9c7a01b3301b8867d
ce2def96bfecae5878e42b82ddb0abcb78c0918558f402a6383a7923542f49cd
6a09e667bb67ae853c6ef372a54ff53a510e527f9b05688c1f83d9ab5be0cd19
e604cd668cdd71b74ef4af186554802de8a878e2cf377de9ae29451bd57f2bd9
6a09e667bb67ae853c6ef372a54ff53a510e527f9b05688c1f83d9ab5be0cd19
2f2df717ffbe57cc922dc6b0e5cc80f7f755b504768458a9b525effa2bddf2b5
144b27264f39144a49c3f432c3615152357a03c726cc54caef5fd39ae660e25a
c52585dbae99a17092e4f59b1bf9280ea731e2b22602b0c2e607bcbc85b5bec4
6a09e667bb67ae853c6ef372a54ff53a510e527f9b05688c1f83d9ab5be0cd19
e4434163102aa40d31aca919460d8eac41090f94a1904dcaef36f2cf3162006a
182735e473d70d8d33479516952a4b8c88cb47a269a159d3d8f9fdd4c6cf4791
59b54c05d61fff12a79fb6432f6bce84d658ebd0a60e2a9dba3f939c8fa33cb4
6a09e667bb67ae853c6ef372a54ff53a510e527f9b05688c1f83d9ab5be0cd19
169512be064ac68b7c774f5e4db2c746d317471908efb698703727d8e2e47ad4
e254710d5db99fb08eeca7592da05938475fb03b70a37ad334091fe479b600a6
1bc4b57ea7e0508a89286566ab701de15b6d7e84352c7c9ab00c79c67e7935a3
6a09e667bb67ae853c6ef372a54ff53a510e527f9b05688c1f83d9ab5be0cd19
274fedbf0b1605c9886e665580ae75f9aa55162de2ddc716a1b7d71188e471cf
6a09e667bb67ae853c6ef372a54ff53a510e527f9b05688c1f83d9ab5be0cd19
4e82717e311584feb6807998e05275ec4d1d22d8c74cb9cfe5e306ec83e4957a
4ab371d9f6c92b903ef761b73e1e5eea44366e20ef961c2aaa35993b57af3e05
ceb45afafca97a81080fcfb7cc47d9bd7717b20dd7ff7ec20cd4bd339e6c4dd1
6a09e667bb67ae853c6ef372a54ff53a510e527f9b05688c1f83d9ab5be0cd19
a9a308a4578398742ecd5c2b992e485d7000f6bfa9eb93a45fb641d03a0ee1e6
6a09e667bb67ae853c6ef372a54ff53a510e527f9b05688c1f83d9ab5be0cd19
6a09e667bb67ae853c6ef372a54ff53a510e527f9b05688c1f83d9ab5be0cd19
bde1b694cfa3ae2032d594533fa5532e54431e92cc74a418f729cc7d85e8b37b
6a09e667bb67ae853c6ef372a54ff53a510e527f9b05688c1f83d9ab5be0cd19
6a09e667bb67ae853c6ef372a54ff53a510e527f9b05688c1f83d9ab5be0cd19
8858bdbfcf36e34b6c980aac323c5436fba86ee3ebd5fb1b800fcb612f4c1b89
87257aa519a0b13629ded1b575fe87c4f43c901824f82ed09bb2573abaca912c
6a09e667bb67ae853c6ef372a54ff53a510e527f9b05688c1f83d9ab5be0cd19
6a09e667bb67ae853c6ef372a54ff53a510e527f9b05688c1f83d9ab5be0cd19
aeb21a820cb9aba370755b5534693c50efe6ffbe8c773f936cab247ec6bf122e
efada3bf084b34d60390cf00158ccccb4b55d7ec6c4ddd1858513695bf8ff597
6a09e667bb67ae853c6ef372a54ff53a510e527f9b05688c1f83d9ab5be0cd19
6a09e667bb67ae853c6ef372a54ff53a510e527f9b05688c1f83d9ab5be0cd19
15326b542e6dd1b2dc76cf548dc85d2e859713cc135edc5af5b1ba6787f954dc
1332037e8415fd39e58742ab894cbf4063f9ddf06840857851dda4bed3b30d78
6a09e667bb67ae853c6ef372a54ff53a510e527f9b05688c1f83d9ab5be0cd19
6a09e667bb67ae853c6ef372a54ff53a510e527f9b05688c1f83d9ab5be0cd19
6a09e667bb67ae853c6ef372a54ff53a510e527f9b05688c1f83d9ab5be0cd19
a14cce171c386b2cc35b869d0563717bb458a3301f452b5abddcc5b0e692ae7d
6a09e667bb67ae853c6ef372a54ff53a510e527f9b05688c1f83d9ab5be0cd19
6a09e667bb67ae853c6ef372a54ff53a510e527f9b05688c1f83d9ab5be0cd19
0db3593f4e15020d0c515e4362a1eaa1b0498898fca43f9bf9d37888d5a8e5a0
6a09e667bb67ae853c6ef372a54ff53a510e527f9b05688c1f83d9ab5be0cd19
8b211ec22ceefbcf1037b756c0a668118e3e7b1bc9cc98575764827c21a009a7
6a09e667bb67ae853c6ef372a54ff53a510e527f9b05688c1f83d9ab5be0cd19
633f931dd017d8dfea6031a63ce99fbd83cf7c756876f765f51f6fc3edcb5ba7
ea0e5b53d8a6bfe48d90d28a8c46698c03227fa4a9e590e27a39f84c5a0d4654
d26938d610914bdad1ed610adefbc5d08824ef6cc89684eaa967535440616e52
6a09e667bb67ae853c6ef372a54ff53a510e527f9b05688c1f83d9ab5be0cd19
0d71e6355fee30ed246be2f62a76386a0601a21497836a66dad96d034bd19045
3e7e2adcb8da29b6fe970bf521d715e72997b5818fa30d506d5c6430dc2575cd
6a09e667bb67ae853c6ef372a54ff53a510e527f9b05688c1f83d9ab5be0cd19
6a09e667bb67ae853c6ef372a54ff53a510e527f9b05688c1f83d9ab5be0cd19
7781a79cdccf05b5710bcf6e4e85438f04a8c6abdd4a12ad97fd4cce80e84d29
6a09e667bb67ae853c6ef372a54ff53a510e527f9b05688c1f83d9ab5be0cd19
6a09e667bb67ae853c6ef372a54ff53a510e527f9b05688c1f83d9ab5be0cd19
9f947f7f985594be1eb5e35083800193051d28adbdd9ea52528bfea70d7312e8
6a09e667bb67ae853c6ef372a54ff53a510e527f9b05688c1f83d9ab5be0cd19
de12f826af592f396f0860ee8c81222d0d84a8020a25c927a58e6c5cd628779c
8b09274b79a0a4a77631e66446899fa3833f289c134b4b7d289cb75733a53406
244835dfe80d3af89623acaf744a6fe568ee2e57543f016574b7f933c814ea1f
6a09e667bb67ae853c6ef372a54ff53a510e527f9b05688c1f83d9ab5be0cd19
e9147e277f3ff4cc37440c202b8ac6c6c97407f591c1fb0bd1db1645e67845dd
bd95cefd12e09e9a937c391f3a582f4674b809a05d6233eafc3430c763fe6996
19c00a21546352c2766b2fca334b64190acad4b8ce2624a1382fd15c1e16960b
6a09e667bb67ae853c6ef372a54ff53a510e527f9b05688c1f83d9ab5be0cd19
eb6e91eef3b847eb2085b6f89be3f217eb7b42cceed94876d886178654976f24
6a09e667bb67ae853c6ef372a54ff53a510e527f9b05688c1f83d9ab5be0cd19
585e6b15517c43cefbf52d4ca6f518462fc5b2f3b886155b65b34b08fd2e7d0a
35bc253cdc6eb1ecb09f620083678ceb066ca91406ecd3bad36c5f694734ba06
0d2c5f6c02682fe6802b274423e05c8da2f1a7f9d66ec23fab963f5f2fc3066a
6a09e667bb67ae853c6ef372a54ff53a510e527f9b05688c1f83d9ab5be0cd19
603dbb3a5aa032b97a2f3577f288a287c5b1be7a380b406f49bfa795bbb2051a
b3c52fea9cd3517bc16b4395d489f84be2b5dc60a999880eaf1409ebc84d8771
6a09e667bb67ae853c6ef372a54ff53a510e527f9b05688c1f83d9ab5be0cd19
6a09e667bb67ae853c6ef372a54ff53a510e527f9b05688c1f83d9ab5be0cd19
cae1fecdfcd8c43136870c0a9258c0090696ea9f8b9ab9d2167c9ba4fc77eb4f
6a09e667bb67ae853c6ef372a54ff53a510e527f9b05688c1f83d9ab5be0cd19
2a951372f4150eb2eba2cb4c8b4fbc21ac3ef8e3043b3beadffd5d88319b9541
6a09e667bb67ae853c6ef372a54ff53a510e527f9b05688c1f83d9ab5be0cd19
6e514f7afdbd0bac0c1593ae9a6b6037099143945cf232f5f14c077e96dffd92
6a09e667bb67ae853c6ef372a54ff53a510e527f9b05688c1f83d9ab5be0cd19
6a09e667bb67ae853c6ef372a54ff53a510e527f9b05688c1f83d9ab5be0cd19
450600ccacdac7e9db086abda62c670b7b8030ba8c6a5a3cd499f34fb2397f72
9d56b5d618d0797d921b9bdf5dd4f69f44448d25c4d806c9ad19dd9653c3e7f7
6a09e667bb67ae853c6ef372a54ff53a510e527f9b05688c1f83d9ab5be0cd19
78adc262d5353b99a57a18babcf6d5f30348ca8ff0af580f5e5222ca35c57da6
081fb396368b10e6993dc155424c6ab73fa330da30e03de43996f2384cdcf6db
c4c08086ae2215f977432bf96b7be03338fddaeb444ec15e2854126fff417761
6a09e667bb67ae853c6ef372a54ff53a510e527f9b05688c1f83d9ab5be0cd19
6a09e667bb67ae853c6ef372a54ff53a510e527f9b05688c1f83d9ab5be0cd19
ce25fa31b1087a873a3b279c878874be6ea4ca3ea54e9e41b088305ba33a0995
f31ceb81d04563fa00c6c9ec199f538f4ed79204e2497eb5164fd860f25df277
6a09e667bb67ae853c6ef372a54ff53a510e527f9b05688c1f83d9ab5be0cd19
f6d593252c3b62bbf1f1166f15496ce56ed699331585bd07b0733588416ac3ea
38ecfab26e9969cff0d83bf3c5844f3004b97658ee8a84a4e7a60fbcb92d6e0d
6a09e667bb67ae853c6ef372a54ff53a510e527f9b05688c1f83d9ab5be0cd19
c19bb2a02f5b1e6c1487cce02e7726defbcff927ad7bee384b90c3e4aef92e5a
6a09e667bb67ae853c6ef372a54ff53a510e527f9b05688c1f83d9ab5be0cd19
6ffe837bf3508519598b66f47b92e71d42f33c04ed41782481a7feed49798ca2
b359bbe94d211cf6047471919e5eeb33c90ee3790aa617453100285cc3d05037
59e6704bc347f32510fd7269e83d3fdbf4e8c117246fc52287a002e07a18f5b7
6a09e667bb67ae853c6ef372a54ff53a510e527f9b05688c1f83d9ab5be0cd19
041f8b770a790f0af9ea5dae0bb584d735b97108e75d08e3bdb6df30e086c70a
4692524763327328c4643ae2ddc4292e481cbed9c65dad61a2c5da338fcbf610
6a09e667bb67ae853c6ef372a54ff53a510e527f9b05688c1f83d9ab5be0cd19
aa4af407043cf7397481a69ae3c269c801665f3c0200d8158dbf00d85c7a6de6
6a09e667bb67ae853c6ef372a54ff53a510e527f9b05688c1f83d9ab5be0cd19
44146d749f8d29c67badce26256be49ebbf8bf413424df7d9915f2c0e5f8aa99
a0ea4585c9793a35c072b39cd7ea7ffbe893b3d1a896f4140ebb20c4df007a0c
2b6ed04f7cb65cfd1e3502af3bc96b6058691f5f39d39ea58f74935e374fdc09
8fd4efeb0e4411cd592457aebfee68b23877b21b05ddb317587ea1249149587b
6a09e667bb67ae853c6ef372a54ff53a510e527f9b05688c1f83d9ab5be0cd19
73e67b106caf5aca4e5e03001a8f92f6735bd489d3bbe4e3fe6621d17575be0f
031a66012f84f1d39c96dfd33f9b41b8df3d50533cb5b23d4a0ac362a677aef3
0b57fd8a265cb445e7671c171a53113dad3323216172fa1f460bb958fdec98cb
6a09e667bb67ae853c6ef372a54ff53a510e527f9b05688c1f83d9ab5be0cd19
b7fc430242c4ecf397817c71edc1d67eea1f3839a45d00a2b3e2e2391f3f6892
0931dc8b1805aa4a9960bcc4431ea405f4c17c5d1c24fdc7b8651ccc05fd829f
fefc0023e4073631adab9b7687557fb0806a2d5d0de91d920d8c9a180df7a421
b63996742a6d625b0e836f962109696d96b733f19adb85922570cec040a6b7f4
6a09e667bb67ae853c6ef372a54ff53a510e527f9b05688c1f83d9ab5be0cd19
6a09e667bb67ae853c6ef372a54ff53a510e527f9b05688c1f83d9ab5be0cd19
6c72d4b5c07cd52933dc14b50bd3adeb724508ea6286f2010bc46d4b2acb33c9
6a09e667bb67ae853c6ef372a54ff53a510e527f9b05688c1f83d9ab5be0cd19
77797c9ad2adadeb173419c070d9c94eb05414c8c8f5c77a47fffe2ea55fd445
6a09e667bb67ae853c6ef372a54ff53a510e527f9b05688c1f83d9ab5be0cd19
51747ab04dea92b3ebbd3e5878fca61b47681a0129c1d106a09a4c639738b346
d272ab580f2ea5c85d24f8f823f5145ade8c0b948d47547ce30c809d5e23c9bb
e35a7bbff8b58409055c0afc7c178ed6bc2c2f230cb2186f000cea06bebbfc1c
6a09e667bb67ae853c6ef372a54ff53a510e527f9b05688c1f83d9ab5be0cd19
f5b224fb9966d679c4d762e7e43c0999b46444c0ef1f71984964d7dc07ee9324
6a09e667bb67ae853c6ef372a54ff53a510e527f9b05688c1f83d9ab5be0cd19
6a09e667bb67ae853c6ef372a54ff53a510e527f9b05688c1f83d9ab5be0cd19
1c61092061d6d2e1da5cc341b7647c75b89fdc4e87d19fd137f58bddb49982ff
c5398a2f1265e4acd03c0e8aebcb11f590be09d4c93ebd291430b96ce46e097f
6a09e667bb67ae853c6ef372a54ff53a510e527f9b05688c1f83d9ab5be0cd19
d7637f61740c952fec645147e5404a3d5ef5d979419dbaa665071365ab13726b
6a09e667bb67ae853c6ef372a54ff53a510e527f9b05688c1f83d9ab5be0cd19
76584931db3d0f99e2890a1713d09c764215f1bcf930809b06683e570cb54837
6a09e667bb67ae853c6ef372a54ff53a510e527f9b05688c1f83d9ab5be0cd19
6dfce133c0523de70928040056b78bad698c9748c330cd5227bdfc3d1619b639
aff412286e6f88aef191d65cef78b1c33a8a6770fc2a6fba586142c0daf10a2c
6fafd7b264c1c1708d59f91b20d6b15c263ac56547934b71df45a3c50363a958
6a09e667bb67ae853c6ef372a54ff53a510e527f9b05688c1f83d9ab5be0cd19
ff04c57de12360fbdf551eb15b6a147dd6225ced864a4d4af2de1d82a8fe7965
9a3269554e60998da2cf2eb027d2ea6bd11f8277c8298cb40a29b9fba8bc19f9
6a09e667bb67ae853c6ef372a54ff53a510e527f9b05688c1f83d9ab5be0cd19
6a09e667bb67ae853c6ef372a54ff53a510e527f9b05688c1f83d9ab5be0cd19
ef381ad0f3e8421091308d5cdc06841fff88015d8dc902039b992d24a1cf14f4
6441f4e5e5749729b216edcb56b10a06321c825ba23a1588becf700c67ab72c3
74283bedf909e9ff4a266bafb015e4051470fd47dae7cab6f8db01042b94d88d
6a09e667bb67ae853c6ef372a54ff53a510e527f9b05688c1f83d9ab5be0cd19
6a09e667bb67ae853c6ef372a54ff53a510e527f9b05688c1f83d9ab5be0cd19
6d79c00bb1c71be2ecc5ed18958c01275871aeb4e8cd29beedc830c321229842
a5f7f5216bfc9cf76df95df8be32979574f5c005c83216706cc17b86cd403386
6a09e667bb67ae853c6ef372a54ff53a510e527f9b05688c1f83d9ab5be0cd19
6a09e667bb67ae853c6ef372a54ff53a510e527f9b05688c1f83d9ab5be0cd19
ada827cca8194016c85cec7d171c584221ffb619d88c7900841761e409f5375e
6a09e667bb67ae853c6ef372a54ff53a510e527f9b05688c1f83d9ab5be0cd19
8ea3a5c30b0cc0e2e5f2d2b644f99bd00c0280d16fd21f14c1f48ac19cec94ac
78c754809a65ea814bf85fdf319316feea43710abb18a1507a9069206eb430ae
c50cc8b30d1768ae6272e37990d932d1bf188cf7b05cf99cd5a708c9d7fcea5c
6a09e667bb67ae853c6ef372a54ff53a510e527f9b05688c1f83d9ab5be0cd19
cc8eda77f98e2e7ac0520756f42b7d9ac343ca987f93cc990d2f291157aa5015
6a09e667bb67ae853c6ef372a54ff53a510e527f9b05688c1f83d9ab5be0cd19
88a4dc96f01bb8c6b215ff60c51f95f4c8a00706feda31d16e2734f152c00fe8
6a09e667bb67ae853c6ef372a54ff53a510e527f9b05688c1f83d9ab5be0cd19
d68488b2572a11645b64371dbcd15cf36e3c7439e9393d287c93904e251dbfc1
2f88a77d43cc3a8444433751089f960ee8046aa7928fa464264d95a99be40275
6a09e667bb67ae853c6ef372a54ff53a510e527f9b05688c1f83d9ab5be0cd19
5d69323350dfd2055808a184b25fb9ced0fd729bf3b8f14aac8f71e66156fc7b
11b75bf31f5a5b53fa4f92590e4d4aad12538781e08fbdece1055b187b55572f
6a09e667bb67ae853c6ef372a54ff53a510e527f9b05688c1f83d9ab5be0cd19
0b92ba38ac545a122e13935a049771fc5120e223f58a8d1c64fbcbf0d757c2f4
6a09e667bb67ae853c6ef372a54ff53a510e527f9b05688c1f83d9ab5be0cd19
812cdde6443ef0d66a09ace73d9d23f4b102df17d7ca6de52a8f433acf900ac0
6a09e667bb67ae853c6ef372a54ff53a510e527f9b05688c1f83d9ab5be0cd19
6c051f1885dca92ba7348609f33cf1ea1525e54041f921cdbbb36863238d120c
0c682feb6e3792764fc41689b4ae8fb35571db27d637d535874fbff218502e0b
0c002e5231e41e795c2237019f9d7c7e460eda4ffc3cf2bb4e46f5bfc1401633
6a09e667bb67ae853c6ef372a54ff53a510e527f9b05688c1f83d9ab5be0cd19
49ca7c801373d674837f9383a40982489c7950a392a5b1d808e210ad3880bfe1
6a09e667bb67ae853c6ef372a54ff53a510e527f9b05688c1f83d9ab5be0cd19
6a09e667bb67ae853c6ef372a54ff53a510e527f9b05688c1f83d9ab5be0cd19
6a09e667bb67ae853c6ef372a54ff53a510e527f9b05688c1f83d9ab5be0cd19
0099a387eb2e951957a3f98584331726060362e2bbd556780b66f7b17108877c
6a09e667bb67ae853c6ef372a54ff53a510e527f9b05688c1f83d9ab5be0cd19
0d48ff249a384561d55fea25c95cd17cf3da4136f5fb378421ea04615dab8bbf
846386d0d4e4036bae31dfc7ea8805f8e88d9299d9a134fff7f554ed809cba6b
8776ebdfd746f7681badbe1b6b4b68500dc104fbf3530045fa1f9a1bb50a12d1
6a09e667bb67ae853c6ef372a54ff53a510e527f9b05688c1f83d9ab5be0cd19
b6ccecf756118c1d29bf702c356aff5d610df752adf7b1035117da401f6eeb20
6a09e667bb67ae853c6ef372a54ff53a510e527f9b05688c1f83d9ab5be0cd19
7839a8acf8a57356d928eb94019f77eaf441e1ab593989f13440c18591989a0c
d6be20601c86043f605de86f44963a8cc0b1860c5b86d1e09b3bd27d4ede4c6f
6a09e667bb67ae853c6ef372a54ff53a510e527f9b05688c1f83d9ab5be0cd19
8260e5d1eeca176b601514d8dd1781e86a18572bcd2a6eeb6e7c6bbecfaca7d8
6a09e667bb67ae853c6ef372a54ff53a510e527f9b05688c1f83d9ab5be0cd19
b74fc65fac29f770fe27c8a03b2e008e9ec781c4398bd3c7746ab097cd9467e5
4c47855fb5208dc886f65e234f2e569cf74defcd1f6a950f757b03ced36d6d20
6a09e667bb67ae853c6ef372a54ff53a510e527f9b05688c1f83d9ab5be0cd19
c39d60adb718e2e407fea5cbde028383163e314ec11e6668d47bab21987abcf6
6a09e667bb67ae853c6ef372a54ff53a510e527f9b05688c1f83d9ab5be0cd19
6a09e667bb67ae853c6ef372a54ff53a510e527f9b05688c1f83d9ab5be0cd19
6a09e667bb67ae853c6ef372a54ff53a510e527f9b05688c1f83d9ab5be0cd19
647e34eb9609cfc51247a1ecb7e66eec83ed354395d65a404ecf7c46984587f2
0bb410b02a0ece0606bc2bbd8f3a52ffccc9f26fafb8dd99c902ed99a90946dc
5ecf6043a6f30c5a6c55ee0bac1739a6ab488c445956118cd91c4400fbe4fc9c
6a09e667bb67ae853c6ef372a54ff53a510e527f9b05688c1f83d9ab5be0cd19
950ac498a912740a7e2b38aac71b6a050f2fc9473ed360924c48381e07597ef4
a5b31ff91ae7b484a461c5aa972d2cf488f705beaa04a1ee4eaf1cbee6a7f07e
5d971c0cdd490393cc79776833e2ddd7c4afdb48712f4d1d0bc7352f6f2d813b
6a09e667bb67ae853c6ef372a54ff53a510e527f9b05688c1f83d9ab5be0cd19
6d4ad70d3db70d25bd8cd787abb7fdc030e47f666b795e4157b58fb8e4ac681a
4c39c67f4325ba57a76effaafffe51a44bfc4ab24229bbe1f19ada0458e5ca20
6a09e667bb67ae853c6ef372a54ff53a510e527f9b05688c1f83d9ab5be0cd19
5a45c81d387ccdb68fc31d9d45aa5188c79dd782f5866a45709293e035ef883a
9256095d6eb9b2683c01ccfeda5d7592b5e94080d5702c2199f4795808cb3b27
5de4174670e233ac5320649568060a78c2c6a3d51eea20bf46516ff4361041b4
6a09e667bb67ae853c6ef372a54ff53a510e527f9b05688c1f83d9ab5be0cd19
3fe9bc32012ee737660e8b566ae75126aec56398e0d98f4b2625124b63730c1f
6a09e667bb67ae853c6ef372a54ff53a510e527f9b05688c1f83d9ab5be0cd19
d71c8e39b67cd19a26d91494172533b1f3a8b8854b44a2a2d38dcac7be04fb39
6a09e667bb67ae853c6ef372a54ff53a510e527f9b05688c1f83d9ab5be0cd19
14838b2039f72259c45f5b7ea772c32074d434723a0296a74f605712d923bc1f
4b75db8ef5e4e640e8b1dcf20130b331015a5eef0c8967242a03339a2668be0c
6a09e667bb67ae853c6ef372a54ff53a510e527f9b05688c1f83d9ab5be0cd19
ddf8731e114bc021e4e78b457f19393aad0ddaa5af03c6182bd029cde817e7d0
6a09e667bb67ae853c6ef372a54ff53a510e527f9b05688c1f83d9ab5be0cd19
9bb2c3965b9b21d3e3c725b483ca76ed366f6e2ff5c5be139e0155d0c58bdf17
6a09e667bb67ae853c6ef372a54ff53a510e527f9b05688c1f83d9ab5be0cd19
4f609f3ed129becf5559084769e653148ee52aa9abb927add28a03904e4d110d
6a09e667bb67ae853c6ef372a54ff53a510e527f9b05688c1f83d9ab5be0cd19
908aeadf02b759691c96d64982dad89c15d2f029602a44a50f4d95361f02f14b
6a09e667bb67ae853c6ef372a54ff53a510e527f9b05688c1f83d9ab5be0cd19
6583ffae65f4b09e834f0842a1ec76743ec7a929e40e9ba0445bb9c2f57fc65d
0e78784eb43fbf61f25e56a430afe57eac3613e489a628f6786c567d3f8d5a60
663e56d20eb915a2f0c91f251a1be262af30333723ed974e70d678c0ed74620a
6a09e667bb67ae853c6ef372a54ff53a510e527f9b05688c1f83d9ab5be0cd19
6a09e667bb67ae853c6ef372a54ff53a510e527f9b05688c1f83d9ab5be0cd19
6a09e667bb67ae853c6ef372a54ff53a510e527f9b05688c1f83d9ab5be0cd19
f07fe9ff9ea107a82aec2b29c77ec92fcd6af6a83498aa4925486be74b714635
6a09e667bb67ae853c6ef372a54ff53a510e527f9b05688c1f83d9ab5be0cd19
24a148b6bbf4171f4026833f669cb97ed708c8c54da78e87b1cb84d86a7c396f
fcbcb3a63ecbc28aa2b578abf313c5e64921e270ffc7866e0ace3a98c6c2c4f7
d31c9813045af66072d28f050b290bba2d4b9cf263b6e71fed9385096b0ca8db
6a09e667bb67ae853c6ef372a54ff53a510e527f9b05688c1f83d9ab5be0cd19
7bab9dc8b2feab14b02b4abdcd5b88b4038d6c07aa8f9ece57bd7b3160ecfc17
4f795a15f4de0e983a3eb981b31a052a900066ec68b4c7d0ed3ed522bb86c0e9
6a09e667bb67ae853c6ef372a54ff53a510e527f9b05688c1f83d9ab5be0cd19
3b6546fa810a9cbbabca11c9e36c63d53b7f451dd37447215cbdac089d428483
6a09e667bb67ae853c6ef372a54ff53a510e527f9b05688c1f83d9ab5be0cd19
e191bcc4177413c6da9c1c688c7d37f616f061dc613b72f478d334c976f8fc8b
449428208411e4d0926aff409f56d92f95a456bdf6ff6a7092d1eabad30cd38e
5d87896ccfa998fbd5aab1c8383a0b8f218edf5a2a7c2f2c4ebb7ce1234cd797
6a09e667bb67ae853c6ef372a54ff53a510e527f9b05688c1f83d9ab5be0cd19
4f9afcd077502228c8a32f3d5477274b5ff17c649d10bb910482a559a0f42983
3bb6538fa5439e0cd9938bb6cae25c406dc8188de6101fdfa4816f45c116f920
6a09e667bb67ae853c6ef372a54ff53a510e527f9b05688c1f83d9ab5be0cd19
a298528a99630df1da6bb57ce18ae1b0f023a94fd24882bedbdce77666d7b880
57a7c766bde5c7b7b2fe13994b6d845da39996da413829e1632f67a10c9dff72
6a09e667bb67ae853c6ef372a54ff53a510e527f9b05688c1f83d9ab5be0cd19
fde0ca67b5dfb9f143319f917109c3d6055d2bd7acac728d0fe1086634c704b0
27942b2edabda575b74df0592120e657e7e3692af94ff51bb3fa7f0cce646f2f
6a09e667bb67ae853c6ef372a54ff53a510e527f9b05688c1f83d9ab5be0cd19
648f7ff2ab54a97f59d79c543018a8c134f873e763c34814442f4772c080e13e
d42728ce48dd33b4a4e458ab33be693771be11f19b4603218a8c7f9a0983dab3
282204733d7fd27a535f8b2c4ec7336c9566970d1d2f0474b4d69d16e074703e
7657d2d34d2aa89fc73f1fc9eb8568137044152d709e41b6136010aa2736779f
6a09e667bb67ae853c6ef372a54ff53a510e527f9b05688c1f83d9ab5be0cd19
1c3b9ca47a1199f5ca798f55f3663338d43370473daaea7844de817b3cbf16ca
7e4f9311ff932a22e35c2bed07f9c95de56c45f52dc7fc0f9db1136b36e989eb
6a09e667bb67ae853c6ef372a54ff53a510e527f9b05688c1f83d9ab5be0cd19
d395ae4ded92b075e0f4a6763aae2897a65d2233d3b80c9d7a5e67573b4db0d3
4a5ba9aca554ac6e284f60e8f0e58c07f97ad2c0d47862d3b56747e656eac263
6a09e667bb67ae853c6ef372a54ff53a510e527f9b05688c1f83d9ab5be0cd19
180c587dfc879d0688f1240154910a8804ca2c68a7b23dbfe7f7d623f2da6769
0c659a2d489d84b244bb00e9d2a3fdafb3375f542d98a5bdcc375907a5daff28
6a09e667bb67ae853c6ef372a54ff53a510e527f9b05688c1f83d9ab5be0cd19
6a09e667bb67ae853c6ef372a54ff53a510e527f9b05688c1f83d9ab5be0cd19
20b03b7907fa44027618804c4ca4adfc67a9310fdbfdfa0d86e318984e8a3b4b
6a09e667bb67ae853c6ef372a54ff53a510e527f9b05688c1f83d9ab5be0cd19
884840192e73a75ee72d32ce221524fb2251960ed81cb820c7da43612decd3cc
e040fedf720ceadc99e473722f5bbb7b1fee4f184e1a57e4457f62a01f3b302b
6a09e667bb67ae853c6ef372a54ff53a510e527f9b05688c1f83d9ab5be0cd19
019219b815d39c46c555639549777b3b60a544bd76bc7b8fb0dc1a57f92da1be
6e05e31da5b413963247488d0264874740d4926845e015475b738c828037bb4d
dfe9f6427851863a3d6e155d0cfaececbda62234f5f339934b272b257c561df1
5cfef2e5e0035ea8b867933433d99f80b5ac6488abc53b6684766b0e14e7149e
6a09e667bb67ae853c6ef372a54ff53a510e527f9b05688c1f83d9ab5be0cd19
c99592caeb69390a50441be41cc2a082fcd6adfcc1ce6b7bba340eaa18d1c48b
4624acaeeeee3e3a36cbe5743099e42130439dda1bf43ba8c06018bc9d95b0b8
6a09e667bb67ae853c6ef372a54ff53a510e527f9b05688c1f83d9ab5be0cd19
c735c2be604eca2aae65a6915500890e3b75c5b30473c9bc078c04febddda14c
a7397e179b23e030f250f305a929097d8f0f6b920d61341eebfd473bf0417e8f
f494f620423fcb4fa1f6d12b65254b1a488f92ac11ba6df9f13065fc2f530086
6a09e667bb67ae853c6ef372a54ff53a510e527f9b05688c1f83d9ab5be0cd19
5e2307ba8be8b76c6582e3971f3ebbcb4b2b68a9a504f92cd5ee1d96c2f1cb21
6a09e667bb67ae853c6ef372a54ff53a510e527f9b05688c1f83d9ab5be0cd19
6a09e667bb67ae853c6ef372a54ff53a510e527f9b05688c1f83d9ab5be0cd19
6ab43fdcf5e99c5401004087e271ac27b5ad8d6fff57c6d23d52136d47b4a843
a8737d4bf8979b85efcf2c3173c31993f209c769f04407ee3090cbad759e553d
fffb8535fb263e6fa101127c1262ac9ca29b408231db4c95588fb7cbe3f02184
6a09e667bb67ae853c6ef372a54ff53a510e527f9b05688c1f83d9ab5be0cd19
1c86425d8184bb2fb7abefc247a5281d0d39bff79f2b8619781a4b204dd1e8c9
cd4b49480e83afc1cfa169cbdf37a98882db7085dcbe83c9dcb1b1211a82843b
4bdc7573dbd033361fdf681799b129e05cefd0ef40706d70c2ff3270d3d22a6a
6a09e667bb67ae853c6ef372a54ff53a510e527f9b05688c1f83d9ab5be0cd19
b698e3ae35278c393277c778b10d3d227b71eb821f4991afc0b0c3d0e15e2a58
6a09e667bb67ae853c6ef372a54ff53a510e527f9b05688c1f83d9ab5be0cd19
b210e9c2503a4c16ee2dcf533c6aa69ef258f5c01ef383684ed8ea379ce82c63
6a09e667bb67ae853c6ef372a54ff53a510e527f9b05688c1f83d9ab5be0cd19
364234659bd0ee63a857df1c023af2bac7165f94cc8bd11498d41694f4a8b4f6
ec86050622bd9f67123598569f79a3f64a970c8d2635fbfb963c119819b296c1
36b2a519fda9826235a7f08e1d4424526638931f973a98aba86d88037e168fc3
6a09e667bb67ae853c6ef372a54ff53a510e527f9b05688c1f83d9ab5be0cd19
0ad5920c9ac7d387273fd445a9819b604431dbcacefc222e76ee1ec67c98801f
61be37877dc5717cc0299707dc1fcb59dcd000e92f099e890c5552918b594b86
17747f03062fe74a9d6c51eee35d23df15b989f1faa7c0a370c893e9651f8fe3
6a09e667bb67ae853c6ef372a54ff53a510e527f9b05688c1f83d9ab5be0cd19
6a09e667bb67ae853c6ef372a54ff53a510e527f9b05688c1f83d9ab5be0cd19
0eb88ea6dccdf6289b2545a32cb4e6db2ae370a7ecfedc96f366a9d91081f4fd
6a09e667bb67ae853c6ef372a54ff53a510e527f9b05688c1f83d9ab5be0cd19
d9cbfe21e9f4ac78a43acb715545d6ed14378b339b5ae86aab39b2b5695912fa
6a09e667bb67ae853c6ef372a54ff53a510e527f9b05688c1f83d9ab5be0cd19
e1424cc8a0cf59260c70eff1679146c432d06d594c84a6f1f354afc8c67fcd33
6a09e667bb67ae853c6ef372a54ff53a510e527f9b05688c1f83d9ab5be0cd19
6ba97ca81b26334a259f8afa530e9ead62294e0700fb6e7c071f9dd9bcdd622a
2a7c8899d03ce7189dc33c7573ab8f6dc846f359e5fbb5be24eb224ce4d5e084
1254d3f8746a6b62741cea675370106ec96db1b22b013f8eae3c56104086a16d
6a09e667bb67ae853c6ef372a54ff53a510e527f9b05688c1f83d9ab5be0cd19
c5e594d333b0e45a1873749f412201daa0120cd42337d3f39255d8d1321f8a6e
e92275a8392535b4c85d2e8c000569a832ad0710b81890ec8ffea04992bc93d8
6a09e667bb67ae853c6ef372a54ff53a510e527f9b05688c1f83d9ab5be0cd19
77226173d8cd67a941d841c0e27b9e623eb91c1e47fda7cbaff5431e07e6d89f
6a09e667bb67ae853c6ef372a54ff53a510e527f9b05688c1f83d9ab5be0cd19
e54b45055eb8670a2407d6aa7146cf72ab221e8d37d5c04cd095d6ba5ef59dec
d3952dcc2f9c1590b9acb94eed85718d3553fcb27c4413a41935eedfd538d224
6a09e667bb67ae853c6ef372a54ff53a510e527f9b05688c1f83d9ab5be0cd19
ba3cf715b7ccb80135a1a87cd6961ced692fa330022c28b891a951e80a071f33
607e3afc2192558005e935530277d163f98d801ff651fb42312e2849f92c2ef7
87392d3705e00a3c80c5f7f1502fe3e210897b54a00494418cf03aeaeb106e88
6a09e667bb67ae853c6ef372a54ff53a510e527f9b05688c1f83d9ab5be0cd19
6a09e667bb67ae853c6ef372a54ff53a510e527f9b05688c1f83d9ab5be0cd19
b055a974157d90c1eb4b5a5ed0a95c80bc29bd97f47bec20b226f449e3c0c58d
f75dc711eb3f136072c68b3bcbd2519a73a9ee26fc6afb8bd0f8e9c7be2642a0
6a09e667bb67ae853c6ef372a54ff53a510e527f9b05688c1f83d9ab5be0cd19
6a09e667bb67ae853c6ef372a54ff53a510e527f9b05688c1f83d9ab5be0cd19
d7a3ee5af1a0d6118c7ee448c3318041040d41c8b2fd691b27fb4cc6b760ff77
6a6e6e6f67f3b2d7c6e93bf76a76699429567aaa7bbe2a0113d24778c4b64278
6a09e667bb67ae853c6ef372a54ff53a510e527f9b05688c1f83d9ab5be0cd19
25c4616f7186be0d3b279aa477f17058b1545b9080d9721f72de57e53d966ec8
bb3c67541c50faba13a8fd3eed6f329305a01109ab168a37b23a62852e00bf2d
6a09e667bb67ae853c6ef372a54ff53a510e527f9b05688c1f83d9ab5be0cd19
a62d795ef3258f270e8fb3a133bc9233e97170469f11a015697addb4a4665048
66b0a415e72023936893c9c1c566aa50bafb34a58582d77493194a582c217f3c
6a09e667bb67ae853c6ef372a54ff53a510e527f9b05688c1f83d9ab5be0cd19
6a09e667bb67ae853c6ef372a54ff53a510e527f9b05688c1f83d9ab5be0cd19
6a09e667bb67ae853c6ef372a54ff53a510e527f9b05688c1f83d9ab5be0cd19
5329d3ca47e6c2669e9ae7ec29fbd3a40996e14e694d04296d52c3069ebb57bd
e6e397a1e1dcef2444cb3e390d550bd57257017782538fe9fb928a8563b202f9
3a423e172cdbf5d1857dc1a5ff45d23493c287c7c7cb5e408f5c49158169eaec
6a09e667bb67ae853c6ef372a54ff53a510e527f9b05688c1f83d9ab5be0cd19
4d5187f0b2a7f965367f800cca26262fabf71e3c5b1d874dd407217996a8008d
a85e918299abb73a543ff38f269a30e9ece0de6299cad783a6a483d4efe57820
4f41b577da3ff59944b6166617edb75718372475da6542340f3bb07fb074245d
6a09e667bb67ae853c6ef372a54ff53a510e527f9b05688c1f83d9ab5be0cd19
6a09e667bb67ae853c6ef372a54ff53a510e527f9b05688c1f83d9ab5be0cd19
b13bbbcc88a6ff98960416ce3286a40cd30ff695097cf5d1367c150189a07ac6
0d78861579067c82daf40779ff6d1f0c95af25c266f0cc2636330105392f0d59
6a09e667bb67ae853c6ef372a54ff53a510e527f9b05688c1f83d9ab5be0cd19
f3df30ad0c17a536201e6665e8ef6667cca7226079acf5cc67c1f6c6e92767bf
6a09e667bb67ae853c6ef372a54ff53a510e527f9b05688c1f83d9ab5be0cd19
6a09e667bb67ae853c6ef372a54ff53a510e527f9b05688c1f83d9ab5be0cd19
448c23e8acf4f7b794442f5e9c137bd18e9c75fb4f528279f237c0944af0828a
7ad15a03669633cc237082c006b894bfb019c380724224261e25e1dc8a264ed1
6a09e667bb67ae853c6ef372a54ff53a510e527f9b05688c1f83d9ab5be0cd19
1bee752c06dcd506515210f23d06093f97a4a5be416a0998cdf564e07bde9632
f04282e2a86a7bb9635ba6581fda8587a2d9bb7b9f08af384c8ef1462d5e8240
6a09e667bb67ae853c6ef372a54ff53a510e527f9b05688c1f83d9ab5be0cd19
ba3ab72b7f89bb1f46f0bcb216c493366845fb8033a6fd0ab075b3d55c2a048f
38eca7dedce5242a85b6d81f7e79398282faebd041bae69b8e86eafb17783a90
6a09e667bb67ae853c6ef372a54ff53a510e527f9b05688c1f83d9ab5be0cd19
67e0c417d1386b7def0277d2cb40a8e919e0e2846915dbd13088ae79428972e0
bebc655ad62de75d235c8077b09e51e3a3dc0fcdc8458dac11542922a7d06b5a
6a09e667bb67ae853c6ef372a54ff53a510e527f9b05688c1f83d9ab5be0cd19
6a09e667bb67ae853c6ef372a54ff53a510e527f9b05688c1f83d9ab5be0cd19
9b131e9e60efb3bbcd411d00d5e2daa1bf1c3030c25c09ebf888a7c1f0a87cb3
edbb6e2e25b80b7b0f68467f94f96d1c2c287596ba348ef0739945ed817d2608
02a125d569924f3db62f2cfe3fac6e327d2c95aa9c6f9c39a164dbff63472fc5
6a09e667bb67ae853c6ef372a54ff53a510e527f9b05688c1f83d9ab5be0cd19
c712a1f80ac4239fa61c2ea96c22dbd6e71ffd634c422d9627164500b989e118
6a09e667bb67ae853c6ef372a54ff53a510e527f9b05688c1f83d9ab5be0cd19
6a09e667bb67ae853c6ef372a54ff53a510e527f9b05688c1f83d9ab5be0cd19
e67a488d2df71e18ee8a26d1f1f8f292a9f2b88dc7f02a55c4e8ec91cb22896e
6a09e667bb67ae853c6ef372a54ff53a510e527f9b05688c1f83d9ab5be0cd19
e5b7714b91be8ff126842b82bd9f0f23b3ce2e3c61ff377021c188f66a764bef
1a1390a72437c986e242b150b6cb67d1f51dc7d4490e8fe1d10ad5effc8e4d98
6a09e667bb67ae853c6ef372a54ff53a510e527f9b05688c1f83d9ab5be0cd19
0cd10b98a909a173cc95cd7b282600f9879c65582a027dc63830ba09d5fa17a9
6a09e667bb67ae853c6ef372a54ff53a510e527f9b05688c1f83d9ab5be0cd19
4b2cf729362adad5e5c6bdc01ebf664e1356f69b064d3c1de7961f724abd40f7
7e1f033294fcc36f676969ef858a48d5fec4249aa565efc1b703407dfbe02b38
6a09e667bb67ae853c6ef372a54ff53a510e527f9b05688c1f83d9ab5be0cd19
a60dab876f665d3246b3760bb25b405234b189060c019be08148b20b114d5f8c
7d540116940c847437dc53a91f875744b0e65689742cbc8eda6a102aacc015ac
6a09e667bb67ae853c6ef372a54ff53a510e527f9b05688c1f83d9ab5be0cd19
6a09e667bb67ae853c6ef372a54ff53a510e527f9b05688c1f83d9ab5be0cd19
6a09e667bb67ae853c6ef372a54ff53a510e527f9b05688c1f83d9ab5be0cd19
5e2ecce496829d6162b924108dba8da1b9d5a545dc3f807178d8655077424883
4968527fd603338a30c3a20493eba2ef6f5b79986c23748f52e626ee6aa1b7d9
f5f17d59feee46df5be1ee73d93fdc6ddcc03418d467ebd55aad508b762960d1
a2a647376a285ccc83f7b181a2029fe434d99344fa9295f78fe7d7873ed305a5
6a09e667bb67ae853c6ef372a54ff53a510e527f9b05688c1f83d9ab5be0cd19
6a09e667bb67ae853c6ef372a54ff53a510e527f9b05688c1f83d9ab5be0cd19
78f05c5aae040385ac468737f55fc67428d8e3e77f236d21c4baaa8a7672278e
6a09e667bb67ae853c6ef372a54ff53a510e527f9b05688c1f83d9ab5be0cd19
6a09e667bb67ae853c6ef372a54ff53a510e527f9b05688c1f83d9ab5be0cd19
6a09e667bb67ae853c6ef372a54ff53a510e527f9b05688c1f83d9ab5be0cd19
91a139195216f96d3d682c66dceca177ca1ab1b141bbd8ecf4e0c2fa939ec48f
04c1ca56100b2324b345b4b2836690cde0ce2456b7b802c08b3aa90e76c922cf
aac168cd9847a973d5a399c8da3f3241bf2dd665e187ba094e7d5b6f601d3327
6a09e667bb67ae853c6ef372a54ff53a510e527f9b05688c1f83d9ab5be0cd19
6a09e667bb67ae853c6ef372a54ff53a510e527f9b05688c1f83d9ab5be0cd19
3a39b14bf407c8847efc86f0f14e15d2366b9fa2442c1bc015563e362a390ecc
9f32efa9ec2b08cb06252776d2635d4c5686f17365c3eed91e78562a40cf198b
6a09e667bb67ae853c6ef372a54ff53a510e527f9b05688c1f83d9ab5be0cd19
6a09e667bb67ae853c6ef372a54ff53a510e527f9b05688c1f83d9ab5be0cd19
463c762a14645499d52b34b810b775523e9f3b44d3de826fb8366ead15c3bd25
6a09e667bb67ae853c6ef372a54ff53a510e527f9b05688c1f83d9ab5be0cd19
f23a6cde6aa125d5e58bd6f1875dd64aeafdccc1f516622a88b7b6fe4c881c48
7d3e866fd3d6d91b474f7e8083a6f496663b15c0cb17bfb980862918a3b6fd94
6c92b773877729d21cff849242339a6c3d7d4b62efb0d5ffe4b9d05c3435cdc5
6a09e667bb67ae853c6ef372a54ff53a510e527f9b05688c1f83d9ab5be0cd19
087174e35155a19705f8dcc9adb01a8cee110d5c1b1b2fdf5c97e62527ee401a
6a09e667bb67ae853c6ef372a54ff53a510e527f9b05688c1f83d9ab5be0cd19
18c0f50def63ec47f90987daf111f26c4327df1d60507c156ade78c42d248bce
2987c127dec2b0063bb26653c15fa602d4f4948dccce9b70f18d7e3d6ca9d067
ea762c049cee60f67d8a54c858184c041c84d117bfb4b04336e73aea0a935048
6a09e667bb67ae853c6ef372a54ff53a510e527f9b05688c1f83d9ab5be0cd19
72e1dd1db778a466ecee12942ebe3b0500861cd8b17a0a2be93b113ae487962b
3b5827b4bc0edbbfbfad8d8280874ad1c933354f5157942c8ffd5eb4d818598e
6a09e667bb67ae853c6ef372a54ff53a510e527f9b05688c1f83d9ab5be0cd19
984a8a927ddcb009ab0bc21bb9fa77ac62b2891fd1fd71cb5152a14f3769ae72
6a09e667bb67ae853c6ef372a54ff53a510e527f9b05688c1f83d9ab5be0cd19
8e5d6c5c03867703a2c46d3bb4e2e5cd31bff3f1d02a75e0853fc89f0d9d77c0
c90e4d95dbc890bf1e2b134472d3c61d44e37a283940fa37a8e9783468129370
9b5139859bfb2c168c0e8415945ebe16523c7371b50f2891630ecd1004ef97a5
6a09e667bb67ae853c6ef372a54ff53a510e527f9b05688c1f83d9ab5be0cd19
40b80c7d0a1dc7326be64f7fdfa4b0708ec0dd1e37f2297be5d9adfb0b94fe4b
df8098908eba9a5382b9b6265b54aa07e05c6b50930071114c7aef6904066919
6a09e667bb67ae853c6ef372a54ff53a510e527f9b05688c1f83d9ab5be0cd19
6a09e667bb67ae853c6ef372a54ff53a510e527f9b05688c1f83d9ab5be0cd19
f78cef1e927e515384545fb234f71284ff225da967755fde2664facf861d771d
ece8a97063c13b90708b3ed0a91aa5d4b2866584c794171a616cd95e7d0c2fcb
00ceb2c763b151613e92d5b6fb718fe25eaed5ec8fe9f1bfe18fecc2cb52acd4
6a09e667bb67ae853c6ef372a54ff53a510e527f9b05688c1f83d9ab5be0cd19
98b5296163c28938075bd72174f69edd2f1f4406d13687757c0c313cf25a05a3
6a09e667bb67ae853c6ef372a54ff53a510e527f9b05688c1f83d9ab5be0cd19
c53daeb542fb1925f9bbca6b4bf2a542d539725ed5d7f90984a3ff1574044008
6a09e667bb67ae853c6ef372a54ff53a510e527f9b05688c1f83d9ab5be0cd19
88adc959eea53fc02b9541b0cfcbf0ad636adfd5880e2a857eb5b22293d89cf3
7c955700595308ede51f7fde3af942e760945d13885dbba84b266e16a838d077
6a09e667bb67ae853c6ef372a54ff53a510e527f9b05688c1f83d9ab5be0cd19
8e8b465625796b7040ec310c045989a2416c402dec35c2f8dd228e161cf3602c
1a817a4ee449919f2ab0d69e467194c32339074469c4e9152b41196978c164ad
bf8b9b3be0344d0e08b298e676cdc76daba58f66604efe725c89a4c98825dec2
6a09e667bb67ae853c6ef372a54ff53a510e527f9b05688c1f83d9ab5be0cd19
ea6def21f68b60b5332aca3708b38f49b5bcf386a0ce77c3af89f27c34e5c120
bf6f8c7867d70ec25475170ef68ea2b8a4cc6bf7b569fcf889f7af4f5bddc038
b2220e0fb11f81a9ec440e02a7078c4df1968082bcd59f26d5541e9d6605f8d4
edb5512ff131c1385c0300f9b5cfa123660948b019db2600482f6693e7b88ed7
6a09e667bb67ae853c6ef372a54ff53a510e527f9b05688c1f83d9ab5be0cd19
ad120958c1a9983da33a5f427f278939d105af43dbe19877e1104d28b41e5c79
43fd9a33e794def413d4039f1c321dea524b14f21c462aea04ce2778562812ae
b038581ef2c999ded70c63e528de8a7167ed7b31c889bad08935e8e2d179d8ef
545d7051a1e3a3b84327f621d14eae0bd9e71eb3473828444d701d8142f46620
6a09e667bb67ae853c6ef372a54ff53a510e527f9b05688c1f83d9ab5be0cd19
4e7be392f0e8280c8e75f6ead72980f451fd9e7e07a33f972e5f24f12fc95f31
95301d7c15fd9a4cb7a798cb40609d87ba97732e3525e67c0c8fcf513b5232fb
6a09e667bb67ae853c6ef372a54ff53a510e527f9b05688c1f83d9ab5be0cd19
6a09e667bb67ae853c6ef372a54ff53a510e527f9b05688c1f83d9ab5be0cd19
05ad89b76c8ae0ee074fd6c1395b4a37d15958054d7add1f7466db7f7a87e51f
5f5c9dc892e751d5c274ddb58b7bd6d1995b0e6c62a877d20db0e6236626bdcc
832c1c1b73d55168554138eca7be93fcdbf7bb523c2eedc87ebb98c7350ea3f4
6a09e667bb67ae853c6ef372a54ff53a510e527f9b05688c1f83d9ab5be0cd19
d575a2d4b6d26ba904be2436f33916a18b1135bade8083231e50c60cd8db519e
a359421350356db4d69df128b2c3ea886dcdcec94f50cf2466b429eb3d154016
6a09e667bb67ae853c6ef372a54ff53a510e527f9b05688c1f83d9ab5be0cd19
6a09e667bb67ae853c6ef372a54ff53a510e527f9b05688c1f83d9ab5be0cd19
6a09e667bb67ae853c6ef372a54ff53a510e527f9b05688c1f83d9ab5be0cd19
ea3e8bd32086d2a3761159c525020c02283bf814d76a878f3258a23f35c1dbd6
6a09e667bb67ae853c6ef372a54ff53a510e527f9b05688c1f83d9ab5be0cd19
6a09e667bb67ae853c6ef372a54ff53a510e527f9b05688c1f83d9ab5be0cd19
b7ec481063c9d98652fbfd44c024f599911fd01d5ec7df51b6c2cd215f2ba6ea
a958b75ac7340158a9d1f9b634f889bf7fcac6dec655c2df25231e42c1649632
6a09e667bb67ae853c6ef372a54ff53a510e527f9b05688c1f83d9ab5be0cd19
bc0dc1459bf34cbfc3bf64a5fc4aafaa74b0c204f73d9c1327ecbc72ac5184a6
6a09e667bb67ae853c6ef372a54ff53a510e527f9b05688c1f83d9ab5be0cd19
d2fd2cab997e86beb7ba1c9c5c3e3285b8c53cb32bc043a61faa84adeac59bfc
0c6c41a16d8d7e95a17f42a14ed26533cec5f1a995144945cd8d07e60ffc6e24
6a09e667bb67ae853c6ef372a54ff53a510e527f9b05688c1f83d9ab5be0cd19
d6e79efbcf2d0c327b8f9b85aae6409543e73e6808cd2b6b9995447d711fdc9c
6a09e667bb67ae853c6ef372a54ff53a510e527f9b05688c1f83d9ab5be0cd19
6a09e667bb67ae853c6ef372a54ff53a510e527f9b05688c1f83d9ab5be0cd19
a2393e0598dffd4c2ca21e6ea4d6179dc805a84efff1be17ecd2dcb724951c3b
6784dabdb279c7aacc6ef19b0b140f4974d85a261e30fed94b5925f11ba6c0ab
6a09e667bb67ae853c6ef372a54ff53a510e527f9b05688c1f83d9ab5be0cd19
6a09e667bb67ae853c6ef372a54ff53a510e527f9b05688c1f83d9ab5be0cd19
b78ddde1bc9020e88f6617fe24596a1a348c49525028871eebac6d42615b2cf7
232ada372e277d19cc5f12ffc8e20f9eab835ebdbc875e8436e1a5269cb0ba5d
8bb13c5fd637e32f10b52bf3ec1f29d4a46ea2c3766bed8965319dc9b03c98af
ebdeed78079389ca72f6a68e36e8c1495c81fe2414823c06c90c0e1a6b167ebb
6a09e667bb67ae853c6ef372a54ff53a510e527f9b05688c1f83d9ab5be0cd19
d9658fdea9b8faec6594e874907712d4abce95bd14940b9ae03d1bb0e2cb8f97
45878031bf3b6cb4f735f4987da53c329b72a7be51b827d43e8aaa96ebb82f34
a63f7bc5d5412d8dd51b57a4d02a82781a85ec26d46ab8be6b963e4ed6771c63
6a09e667bb67ae853c6ef372a54ff53a510e527f9b05688c1f83d9ab5be0cd19
6a09e667bb67ae853c6ef372a54ff53a510e527f9b05688c1f83d9ab5be0cd19
801e30dedb26ed90ab54e919f7d2d8686447774d0519d46dea7f2d7a016a4820
6a09e667bb67ae853c6ef372a54ff53a510e527f9b05688c1f83d9ab5be0cd19
aea31a5c9ca1b6026604e2f6833514f02e425583dbbceeff2e7a5daf03ed5b44
6a09e667bb67ae853c6ef372a54ff53a510e527f9b05688c1f83d9ab5be0cd19
f28b413a8b67a39c56bbfb61415584fee430a42762afb5737517c562f16a5e0b
6a09e667bb67ae853c6ef372a54ff53a510e527f9b05688c1f83d9ab5be0cd19
1b7fa2049ed6403d1763af36979801aa7da9e046cf68ca93fb69124966015611
6a09e667bb67ae853c6ef372a54ff53a510e527f9b05688c1f83d9ab5be0cd19
b8162562e97d5ea1292fcf1a8ce94b6f025674e7f3ec4727e0382d05ff5b4c84
7cbfdb978b12fe1e318d5606cf9164bdb676f70d211a6c98ebd7df8b6c6f6d7b
6a09e667bb67ae853c6ef372a54ff53a510e527f9b05688c1f83d9ab5be0cd19
c7f5709aa0061c4a837c9da1388bd6fa7c05bd4ef7c2642aae1950050c3cb95b
5b229a673cf3388a37cd0d619c7d9c2288cb2eb56bdbb894ed11ca3c4877e18f
e213a189ba3cae014689e9723336d427a346d6789283a3e57fbe6812cd43ba38
c9972abd4948a5f62e00c2a8efd8d78e641677e9a2cb522001088a39b520723f
6a09e667bb67ae853c6ef372a54ff53a510e527f9b05688c1f83d9ab5be0cd19
6a09e667bb67ae853c6ef372a54ff53a510e527f9b05688c1f83d9ab5be0cd19
6a09e667bb67ae853c6ef372a54ff53a510e527f9b05688c1f83d9ab5be0cd19
6a09e667bb67ae853c6ef372a54ff53a510e527f9b05688c1f83d9ab5be0cd19
76f00423630bd1fa533e28470e771ea32742f2f14e4afc5e4e4fd84621e6cb73
2da812311f55c68ac3f4614fa3215d51bb5a76fb823bbb2c012935c4f232bcc4
7976a121f5e37f1f6d55d84b6d2cba6bc98ff3162616d8ed86fc4757edda32bd
6a09e667bb67ae853c6ef372a54ff53a510e527f9b05688c1f83d9ab5be0cd19
a8454e11f52d52dc0e2588ff10ef5d0405303604fdb9eed59065fc99822d33df
f6fe4d4518bcc4bf3fe68f7e07112a06ae11fefa29c2566adb49cfe5edf23a43
01a5a4813dd2d014a96bda57f81893e858c7e90f7484e389c3b18876d6ff12fd
6a09e667bb67ae853c6ef372a54ff53a510e527f9b05688c1f83d9ab5be0cd19
eab3c76d7f4ebbfb4fea17fdad5e4172ae581f97d71b670900d1531cddb61a13
ad0568620a7cb3d97abf2ad364edbf75d184b096ce7db725e7f68b388f7c6b08
83f5ddb4b191bc899982253bb1ab1a6cde35cf3219efa316b6590b9ba4cdb67c
6a09e667bb67ae853c6ef372a54ff53a510e527f9b05688c1f83d9ab5be0cd19
6a09e667bb67ae853c6ef372a54ff53a510e527f9b05688c1f83d9ab5be0cd19
e7444b311c476cd5d9897012f7dbee556c651fa3e1f7129c8a24d871c4f8e0f6
6f52818a3a6f8536b25b099a0d4c153e2a884604e06109b89c82adb2ef7bd1bf
6a09e667bb67ae853c6ef372a54ff53a510e527f9b05688c1f83d9ab5be0cd19
0ca3932784dbdc5dc5ccadf8e82d60bda5d6eefde771c79df667509c523a6c97
7d2904026ce3acf979476a6561fdfa4307aee9f6c96942317883b1fe1bed1103
6a09e667bb67ae853c6ef372a54ff53a510e527f9b05688c1f83d9ab5be0cd19
bfa3840e34126ae45572dbd3c993f8b40c3cea8b833817a919052b882ff4a3d8
482d0a9a5c09594c3aa348d12331bd07fc958b7bc06c7fc0ce29372454a5db21
6a09e667bb67ae853c6ef372a54ff53a510e527f9b05688c1f83d9ab5be0cd19
6a09e667bb67ae853c6ef372a54ff53a510e527f9b05688c1f83d9ab5be0cd19
c694d1d073e1c29ffe648a782cbe71f88d3852257cc00d4aa3fd9aecebaa968d
47804258384a4bea333a9ccabd9e0c1b1ccf4c89d91e02975d0bbaa0711999d6
ed9db53e521b0527a3bfb53dd6dfa551823c08d0fac6b3f9ede8ef686231372c
6a09e667bb67ae853c6ef372a54ff53a510e527f9b05688c1f83d9ab5be0cd19
df325e14b6cf09e794d32bebec67c1c201a1695071bfb692b7274345b116b999
6a09e667bb67ae853c6ef372a54ff53a510e527f9b05688c1f83d9ab5be0cd19
6a09e667bb67ae853c6ef372a54ff53a510e527f9b05688c1f83d9ab5be0cd19
7dcafdfc0826ba6977cc90f7959c611eaedb95a480f15aadf3c5b61795c7ad00
b4631a897cd43570d8bf16f3051de68ae2d32b3feaa765e7541ec8726f641a1b
febb32defb85dfafe4283816ef0b2cdabfa924ccf348efdc94f1413902b69390
6a09e667bb67ae853c6ef372a54ff53a510e527f9b05688c1f83d9ab5be0cd19
a2a93fae8c3fc5d98630644ba32209b1d9ff9c0d978ccd5de52758a91803bc8f
6a09e667bb67ae853c6ef372a54ff53a510e527f9b05688c1f83d9ab5be0cd19
9d9a0c410dbf2e080a124b52f78ef209b997580215f51717fa2d35867bd52be4
e5fad5d4545c81f5492ef7605048558d6d5f03e766f93589d12a9ac94a809fd5
6a09e667bb67ae853c6ef372a54ff53a510e527f9b05688c1f83d9ab5be0cd19
6a09e667bb67ae853c6ef372a54ff53a510e527f9b05688c1f83d9ab5be0cd19
6a09e667bb67ae853c6ef372a54ff53a510e527f9b05688c1f83d9ab5be0cd19
6a09e667bb67ae853c6ef372a54ff53a510e527f9b05688c1f83d9ab5be0cd19
1a55163d896d58d93cf70e646d6f6ee9ae1b2288fb8874447485b56b243bbb18
6a09e667bb67ae853c6ef372a54ff53a510e527f9b05688c1f83d9ab5be0cd19
6bcbf87c9e8a39dd1e3671a30fd1819ae1a78c4a8d0f8c4cb7d9f85e92d10d58
6a09e667bb67ae853c6ef372a54ff53a510e527f9b05688c1f83d9ab5be0cd19
9a49f1d2d59d7c174cd789054541ea5342ff2737ad3d73dd2a31b92c5ed670f8
449cc743244cede7ab09b4c4b8560f099e6d362e90fb4a69aa59dd0cb142b435
6a09e667bb67ae853c6ef372a54ff53a510e527f9b05688c1f83d9ab5be0cd19
6a09e667bb67ae853c6ef372a54ff53a510e527f9b05688c1f83d9ab5be0cd19
dce65ff53be104dab71649927d811968bc3edf3e30958c54d4fcd87cb2052692
6a09e667bb67ae853c6ef372a54ff53a510e527f9b05688c1f83d9ab5be0cd19
6a09e667bb67ae853c6ef372a54ff53a510e527f9b05688c1f83d9ab5be0cd19
473cb09639fb3070be1ccd8121b2d56c461e1d2ac3001d5ad398616a673996a7
6a09e667bb67ae853c6ef372a54ff53a510e527f9b05688c1f83d9ab5be0cd19
0b4788afbe6328709fef78c137f15facaf42dfd205d9073fee899c7b515f5775
6a09e667bb67ae853c6ef372a54ff53a510e527f9b05688c1f83d9ab5be0cd19
6a09e667bb67ae853c6ef372a54ff53a510e527f9b05688c1f83d9ab5be0cd19
b9f0c30950ae3620e9b4bf16c749034ab672722d76b6dd852316af874cd89dd2
6a09e667bb67ae853c6ef372a54ff53a510e527f9b05688c1f83d9ab5be0cd19
243b84f3e5738b89a8c698545e2adce614de8990b626308fcc55106e11638bfa
85f82f370485e0a092e614a698d30ff676abbf59063750937c9504140a9e2402
310dbe6aa63697c3c0ca463f18e0d9afe8f7b8062c4719465033708e7a6b0ed5
6a09e667bb67ae853c6ef372a54ff53a510e527f9b05688c1f83d9ab5be0cd19
da010f4d387e0e62347da4f46bae1fbeb34119e71d3d412bda689f05624806fd
6a09e667bb67ae853c6ef372a54ff53a510e527f9b05688c1f83d9ab5be0cd19
fa849ce2da2169742e4fdbf55cb4bed9f29a7c0179c1c125638b7d66ff1c079f
33c6ccf1341fe8391201fe1db8d878daf2dee8ce3fed0c88e4a4767005c8e986
52e246089a12818fb3abf67bc4efec75c0ebbebd6a261fbcee9885d908a821dc
6a09e667bb67ae853c6ef372a54ff53a510e527f9b05688c1f83d9ab5be0cd19
9d3743f5b310aa381fe96ca6af7e976929bb0c99707ac92c8ee5ea118d659474
6a09e667bb67ae853c6ef372a54ff53a510e527f9b05688c1f83d9ab5be0cd19
c010e990456bde2d95759e59c483b3cb36a367aa9f6c042a7b7ea7ef656b7c3c
ac1e60093114b49af1a8552a9ec8c7b606e6dda4d1e173572c027a26f49eff88
6a09e667bb67ae853c6ef372a54ff53a510e527f9b05688c1f83d9ab5be0cd19
3d4fb44c24f71853be3a409102376ffc12fa894752db377eb7911b44ba4bd69e
6a09e667bb67ae853c6ef372a54ff53a510e527f9b05688c1f83d9ab5be0cd19
6a09e667bb67ae853c6ef372a54ff53a510e527f9b05688c1f83d9ab5be0cd19
beb7c3888316ad84603327f7037331a6e815fe664a74e84af915810dc2c997a8
6a09e667bb67ae853c6ef372a54ff53a510e527f9b05688c1f83d9ab5be0cd19
6a09e667bb67ae853c6ef372a54ff53a510e527f9b05688c1f83d9ab5be0cd19
1618d207d3e31868ae164fe408e079f8c0f2270dc838fdf8b22f42bd9adf4e5a
ad8a78e777d8ff548f91924fe9912e84b027c58054d1c163416818c69e888572
ae62ec612ff606fdacacf774ec21e7cf79c2ae2b6d803ae69cf46cef8d072c74
6a09e667bb67ae853c6ef372a54ff53a510e527f9b05688c1f83d9ab5be0cd19
a03fa39cc1a55292daa972fac28c74ced59eae5b2218686248def0f21e5e0a9a
6281b8a87cf8c95a1fee366a1afd1645abd2a739846b156eb7383f1773af845a
e3974de810fd970af3558217f8ddd63b38f66a723d8d09d5e3aa748f91466961
6a09e667bb67ae853c6ef372a54ff53a510e527f9b05688c1f83d9ab5be0cd19
5cd4cdf103dc18cd0210c4e60e6785ef19061958003b997d8b3cf49a01b04ea2
329a3f8d2cf523c510734081def386fec0d34fb44831c1815917619de662c3d4
6a09e667bb67ae853c6ef372a54ff53a510e527f9b05688c1f83d9ab5be0cd19
6a09e667bb67ae853c6ef372a54ff53a510e527f9b05688c1f83d9ab5be0cd19
b468bca55c4690ff4bee7c2a3c0540fde7c18cd5abcf665884a9c756c95c573c
0b2d5da055984548444b77f9d408679e030b105065b099d3a805dbd70a261391
6a09e667bb67ae853c6ef372a54ff53a510e527f9b05688c1f83d9ab5be0cd19
9957d25a51f88e37fac889fc8923797f2452f98011084806dc6ed3e42d436f81
f70b0a890e3ba1fc8b6a55043a7979e3ddb2cef366eae1a6d61c3f1306151955
c66eae53ab931542832f97d1ee07f81b1ca1c1bc272f7b5d5f2d8ab145cff1c5
6a09e667bb67ae853c6ef372a54ff53a510e527f9b05688c1f83d9ab5be0cd19
301965c428bc12b4feed8e2cd56e1d193783f2f15619bd47d31c8f67d5226612
0e43b3388a7d291201488e266679bb2fa33d5380612a92dd17b1558e6ac5e416
85df5b4a51d1c32571bfd4dde9c9aa0f450a154739e5d761d3c3df3e71240adf
6a09e667bb67ae853c6ef372a54ff53a510e527f9b05688c1f83d9ab5be0cd19
88dfffc6a0572e92fd5eac77aa8cc6f8a96a75e367787dff0a0647b7906d31ef
27928f15034975765dd6d844ec795aea6eed565e3bbc3cd2b4a3bdbe8b1d3b6b
242dc76b8d37178a1ba492665441afcef0baa565f3935bb891323c7cfb37a3ca
6a09e667bb67ae853c6ef372a54ff53a510e527f9b05688c1f83d9ab5be0cd19
6a09e667bb67ae853c6ef372a54ff53a510e527f9b05688c1f83d9ab5be0cd19
6d8b12392a03e9361230f50bd9ab324dc9bd8dfc19f208d3ad990a07b10e4773
6a09e667bb67ae853c6ef372a54ff53a510e527f9b05688c1f83d9ab5be0cd19
7fb6eca18ab16c96f67f6458f8f8bf9223a19ecd5abe8fb7f122b36c51cf6a90
27aa4c1cfd0a244d60b82d012557a1f61ef103dc9603f891c15dd44937f2c897
6a09e667bb67ae853c6ef372a54ff53a510e527f9b05688c1f83d9ab5be0cd19
edcbe977d46f47df7ae391013abe26a8d42753b37883797598d6d90654d52f5e
35f9c0a7e696b2c8f2c00fbf010d0de72bed61c54397a7eea7859672bf8fbc1e
deaf8b8d6e59a3c6164ae3df18c4015f3a01dd6a2daf4487b2d21d715e72fcf6
6a09e667bb67ae853c6ef372a54ff53a510e527f9b05688c1f83d9ab5be0cd19
4e1716f5cf546cc3ad04f83c2532b69b64c995322deb21dd8d5b240756b5a55d
a280bfab5e79b25075b234426784254d947ab4fbe0d8e2846c36c8feed3f0f7d
a7ecfe0b27097f6ccc4284128d0984100f4f62b8a501f999e83daa1d4cd74297
6a09e667bb67ae853c6ef372a54ff53a510e527f9b05688c1f83d9ab5be0cd19
2a3de1274b20c54f50eddc87643a0798f11984a2fe06701ea471324cea854814
a2a561767b7d40d08209f06121e70811cb270e36aff5e32337a7af8f08df4acc
f433139bb71954b10a5f12f85176f5fee91170697de6c3160f90c6a73388c9df
6a09e667bb67ae853c6ef372a54ff53a510e527f9b05688c1f83d9ab5be0cd19
48005f1f7c3048c514d062af85bce3812da18b18cf1c8f93a2f047efb6e60459
1ef9a230dfd0c1a4bbf2e61cfce168e6ad51d86cca4037acba206c9d45fee029
6a09e667bb67ae853c6ef372a54ff53a510e527f9b05688c1f83d9ab5be0cd19
5919711ec7debd805764a83aa27a954c948a7f2153d108c95cfa8b581b915e2c
1941853fc288eb1d3f337243f6949295b8921db777ea6d8d1bb46f3409348046
6a09e667bb67ae853c6ef372a54ff53a510e527f9b05688c1f83d9ab5be0cd19
6a09e667bb67ae853c6ef372a54ff53a510e527f9b05688c1f83d9ab5be0cd19
49371013809a3eefeab4d8db4aa0f8f15995799f80ca7eb43a27ce91ef0b91f4
6ddec909aa7ab1b325a95215087c5a82c0c111fa2b0872e035937e4d4585a931
6a09e667bb67ae853c6ef372a54ff53a510e527f9b05688c1f83d9ab5be0cd19
36daf10cb0767ccb3f36d8125fa14f790d5e4c4c4b082481d2c7775f47d51284
6a09e667bb67ae853c6ef372a54ff53a510e527f9b05688c1f83d9ab5be0cd19
afd5d36e46a35a1ff394b4cfbc26109a381533273c107a82b9a358de1d14b35f
06df2b989134db8bb412a92b6a2a38836885ca2018009619157e24dc5b6df854
93507457943fb29f2a17db3234c164c34336d94da31908f0ebe6d341bf2af34d
6a09e667bb67ae853c6ef372a54ff53a510e527f9b05688c1f83d9ab5be0cd19
fcd5e3d07f277f5183c4726efac106f10f86dce31af3ea252ca0702dacf0493e
4132c1cc84334980d40bcd2c80f6ba2bbe06c1122eeff8e9fd1de1c370e25a32
8ee241d53e36c1219a4a760fa93de55f56d153ae2c28ee06a76056512153f58d
6a09e667bb67ae853c6ef372a54ff53a510e527f9b05688c1f83d9ab5be0cd19
b5674b1bc3c2312e0c8c4b684beb716c97586dd5e16f11734a99e4553afc3676
46878a3f15966c8338c034a7bb19c1981005ebc4386a9aa35f7e7fba58374692
1dfa5ea7d1ea56f1fb40c60594664bf9cd696139517eef8a9c1922d22c6b9343
393fb05ce34c4e4e3f2f692ccb6a4d86ce7a805383b01e0991526322d60b15bf
6a09e667bb67ae853c6ef372a54ff53a510e527f9b05688c1f83d9ab5be0cd19
b57ca347a2331675d37b3fb93566465d9101de211d60986357453ba16d63d3b8
af61a82754c37a10ef42c811af0b72410c849bc25661e5e3b183364182e3eae4
6a09e667bb67ae853c6ef372a54ff53a510e527f9b05688c1f83d9ab5be0cd19
792dc5e794ed7a44021a59e2733a0a6ffc66aec8aa3023b39f35e47995d233e2
63b9b1dbb8b4d780520a7b369126e8870b02064b0baa3e1a455f82764f664975
9e89e80103b32a4d2408be9bf94368cc1f4b25ccc2aea04d9a818fae180a8cb3
6a09e667bb67ae853c6ef372a54ff53a510e527f9b05688c1f83d9ab5be0cd19
bc1acaeffed3965dbe1cddfac3dced938e66df937c9ef8941248a51e7c2885b2
1de5e3110bfc574603f3ebfb7648d3b2a22f44cc314014f4dfe2b8050cfcb70f
7c76586c7df0500cdababa26e2959dab1cc397361f7f0b4bac98bb11a680718a
6a09e667bb67ae853c6ef372a54ff53a510e527f9b05688c1f83d9ab5be0cd19
896e378defbc1fe8cfef953e2696dd889e5216ad6b0c5add528ed8963bdbfeba
3f300c1ef98b8207604591b936610e612e750e3a3a0f2ff3e092f741db71be39
be85699fecfc5f9a0cb1a535a19e9f9510045f03ae40114ee7f06de8c5735cae
6a09e667bb67ae853c6ef372a54ff53a510e527f9b05688c1f83d9ab5be0cd19
3cec32b1be96724d193bd6911f7481c79fd7cf232618fcbd7fd9b77436d492a4
0775c365d4c4d4a41ab06a0dcecd57f644bc85e2147801c7e9d2afd47dd07979
61788e9da2cb2db080343c64132ecc5b9fb2970a032ea1a2afad4c0fa6b0127c
6a09e667bb67ae853c6ef372a54ff53a510e527f9b05688c1f83d9ab5be0cd19
a35b3f973a89922c79c6010ac4d7951a56671e911c602c62eb35670fcbb2722f
2802e224fe2ee00ac112b0688818b35458a54d61b14378fe53a70776e866d105
2e453cc3a914fd6c4d5bcd268e11f571b44e54c0eb36fa9a1d3a9e03becabd4f
6a09e667bb67ae853c6ef372a54ff53a510e527f9b05688c1f83d9ab5be0cd19
f49908fc7b8efe486ff0af74d2681736ece7012f9db2698693b7a1ded8ec5eb9
f3fe4cf7d999470b66da5edd3904dd223c416fe2aeb34b4b0c602f90a6d597ff
81d798512f81104a3d973ad2da3c2196a1cac8eb6b3300ef6d4a0881ed60af9d
6a09e667bb67ae853c6ef372a54ff53a510e527f9b05688c1f83d9ab5be0cd19
6a09e667bb67ae853c6ef372a54ff53a510e527f9b05688c1f83d9ab5be0cd19
61f4ff1a3719fab1a13b2b39b4bbf16fc067e78cd9b0aaa1b838dd8c5514c734
5e4defd3fb3948f9b956e71b02b8bc9ff5f9a59b33aedb5b45b7292aa59aa148
e22a170206156a1ba042d8535cb1cef89b7e4407f0e69b8e5a117d81ac292cf9
6a09e667bb67ae853c6ef372a54ff53a510e527f9b05688c1f83d9ab5be0cd19
6a09e667bb67ae853c6ef372a54ff53a510e527f9b05688c1f83d9ab5be0cd19
1d8ad913e52473642122c9c034d4f9345409210711620a24f72bd68f05605133
a452e81ea1c935a53e590ac72d041938a51b28eb00108464704c077fba27f8de
a9d78051d476a68b3f5db4f7eab8b6666e7023419a32142697a8d3ceb39ba646
6a09e667bb67ae853c6ef372a54ff53a510e527f9b05688c1f83d9ab5be0cd19
af6ccef741de96e6fa02601cb1704c5513fabcfca8245c6fb2576f606b09f176
4abc48485f692c5bff2c3fe9f53eb627ce690bb8aaf82bbffa32ceb971b12b96
ad9d8dff8af82ef27b312f8efc7ab95b86903830ef6e1ecebc404c148b60764c
6a09e667bb67ae853c6ef372a54ff53a510e527f9b05688c1f83d9ab5be0cd19
177e22040ddefdf05497abd79fa46201c9bdd7a50f98fe53cef247d1390a925b
71e58a059a1ca2b2acb9e76364574fefe8d01c10a01e9c604dc1cf9d8fdc4776
6a09e667bb67ae853c6ef372a54ff53a510e527f9b05688c1f83d9ab5be0cd19
eab25b9a83cbd838bed614679ce046d18294cedf336ddea37c3a719cc909ce85
a472c24dde1c1eaa3787ad6b7abe8a1fe23b78902d19d1292acc172f74064e13
75715c6d76503fe800cdfe84c71618a4b54c4b8af01a29d9474417ca2e0ebcba
6a09e667bb67ae853c6ef372a54ff53a510e527f9b05688c1f83d9ab5be0cd19
6088235019acf3b481201264bd31aca879ab306b373e6bea87bd70bf3d98f326
83e8762a7f070ea8b6b07cc7044593c3548f7fdfe898b614e2201f56f28360d2
6a09e667bb67ae853c6ef372a54ff53a510e527f9b05688c1f83d9ab5be0cd19
c88a005e9c103c7f9793ea51cfa5092c6c013ce75ac4da91dd1be630d0fa8c1d
6a09e667bb67ae853c6ef372a54ff53a510e527f9b05688c1f83d9ab5be0cd19
8bbe187c0582a816513bc096ed4ac4fb43f782f8191558c176c99ca9138d78e2
b5e6199a049adb3b71d8fe42572c846b449537e49b33fdc8937f56ffadfe3f74
6a09e667bb67ae853c6ef372a54ff53a510e527f9b05688c1f83d9ab5be0cd19
a282dd6b9cbc80de724118d8dbd4021e926b5ca82fcbb7432e335d1bdf0fa511
6a09e667bb67ae853c6ef372a54ff53a510e527f9b05688c1f83d9ab5be0cd19
087727b7d0f762aaffd2b4235162e9de4cbde19f65a9d29f1a890dcfc0146c03
446fdd29987c27be5a6a91afed76283f931e2610856b6b1b6a996ed20f964c8b
f47f2d804657069545b6a9fac5a26e7c9ea5ff8bda912ff8a1ffa4f7bdfa5caa
6a09e667bb67ae853c6ef372a54ff53a510e527f9b05688c1f83d9ab5be0cd19
6a09e667bb67ae853c6ef372a54ff53a510e527f9b05688c1f83d9ab5be0cd19
5e0a0ba0c6ccfb3630d3e40e9008896a4504e47e4c5aab988113209914904add
d1b7ce50085b3298020b84ccacd179257654b9acb947f3f5fbc8b47b0555e2d6
a2e753d7eb61267a9298c5355ffef02331270129bcfc582446397b98a6ce7a29
6a09e667bb67ae853c6ef372a54ff53a510e527f9b05688c1f83d9ab5be0cd19
c04270c6eabd46cb398c49b5610ba5d2caf05223fc7e4a2d096d8736f52bdb7f
b33df2469c0605b812f39a9c69d55b49a2dc48cd503a24afa5ce0df554c2e778
648842cd29038f93e1aa737b3a56ddf6bc71f2a07117965ff7c91176725ec0d4
6a09e667bb67ae853c6ef372a54ff53a510e527f9b05688c1f83d9ab5be0cd19
62f3aaa2f1af2ac81f7349f9b51cb7dc562466ac94ac79805e1038d551ce0a9d
a477dfbf0ecef7d89ce179c5daf58bfdf194e11929de59781cf7ce32e246da90
3219013f397991bfbf3d8b4e92acee173426c8c9c40cd9c685a19d1a080ec861
6a09e667bb67ae853c6ef372a54ff53a510e527f9b05688c1f83d9ab5be0cd19
16769a40f3f9037e9a661c37ce849136f16282c3456f8696ab30ea7feb3e2db0
0f25603efdf6b89cc5c346e5ef7463cc1333db2e3e6614860e0814d8cf0af193
6a09e667bb67ae853c6ef372a54ff53a510e527f9b05688c1f83d9ab5be0cd19
3718f1ece31c9b120ba4c61777350c601d0fec5dd74146693c7bdbd5c79a1138
6a09e667bb67ae853c6ef372a54ff53a510e527f9b05688c1f83d9ab5be0cd19
6a09e667bb67ae853c6ef372a54ff53a510e527f9b05688c1f83d9ab5be0cd19
5ef64c975eb99bfbf66b95b39f53ce799af2345d151cfe2dc3b595931239d0b4
b1162fdd3b43d4d7850d2f4353aa8979d5a0ca4c4c2202faa0a435f374ecafee
659de5a9f921c0c846bbaad8912084997c97a9f3b7961d261ce0a012032b2ca6
6a09e667bb67ae853c6ef372a54ff53a510e527f9b05688c1f83d9ab5be0cd19
67b62ee412ff15910f3a7ac3b14f7a2df95161486ff09a1852ff1da4ca5fd3ba
13d4920040e90a458d1ee4372ec08fe8c5e1227e51e8790ab6a519dddfd9fb18
6a09e667bb67ae853c6ef372a54ff53a510e527f9b05688c1f83d9ab5be0cd19
55ca71904dd8268a6f10c9fc346cc0fc07d4893481fa214e467fcc86e98013b9
ab3ae24d625f29ad82d4a788c323093fbea9274a162e81427b74f794175b236e
91c47d83a044f6603a17e27770783b1362c20cc63514bac22221cedb66cf4a0c
6a09e667bb67ae853c6ef372a54ff53a510e527f9b05688c1f83d9ab5be0cd19
f22705cfb134daf756213ce95e0570152adce0878ae42bb953c3ec3c8a9f66d3
f6e2e998546371e1e892bf87264626463f11ce108e0cd19cf111864fdb463493
6a09e667bb67ae853c6ef372a54ff53a510e527f9b05688c1f83d9ab5be0cd19
6a09e667bb67ae853c6ef372a54ff53a510e527f9b05688c1f83d9ab5be0cd19
bb50ce4ce54dc4b20032d90781feda839d695b524eaca00d03f405473e91ecad
9834b33fa7bf10342ad1dcbb223034998b8e571b2435deb8d188d31c8257642e
a00affbd099670b3d04d9bc5909f9a73fe6ebb54641fe0a4ec00fbb1f70b1cfd
6a09e667bb67ae853c6ef372a54ff53a510e527f9b05688c1f83d9ab5be0cd19
558335049ef5f77f4f16f05193daf460b19dd15a269caf16c5ea9ca4b309d069
e595d8ef456f02d946c2165fb415b9570deb91c6723afaa63dd36f6572d5b545
db0b13e835d47c4215403a158da7affc735e0426926170ff3cbb4af79eea60cf
dfb94b09feb254f0a975f1bea4cbc6bb58a41da70c58e742beb0bad083e4c858
6a09e667bb67ae853c6ef372a54ff53a510e527f9b05688c1f83d9ab5be0cd19
7928bb37393a3f32236f7b66e121e36eea2e0256d593b892955ff70e1f953252
6a09e667bb67ae853c6ef372a54ff53a510e527f9b05688c1f83d9ab5be0cd19
6a09e667bb67ae853c6ef372a54ff53a510e527f9b05688c1f83d9ab5be0cd19
6a09e667bb67ae853c6ef372a54ff53a510e527f9b05688c1f83d9ab5be0cd19
70187a7a76f35094c181e93a5058fd7c30beb111c9fb5be508319035d879e4ed
40420a2c3b5d78ec607bec4914ebe27328f7f3967b478e149f55ab9504644110
6a09e667bb67ae853c6ef372a54ff53a510e527f9b05688c1f83d9ab5be0cd19
284bd398048c1c99965dac32fe75857e333810204461a81ccbced58886c82212
8ec0d3a68a63eeea5928c4aef722b3322a07e07c713c119a6a933403c6f82ca7
6a09e667bb67ae853c6ef372a54ff53a510e527f9b05688c1f83d9ab5be0cd19
6a09e667bb67ae853c6ef372a54ff53a510e527f9b05688c1f83d9ab5be0cd19
6a09e667bb67ae853c6ef372a54ff53a510e527f9b05688c1f83d9ab5be0cd19
80e338641da4bc23e88be507638dfdd9e1872dd681c43f52e2320530db830cb6
70dea96607bbfd2c801157f88998421f09e060f7873b152ec550c66693953521
aa2317bbe1deb2b4316fbabcc366c3225c8ff8a6b7d2b267cea17534c2b5cab1
6a09e667bb67ae853c6ef372a54ff53a510e527f9b05688c1f83d9ab5be0cd19
19014f8179270e51816da41d05b2da3eff1e6e65946df9b41b2b3d9d8ca62668
dc187999bb8746721eadad7e8cd744be261544aab3ead1aaf6f89d0cbc6490e2
4ef57be29e442fd14925d7bae0a83f8ca422332e99aab666cdb835d83a21eb41
6a09e667bb67ae853c6ef372a54ff53a510e527f9b05688c1f83d9ab5be0cd19
88dee5724039b8471f13e6fb4789b8664526c220e868921df3a2367c41461222
f05b7bd67f1cdd6776f7080c1bc9908847f6f9582222df73e3308a817b37d8aa
6a09e667bb67ae853c6ef372a54ff53a510e527f9b05688c1f83d9ab5be0cd19
57130aa362c890fbecf632d596ed9a75313ecd9ca72176b5e39a0c725e65c468
6a09e667bb67ae853c6ef372a54ff53a510e527f9b05688c1f83d9ab5be0cd19
85bc7ebd4580a5d48d1f4b23226fc32bf08593348cb2cd8f66a61a327298aee2
b5fe5bb86b8ee10de900ce221d2b009c024b9264de350e13ae7ec1a9a8b10e9c
0ee99dc47c6dd07274317893d3852f93abdac2f3c1d767c31390388cf0f78ee8
6a09e667bb67ae853c6ef372a54ff53a510e527f9b05688c1f83d9ab5be0cd19
c42818e883c072d9167a66422b80254b4363f5039f8182a1dcbf2166450ee110
cdcc542cf172e4aeb73500d9a57afa622d80ea44ad7e0a70b50ba570b7c92f3a
b287c72d85e673b81cb5372d66f60f6047052284c6d0f39bb3c6e60d244a7ac8
6a09e667bb67ae853c6ef372a54ff53a510e527f9b05688c1f83d9ab5be0cd19
8c143ac775ad68f24ee73d12ae28f95dfc7c1e62a8fffc7748fe265dc2780591
e2151f52c5c3cfef4e0c2c98c64babcc0c06f8f1bcd9dca65ada1b63b4a365e0
d25420fdbf314711b656af74f509444d98ea441ea8025199637d076cbe389363
6a09e667bb67ae853c6ef372a54ff53a510e527f9b05688c1f83d9ab5be0cd19
6a09e667bb67ae853c6ef372a54ff53a510e527f9b05688c1f83d9ab5be0cd19
b5dd403c8366a755e93189299611d798cbb5562a9c899cafaf08cc5759f3b243
b0a94b088d3bd23f34a00e7e78098e0746d99e70482c755cf989ddf3ed5afb53
6a09e667bb67ae853c6ef372a54ff53a510e527f9b05688c1f83d9ab5be0cd19
a08af5bef5e9baf0fe8d58a56ae755fb2f411dd9b994bbb46002e3a5159899b3
f9404937b76d9d75bef80a4cdad2da75c22ebc1e53ba9c64ad8838a3c91a002c
6a09e667bb67ae853c6ef372a54ff53a510e527f9b05688c1f83d9ab5be0cd19
8b71496ef9d85ff164b67582dd4d52e592529d99affe992cbda66cb450f59f2b
6a09e667bb67ae853c6ef372a54ff53a510e527f9b05688c1f83d9ab5be0cd19
c7b532c1c1dd77e91c9df9ea16f354cc288e57117153cefc895bd0e5638b65a3
5a5f76fe940db016b8498c3101049e3df2db113292b80c02932f1343155da99b
6a09e667bb67ae853c6ef372a54ff53a510e527f9b05688c1f83d9ab5be0cd19
5b502bbb77d060698b97504b4223ab8960c54184dc5f8d02813ffa834e44c6f3
604b98f337ee55a0c1ddc1aa4600ac9dbe0f5288afaeb0fdf4cb02d8ef963309
a0cf306b1816c5e128735203b7f9d1715d2cd1a18480958a446fa1a6b24f9dd2
6a09e667bb67ae853c6ef372a54ff53a510e527f9b05688c1f83d9ab5be0cd19
6a09e667bb67ae853c6ef372a54ff53a510e527f9b05688c1f83d9ab5be0cd19
1320d14045bbc82764f9946df2fb8e8139365344bf40848419ba76cb5aa68ab7
22b912ad18340ec0c5eedd5b8ec69de6163bfdcbca0d6424ad9b5371f98f4f7e
6a09e667bb67ae853c6ef372a54ff53a510e527f9b05688c1f83d9ab5be0cd19
e626a720bb75733dbef680bfef1bf518942dfc630f3d7c37a1a3aea03c3ae40b
6a09e667bb67ae853c6ef372a54ff53a510e527f9b05688c1f83d9ab5be0cd19
4189253312b98ab1a19b0184c7a56d8bf858b65f591296712c7018ffe8613514
f18f3a3d669437b64ffa047a0f392010fdf101e0e63ae398d652e6adba8eebe2
f4daa7809d50f698841035faf7d4a1246c2a7a5329395d593857b82232aacdb6
6a09e667bb67ae853c6ef372a54ff53a510e527f9b05688c1f83d9ab5be0cd19
8a449dbd822623dc3e8327bed6ab8c72133c69a69179e07bc3289dacb12846b9
f49eecd62dbd60164ef2d87c443497d56746b6d3c6e716cd3e3abbf3714f7a88
6a09e667bb67ae853c6ef372a54ff53a510e527f9b05688c1f83d9ab5be0cd19
d82efe66012b7c6bf0613d42ea69b2a2322b11f8cdb3601cb68d7e5be338c669
56fb67bdff833a412f5a677ab7916bad524206d4b4ad22c1302bfe45dec77dbc
59ec4f8f6c2669d89b8fcd92296d5848f64da5c01cb6bac809d793aa955b4baf
6a09e667bb67ae853c6ef372a54ff53a510e527f9b05688c1f83d9ab5be0cd19
52bba4abc759e80fae7b09865682bada56f9275cf54371a194a7e3c89bb312ba
ffa520bccc27a59a418fa8095cdd85e643b033df6b19e1d327b7c15ffc843d00
6a09e667bb67ae853c6ef372a54ff53a510e527f9b05688c1f83d9ab5be0cd19
7cf0f55d17c24326da5f5ebbb9d749d891b87131714636bcc55f9ff667c4e844
53da4b6f26a88cf2ebfe857e751399f5f3fd4a67b0508843537e734ff6d2776e
6a09e667bb67ae853c6ef372a54ff53a510e527f9b05688c1f83d9ab5be0cd19
7f00d242c85db1c045dd2c0dda1a95ab5008a06bef5764dbe2bc46d0f8a553be
b27d80362df3d111e88a29c0d6b4448b90789fab508e860eec19b653d6ae3240
6a09e667bb67ae853c6ef372a54ff53a510e527f9b05688c1f83d9ab5be0cd19
9c1489301a5b2f5f375004021d712f17ddab4c97027a2d2623388db5eb743170
6a09e667bb67ae853c6ef372a54ff53a510e527f9b05688c1f83d9ab5be0cd19
863fd368b4534895797bd83d6262303391340781010938c219b7963850b40201
eab5166c8a1212a2add8c9fd25547b043ad6e16293a359c7138c09f7df53ee8a
6a09e667bb67ae853c6ef372a54ff53a510e527f9b05688c1f83d9ab5be0cd19
f88e510309633e2f73115625c1d6eb5f4d217cca1bb56ece9b389f6172b25c2c
ddc66235b11ecc6350daaa35f1a71832d878e615bb09ba62eefc4fcb5f90a517
8622c22cc2b750ded0dda25e5d2f8abc3a61bc8a409143c8dc6e7c7d75d692bd
74586f85ddc5515a9b765b9b529329e3891ca6d45dd6a373c9bad307518ed577
6a09e667bb67ae853c6ef372a54ff53a510e527f9b05688c1f83d9ab5be0cd19
895c4de084934e14bd51797a1c223f37ae6de082c1aab74c3edbb787ae149f73
3c1a26d88f55faad1d44f6e59b34f8d321f16ceb5a761f9809669a1c92d46d8b
4c9f7ff7e665c6b911b707dbc3190d2ce184e9a6d21509a661d0a83b5b222721
6a09e667bb67ae853c6ef372a54ff53a510e527f9b05688c1f83d9ab5be0cd19
6f9420d5606f0e42a7a90a68b5f2dbe950dec1627f3573110aa749640ea01ff8
75a705c0721ccbc4c7e05392c012b19a9855efaf40a227c7ed84e2bb1fbec3b5
71bd1d1f782d7ddc0570d0981da941684df33e625311daf15665edb1d6724d10
6a09e667bb67ae853c6ef372a54ff53a510e527f9b05688c1f83d9ab5be0cd19
7bd46da183321d37ea22b256be52c12089f5381b2141bbdefb85eedf6985d107
d51454286c6a96e62fd73f18e3a6743f0b840169fa77d350924f483127a173c1
6a09e667bb67ae853c6ef372a54ff53a510e527f9b05688c1f83d9ab5be0cd19
4328bc107a6b2a449de79640c729770605106a72122e8b82cf5a224996ec030b
463a17b51b1acdd1157fcadc9b0973b826b01d070ce29350db8444d7d348e8c5
a9f0d21e21048fcc692c209bfe652000a7a0ecbb4fdc22c6fc1e622906c35a85
6a09e667bb67ae853c6ef372a54ff53a510e527f9b05688c1f83d9ab5be0cd19
5532ce7a2859af1c7b348f0c246bc6e1e8c54c4fa9df694a76f1df408b0f72c3
f65edb157c6b89015345619c6d893fe4469e3f3e193d584a233ab63b8da892a9
6a09e667bb67ae853c6ef372a54ff53a510e527f9b05688c1f83d9ab5be0cd19
6a09e667bb67ae853c6ef372a54ff53a510e527f9b05688c1f83d9ab5be0cd19
d2c4b89a9f4f79863db355f0f8c19d30ab9882e195df5505fdcbb632a26c7bea
a99f8e9519ead049d0027b39d0083daa9450139d234ed31c471e206293f0f623
825f478f299c70a632aca72b5bd6a6989f7a9be24ea728b2933304a35aadd03e
6a09e667bb67ae853c6ef372a54ff53a510e527f9b05688c1f83d9ab5be0cd19
696e99d9598a016c36ef2012dd7fde71488c75cd7cf933b22d89293f412582e8
6a09e667bb67ae853c6ef372a54ff53a510e527f9b05688c1f83d9ab5be0cd19
98515ada35766a4a8ef3fd4b7f652ec49495578affd27cc2717fcc92f966bfbd
996b7686b7043ca44796ed7b86d921eee690938ed36da2d4670dffd1817d881e
cfce7a63ab7833852ac1b4837f520f30284faf421310bd6cd3ef8db5c26cc0ca
6a09e667bb67ae853c6ef372a54ff53a510e527f9b05688c1f83d9ab5be0cd19
fa0fb306d44ddb83e117ce613d828fdd148eb71b72faa9ff0d0f45679f3001d9
c869cbf61bd68aa1acb153966b9ab8c1b9c87d8dedae03b90194edc6cea77c4c
b4f8b39bcec09d91388c68bfd67fc443afcd34298b9ebc55608fe5ecf6d74e27
6a09e667bb67ae853c6ef372a54ff53a510e527f9b05688c1f83d9ab5be0cd19
f733f1d38c87433610f0e6c9426b494742c6a322f05c8bd8939fd8208745efa1
6a09e667bb67ae853c6ef372a54ff53a510e527f9b05688c1f83d9ab5be0cd19
fa4548e4f7915cb3c51a8878731ef9b0d8202bf042dccdaa59dbf217021f9418
6a09e667bb67ae853c6ef372a54ff53a510e527f9b05688c1f83d9ab5be0cd19
6a09e667bb67ae853c6ef372a54ff53a510e527f9b05688c1f83d9ab5be0cd19
5f82c2001183a4c78658ceafca10775582446d6ac4b231ba9b7d168736402a71
6a09e667bb67ae853c6ef372a54ff53a510e527f9b05688c1f83d9ab5be0cd19
ac8ea44641e9902cabdb51470c170f7d9e92aef097f05ac3892c6b99ccd6dba6
febdafbdcf32060054490d3045f28a4017484b296964e09d4f55813bb5894c66
aef3401f69d011ca2a46bce9543ded9d4ae655221ab6b0c204de3186d7b6f65f
6d23e42ec89f8e127bff616835336b4dda7e93e667e09fd796a1cd2b95a2fce1
6a09e667bb67ae853c6ef372a54ff53a510e527f9b05688c1f83d9ab5be0cd19
6a09e667bb67ae853c6ef372a54ff53a510e527f9b05688c1f83d9ab5be0cd19
591ea56681fbba3482787453b6e02ce7389af6a1c34df2e9f586b77c218df7b5
3c5c417ea6985b21955119eb2bafb7554b1553f7e0699690871787cd6453c225
6a09e667bb67ae853c6ef372a54ff53a510e527f9b05688c1f83d9ab5be0cd19
6a09e667bb67ae853c6ef372a54ff53a510e527f9b05688c1f83d9ab5be0cd19
18b1aef466f8bc59a05c5ddc02cdbec85b8e5e008a4f5892e7c1e557e75d6fe5
0ed9c5b6e7e3a6cfc50e443db45c8513f23a65d48c96351c4315bfa29dc772d3
6a09e667bb67ae853c6ef372a54ff53a510e527f9b05688c1f83d9ab5be0cd19
1ab4344f7319a3c842d91b52b1d619fe96d06cabf8f363c42a410bf02f49073a
6a09e667bb67ae853c6ef372a54ff53a510e527f9b05688c1f83d9ab5be0cd19
a75b17f7a690bb12f66cb8bd4cbd1273b5f922b6fc3e046a26f5805d0d626e12
6a09e667bb67ae853c6ef372a54ff53a510e527f9b05688c1f83d9ab5be0cd19
59dee0e24c3c639813db9f5df42888eae166d85d6bb4d73f9969d2012067e00f
5badbcf857266ee681b5e1bd63f04cf822b39dcca19cd7832bb624699effacd2
8798c244dcdcb508a2215d48b36e09f503dc3d24e2b98db8e08a2c9a8b9050bb
6a09e667bb67ae853c6ef372a54ff53a510e527f9b05688c1f83d9ab5be0cd19
41913cea2a54d610f5b4f3caa33a20902b23f929b28773f4839280866914f251
6a09e667bb67ae853c6ef372a54ff53a510e527f9b05688c1f83d9ab5be0cd19
92a8b0c74eece38897d7ee083df138f45f63d59ddd527dfa11bfc6c393d60103
5afef6ffd4cb2d83084897ff86c1c46bf3199605317fdcf511ecced5a17aaa39
6a09e667bb67ae853c6ef372a54ff53a510e527f9b05688c1f83d9ab5be0cd19
1495fa97e591104a9253db80504fd4d8d09ea7b4e2ef0e0251b052848d9153ba
6a09e667bb67ae853c6ef372a54ff53a510e527f9b05688c1f83d9ab5be0cd19
6a09e667bb67ae853c6ef372a54ff53a510e527f9b05688c1f83d9ab5be0cd19
e8cef3b7a27433a24451f94476a68c9a42f0c33fe346c2a87758099bd2b35595
7515149577918b84337bbc23c3d9bc7e1f4cacd6cd66031c256faae4c2dcc933
6a09e667bb67ae853c6ef372a54ff53a510e527f9b05688c1f83d9ab5be0cd19
22564e8e26297f2f85f0a2411d6cace58d8095c96e3a86396bedc0ac1ab1d895
3b62236f6d6f64536c6205c8835e65ebd259f67036525128ae176aa144f1c213
6a09e667bb67ae853c6ef372a54ff53a510e527f9b05688c1f83d9ab5be0cd19
148e71da0d5fbf7f70b81623a0ee987006ed4d34bad4e679a629376d4f2dfd42
a97b7baca5a24680c64898d881c69d33213678733458e00e3e320c82f477330d
6a09e667bb67ae853c6ef372a54ff53a510e527f9b05688c1f83d9ab5be0cd19
623fb4b561a4fd0fe45ee2e3c7ae558285591f14d2d7dedc4a8b5395fc09a26a
4b3ed6f2121aef2cf70ab145cc728734648343b10cb9be2d62a9fcbc789c254f
79e8272b266280f7ee7e39752ce9e027f16d0a819af941225a8647a626a53fb9
6a09e667bb67ae853c6ef372a54ff53a510e527f9b05688c1f83d9ab5be0cd19
05608bfc66e83791bc66ea2d2f96d55d31f94a07a2f57f918acf9e3c7fb8b022
a6159415f99f5e2e9695a3543575071c2fbf417a804aff2204afffa285a9a591
6a09e667bb67ae853c6ef372a54ff53a510e527f9b05688c1f83d9ab5be0cd19
6a09e667bb67ae853c6ef372a54ff53a510e527f9b05688c1f83d9ab5be0cd19
9d9f5287a1f35f52e4a526912f4f4b94f88a84e9e18d2368689b257aeb6cbe70
587f9e69816a6287200a1db7401e731cc99f58946b44a7f6d3f9df8127d4ff90
6a09e667bb67ae853c6ef372a54ff53a510e527f9b05688c1f83d9ab5be0cd19
219e568a92f37fe0674a4af03817855c937e1ba70e49e9b9276832e6d77e4f87
91565a48a2a7d2a072514bb599f9153f12a2e0e5f4a68ad714e4820f524c0faf
6a09e667bb67ae853c6ef372a54ff53a510e527f9b05688c1f83d9ab5be0cd19
e3ec4b320bd592d2bd798bd38e119bc0b6d319b29085d4acd900a29812b3e328
6a09e667bb67ae853c6ef372a54ff53a510e527f9b05688c1f83d9ab5be0cd19
a314ffbceffb95a6acf3058120ad58463d72bda50893cd1dd7eec0eb1dea55c6
49c1840c35bb42e19a54d8d2f20c0c283ebf5e5ca0bc0ce4e3fcdc2bee165b74
6a09e667bb67ae853c6ef372a54ff53a510e527f9b05688c1f83d9ab5be0cd19
aed2704a73ecd45548444a514f47f1125cb92d3836878eceea6f1c6d8f165eac
f4a9f1e3c65234d689411d8d75bebbbeb29298d15648f0273667f4d363cb1149
6a09e667bb67ae853c6ef372a54ff53a510e527f9b05688c1f83d9ab5be0cd19
c8aecd6e6a56c9c770ffc7caf94058861f05a68663720b38524a7fc95dd7cd8d
06b0b7796f6f769ca4c4181cdd94b5a768157cfafa18a735326ba2be8a8fd09c
6d8fd0853973dac0d16cd9ada0c9dc29a606b44789b3a17aa76e63b5798942cf
4a467f1d5ea5645d34e984bdba1a6e45d93c54bfb2727b6f12df2750ac4256d0
6a09e667bb67ae853c6ef372a54ff53a510e527f9b05688c1f83d9ab5be0cd19
108598eb322d7184e710814091d13860bc23ac52346ae0268226f9caf80c0847
3f1bb9cc627716a20520f129b610ab003f93f7c9f8ec95ad3851acc303ef2798
5f4fc858165851ce03d8889fa7536ac15a299895a1f5165dab0afcbdcb0e7255
6a09e667bb67ae853c6ef372a54ff53a510e527f9b05688c1f83d9ab5be0cd19
6a09e667bb67ae853c6ef372a54ff53a510e527f9b05688c1f83d9ab5be0cd19
decb25e4095f1bff3c2cc5216399833abc84079e789da12495d8f55908ab9885
6a09e667bb67ae853c6ef372a54ff53a510e527f9b05688c1f83d9ab5be0cd19
6bb33112c3b94c9f6e5a8aa1d67f6ee3e5442902d5ffd33204cad6efd7e16b11
7da85eb5fd3bb442a7b67a32634ac11d7b074cda22d74b8d74d748776d218753
6a09e667bb67ae853c6ef372a54ff53a510e527f9b05688c1f83d9ab5be0cd19
6a09e667bb67ae853c6ef372a54ff53a510e527f9b05688c1f83d9ab5be0cd19
6a09e667bb67ae853c6ef372a54ff53a510e527f9b05688c1f83d9ab5be0cd19
3d89f9a86aba5d551d3fb5effc9a76231d43da1ae76b3e0999ed35636648dc60
9860ecba3e90fe14a1a1bd8e72031893d62d831af23bc253656efeb9c61ad059
9d2b6b4c7f8d5a3e5cea84e4df9983623627f18208ccecd097a552debe841ebf
6a09e667bb67ae853c6ef372a54ff53a510e527f9b05688c1f83d9ab5be0cd19
076c406e9c8048713f715acd337436fbf0ea0677aa2a060d792f795fdb9cfa01
9ad1333bc3b5cb23a0d154eed88a2802cca6c360889732755329186be35f514a
6a09e667bb67ae853c6ef372a54ff53a510e527f9b05688c1f83d9ab5be0cd19
fef9a672ea3bd7f4e0700f86f81ab6f78c8125047f0aba703d5181f44b932751
8b2df5846f7c413b93704af04d99e3488deac72aa79c32db6a8a21f41ddf2db3
6a09e667bb67ae853c6ef372a54ff53a510e527f9b05688c1f83d9ab5be0cd19
e1b98131cf93970649f0487207a6a5ec6ce24c729d369921291638932fcfe5d8
6a09e667bb67ae853c6ef372a54ff53a510e527f9b05688c1f83d9ab5be0cd19
044fd9db639f50b6e47c931e8e741ae36ee86afa276250d78997249787a3d6e1
cbc2f2ff3910c093bc47d80efd1eca618edbe17533c47dd947a45fdfe9db4a6f
6a09e667bb67ae853c6ef372a54ff53a510e527f9b05688c1f83d9ab5be0cd19
5dd4b26e1f483419ba4f55e9f1631c66466fe8d77ef5fb359647ee330280976b
b885c5b9a2134166f1bbc30875a3ab0669173c98f77790652309d58905ade167
106c81d89199ccce3e767ab807f3dc9decb2fe3d98a1a8f6868821b47e0e0608
6a09e667bb67ae853c6ef372a54ff53a510e527f9b05688c1f83d9ab5be0cd19
95097cd033effb04abdbdbed17f135441d03c2a4b88d42ba2920f1a21936ca7c
047de84e16c9c3420d290e26e0f8bd1623991c84a7ef4968720030ac53f7ef45
6a09e667bb67ae853c6ef372a54ff53a510e527f9b05688c1f83d9ab5be0cd19
6a09e667bb67ae853c6ef372a54ff53a510e527f9b05688c1f83d9ab5be0cd19
a1548fa6f4b033f37e89acbe6f09d2986f000b92d492f7f76ed37ab0718ed4b0
b591c2b8a5d9af9aa8e8c438b571ed40536b1640a5c6efb7304b9220621f6bb7
6a09e667bb67ae853c6ef372a54ff53a510e527f9b05688c1f83d9ab5be0cd19
2c4d55ae9869161f997c1876784d8af5be807df8e9eb44641eb5447d9b1da9be
f258d7aabb812e32c7f41791d8355622919338fa3bb0794f301da8f6e9cb3707
6a09e667bb67ae853c6ef372a54ff53a510e527f9b05688c1f83d9ab5be0cd19
6a09e667bb67ae853c6ef372a54ff53a510e527f9b05688c1f83d9ab5be0cd19
658cdf5bbd6ed5b5ba790c1c800cc14d5ddc94e92342dddb71540ca026cc5a3f
35455be037f729404d7ff19ade82d7f00b7b9b93c3991c6e7c80e7e514e59789
6a09e667bb67ae853c6ef372a54ff53a510e527f9b05688c1f83d9ab5be0cd19
7f61cd2a4baa3434b85d9475b6b277b68217ff96a4b33ffe75611c5466a99b79
970074a30dcda4e88436fe74f0de38009bec197b5a11298805e9c6d746c77e30
a122471414687ad79d80adc21c0a306ca8bda254c0f70cd628602f470dbd61fa
6a09e667bb67ae853c6ef372a54ff53a510e527f9b05688c1f83d9ab5be0cd19
bfe6c1c65dd6478a59670d867b06143937c335c5f8aeea388f1764bd4abea975
285ff57d273ef1ae51ebb5293a540d25a8240d072a3047dc62e42f859fbeb78b
8a2abb014a2ae83f145a861ede94cb364a150d5babedc95a03a09534f933a40e
6a09e667bb67ae853c6ef372a54ff53a510e527f9b05688c1f83d9ab5be0cd19
6a09e667bb67ae853c6ef372a54ff53a510e527f9b05688c1f83d9ab5be0cd19
6a09e667bb67ae853c6ef372a54ff53a510e527f9b05688c1f83d9ab5be0cd19
6a09e667bb67ae853c6ef372a54ff53a510e527f9b05688c1f83d9ab5be0cd19
1ba988df0a922d15f2112f2fd581c3e194354b6dc9e4d537a168258284037687
6a09e667bb67ae853c6ef372a54ff53a510e527f9b05688c1f83d9ab5be0cd19
61bb5e403c00694aac4e2b39867da555ce07a77f93b48b89b7d038c38f2a8a24
6a09e667bb67ae853c6ef372a54ff53a510e527f9b05688c1f83d9ab5be0cd19
6a09e667bb67ae853c6ef372a54ff53a510e527f9b05688c1f83d9ab5be0cd19
0d3f2ade5234151ee2430c56badcae40af8add18bbc9306cfb7aaa422bb91437
55b94a700ce64b7264f892d0a08f67eb86f0a8d9f2dff4f35d8d788808c69de4
6a09e667bb67ae853c6ef372a54ff53a510e527f9b05688c1f83d9ab5be0cd19
175285a099593ac22d9e40489adb33ebc36c86318ba01565dc12a65acab6d4f8
6a09e667bb67ae853c6ef372a54ff53a510e527f9b05688c1f83d9ab5be0cd19
c624c266a0c079da536a01b75638b819171227252050bb3762566cd2fd1f20d0
fe50d3f42401ce0c0e9055d03e7ce71dbffc1a5451ff145b9788d95ae08f783d
0efa8327675183f0f46b4eb18c989d6b25fffd8d8b2a4bb8a1beda39a6d09f37
6a09e667bb67ae853c6ef372a54ff53a510e527f9b05688c1f83d9ab5be0cd19
6a09e667bb67ae853c6ef372a54ff53a510e527f9b05688c1f83d9ab5be0cd19
5d6ed0e06d21fb21ca3719889912b97b693d5a9a949f58762db19854a2f562e0
6a09e667bb67ae853c6ef372a54ff53a510e527f9b05688c1f83d9ab5be0cd19
d95597a2a135b1098028d46ed29ea5e5ad1f0431f2f037b51157de7573bc8294
6a09e667bb67ae853c6ef372a54ff53a510e527f9b05688c1f83d9ab5be0cd19
f6d2602c82b397ac3de6c76c063f2b1bc7058c4d6fa72772e9c973cc072bd83b
6a09e667bb67ae853c6ef372a54ff53a510e527f9b05688c1f83d9ab5be0cd19
6a09e667bb67ae853c6ef372a54ff53a510e527f9b05688c1f83d9ab5be0cd19
730a7d4f744fd746c59e6e0c4e796ef747f62252cfa586673dfa9d34160bc96b
6a09e667bb67ae853c6ef372a54ff53a510e527f9b05688c1f83d9ab5be0cd19
9751ecbe8b3d8010c473d283b7170d444694ef3c9a93ff3cfd484f2635a58fa8
c7ab4b0d979ca12207d363d2ee8260481f236cfcbc55fd2b6bd63384b7b4d3be
3c1d94bfc40fc5b7c96ea7b955b821ce89b56b6a0eb651cf47a27d3fc83d9387
6a09e667bb67ae853c6ef372a54ff53a510e527f9b05688c1f83d9ab5be0cd19
ba35b30a529d5383fe6c205f667dd0545fb3211f64fa4ea74b846bf8321047cb
206f684891df4f845dde395a1796caa7f77f6b1194567cb7cad74742df7e0f34
6a09e667bb67ae853c6ef372a54ff53a510e527f9b05688c1f83d9ab5be0cd19
9df7a396d21b2a0d71f3c1c7726e73aa39ac08ceaf941243e14f7a73f8b47743
6a09e667bb67ae853c6ef372a54ff53a510e527f9b05688c1f83d9ab5be0cd19
d6f5ff92749fd8a79f7c12cd65b34f688d42675c9d507ce7c63a525e9b3e3b54
87373f3286e375a3fafa24d2d14e0ac13e21f3814b975c7573886f06d06f3ccc
6a09e667bb67ae853c6ef372a54ff53a510e527f9b05688c1f83d9ab5be0cd19
6a09e667bb67ae853c6ef372a54ff53a510e527f9b05688c1f83d9ab5be0cd19
6a09e667bb67ae853c6ef372a54ff53a510e527f9b05688c1f83d9ab5be0cd19
65279c2eed28504d17df769997e866eeb3e52be918c5ce2f2ec42a276cd7e6f6
365ce28cc9173d3414fc4219578e9bb2b5b0252d35e2b4180a244fc868e2e46d
09eca44fb521b255a310356df19caf8217a8e432d502eb08dcad07d01f9dfbc2
6a09e667bb67ae853c6ef372a54ff53a510e527f9b05688c1f83d9ab5be0cd19
5f73722522bcb9e4ca71728063d86f2efb8e25149d444473a1b291118bbd7db8
f3705f5b2d1f7f7e46ad5bd06b387b0c1677849dc1679fe0f758d7b8ca93afbf
6a09e667bb67ae853c6ef372a54ff53a510e527f9b05688c1f83d9ab5be0cd19
f10f033d542efc4d9ec48997dd0e344691055ac45c2f1010ebb575d7c68dff34
17ee2cdc0a73b3af1435006c59d5a8796a4720b96ce9c1f93e00d795ca4f76f7
6a09e667bb67ae853c6ef372a54ff53a510e527f9b05688c1f83d9ab5be0cd19
363e5b789abcfc6c2b2af94751e51a2e66f8f8a5b7c43ca549572be6e25314f9
74a5f3b752f80f4c757947efc1bae593b53e3f9f5c9692ef00bb3e037fbde452
2205f68e14ea40fe3f8e723610eedc81ae74822dd44945feb40dfc9c7eca333a
6a09e667bb67ae853c6ef372a54ff53a510e527f9b05688c1f83d9ab5be0cd19
490413eff883d7c4a78385f62729b3a2310ee76da0a47940e71d98c58683a446
6838096015922044a9cea197059ba0765c801f165874bbd37ff59d9cdd7a4d64
456c51a0bef18b429aa62948b80027c23187c15076c5c341f501b4ddb1ef2417
6a09e667bb67ae853c6ef372a54ff53a510e527f9b05688c1f83d9ab5be0cd19
0e2eb122ef9f74ac6e5c94dfb719e271ac21ed71d06892a93a33afe4888eca06
29492c3003165fdef6a0f36ba7c0e7a27e8f517896c805f0cbcff29af11c2ae7
6a09e667bb67ae853c6ef372a54ff53a510e527f9b05688c1f83d9ab5be0cd19
f419d92e358848d82b95a35073fd236d92692efa804f6b9b255698f04b14aaba
0be53c0879d9171796bc443361fbf49e24ccbda8f7a02068415c046bc58bbd1a
b549e0f3529efe59089ca522bdfca657c615c8180051e7b3db1fc52f4acb0496
6a09e667bb67ae853c6ef372a54ff53a510e527f9b05688c1f83d9ab5be0cd19
2f0b428fabe5ebd287584d478e54f88f507e81293258238a8ee6065d8311a438
c474833d799849f3d755d2b6938515a2184394f9cad1d8396161ef2bf4d5c34e
6a09e667bb67ae853c6ef372a54ff53a510e527f9b05688c1f83d9ab5be0cd19
2cacff01a69e4ed363e52fec42a6cee5ddf36af1d8a7c471f33dce8540a38af6
9af0cb5b5317cc077bbc3a6e46b72dbe034512a29a7a55f800c71a7546825657
e93674feb0f279c1c2390c95cc0820710d342b063382be53ee8991bbbc82308b
6a09e667bb67ae853c6ef372a54ff53a510e527f9b05688c1f83d9ab5be0cd19
6a09e667bb67ae853c6ef372a54ff53a510e527f9b05688c1f83d9ab5be0cd19
5ac1270dd4c26c774196822178377fd1afb1880d5033552865c4a8281b58c6af
e6bc2f76668dffe81a6d81b93c1de41cf6000d095a318b50f9514630603568d7
67a0533e2645155193b323be480b76570ce79907e3d1613c9d75defe256d64da
6a09e667bb67ae853c6ef372a54ff53a510e527f9b05688c1f83d9ab5be0cd19
37c6d8d097453a15986f0d276702156662fbb7d27a1b57735ac57e0b15cff674
6a09e667bb67ae853c6ef372a54ff53a510e527f9b05688c1f83d9ab5be0cd19
551f3e4fccaeef94481059784e78b0fd6a80e3d9b777044f4fa8adf9bf335828
6a09e667bb67ae853c6ef372a54ff53a510e527f9b05688c1f83d9ab5be0cd19
f0cd3e071460080d64993c028da2eaf8379e7e021d0943c96fa93b72ab9997bb
701ba81ee1296eaa62190741a117c74fa1cd968022583632fd55ef71411a3278
6a09e667bb67ae853c6ef372a54ff53a510e527f9b05688c1f83d9ab5be0cd19
e918d26bb2d764764545324ed85d5b1eb786c89c8a4200f24b1a95713feb3258
07c502186b326fba23273a7882f9f7d33d426bf8e676bb4b288b83814a314c0d
6a09e667bb67ae853c6ef372a54ff53a510e527f9b05688c1f83d9ab5be0cd19
6a09e667bb67ae853c6ef372a54ff53a510e527f9b05688c1f83d9ab5be0cd19
5e7dc86d1ad776f9e0de2784f1a56bae192c7720f4d4a483177366e41b586bb3
0d036954ec70f1ece84ff0eab9b8a09696b0e5d9edb4c1091c2733a0640b48dd
6a09e667bb67ae853c6ef372a54ff53a510e527f9b05688c1f83d9ab5be0cd19
a6f560f922f223afd5c0fcb83d7315a36ea23c01a4a05aa80e7ae870bc73f323
42fcb3d2663178488d58dcd0822122811f8837d19047f165b4acad794498203f
4dc6ab86b2d95b1f2b72ed0e1b75e3ca5d332e3b0926805b79f735de26ae17aa
6a09e667bb67ae853c6ef372a54ff53a510e527f9b05688c1f83d9ab5be0cd19
6777c48d64f559b58548f28d74154de76080d75933a923e8afea0317c703695f
1375f8323e08325219fdee43473baa0e1905fad990fdbd9208c77d5a49241bd5
6a09e667bb67ae853c6ef372a54ff53a510e527f9b05688c1f83d9ab5be0cd19
6a09e667bb67ae853c6ef372a54ff53a510e527f9b05688c1f83d9ab5be0cd19
3c11bf10175d0ed74dbce8a6fdc626e093a8efc73309786690060a3dd440120c
eb2e3017e95679590576af2da59343a090294a551a7a8c5210f62c2f9e3d579d
e1aa4be80ab770e97758d235251766c928943651b82b13ae9ba3f57c2b8a66b8
6a09e667bb67ae853c6ef372a54ff53a510e527f9b05688c1f83d9ab5be0cd19
5477319055b03c3da1745ef03fccb7fa73597095d9ad0f93082d92b7718e9ba4
6a09e667bb67ae853c6ef372a54ff53a510e527f9b05688c1f83d9ab5be0cd19
ad7feee6252a60c4bce43b5e14890e1e871815d9e7bc1dd9d9f543a1930cf26d
e6be78ab3aa580602f2e681a9affe49191829ff62e5111dd9661f23be63e0405
6a09e667bb67ae853c6ef372a54ff53a510e527f9b05688c1f83d9ab5be0cd19
dedc0650608ec96feef4d71c6056a451766ffaac7fd5b6d6070098ef0b0c6f08
d650f6c83b49b37723ebde208a00325896b88a703854060acf20d3996bc6690a
6e8f749aa85f1454cff0caf55f1e4e9aabb51a51c5198fba3076aada9d3ca945
6a09e667bb67ae853c6ef372a54ff53a510e527f9b05688c1f83d9ab5be0cd19
af5c88b83a5d31d4b6ac2f11172f23ec317e5abfb862324141a10b4f42a60193
ddb643c15e969bb643406bad819df9da0ce317d6a6edf2566bee82f062c3b9ed
6a09e667bb67ae853c6ef372a54ff53a510e527f9b05688c1f83d9ab5be0cd19
329d16cb1513e3f508bf3856c9ac1a539146d3cd000d0a55ea69055541183b59
6a09e667bb67ae853c6ef372a54ff53a510e527f9b05688c1f83d9ab5be0cd19
6060e62678bc63e1aca8e31dfe1872667989355e59afd8dc4eab389d1e8c5c7c
7c2d048bd76d9140ab0992033cdc188bbd59e204e69ce8160fc66b0199b33546
7cb4c86c2f37362cd7fd6f56d30bc6907d834ac975171695b0d60a9ac2b9bf0f
6a09e667bb67ae853c6ef372a54ff53a510e527f9b05688c1f83d9ab5be0cd19
6a09e667bb67ae853c6ef372a54ff53a510e527f9b05688c1f83d9ab5be0cd19
07b09814aa16c22a01ab3dd1c9714bab3bd186bfcef61f82f81788706f1871d5
6a09e667bb67ae853c6ef372a54ff53a510e527f9b05688c1f83d9ab5be0cd19
58419045e39ca45ff0afcc88f3a144df5c9b0d94d9b11b919359df1c50a80172
efcd7b55490390632faa09b7b16e486bb323191454d47983d4cfac990c7e3ee2
d909c50b521a29debf3a9c305c86709a9f7def51b22b95496dd50b2b94aefc8a
6a09e667bb67ae853c6ef372a54ff53a510e527f9b05688c1f83d9ab5be0cd19
6a09e667bb67ae853c6ef372a54ff53a510e527f9b05688c1f83d9ab5be0cd19
ec587af5a6096bdfa79ea048350ec36ef04dcb99b28516b5ea84ca7892e1abd1
a6f6802f688159a606d177a39b20c81799aedfacf28392954839826dcd94ae00
450c3016e9dc07b6a6da12099cfe6a34b1407ce489f87ac7544f08cf9ee78177
6a09e667bb67ae853c6ef372a54ff53a510e527f9b05688c1f83d9ab5be0cd19
9d682b28ae955292ff0d962b5d03e7a669f3906684b693b2986a17c9dabc45b6
6a09e667bb67ae853c6ef372a54ff53a510e527f9b05688c1f83d9ab5be0cd19
ff8d53f5eec3a5ccff47e091f69da3715626ba55c8535be1d96542692021407b
3ac84977a178a3cece6a62929b5887bcf35fe23e7b0fece1f32f7ea8cd53ef92
418a9e77a77bdce65c87ebde6defcd01c2b242deb838a0ca7274d538e86d639d
6a09e667bb67ae853c6ef372a54ff53a510e527f9b05688c1f83d9ab5be0cd19
2e094f84093701579d3d2b19ae9f2c843a921121c0deb4ade9d492b449d264a9
0abaa7c5c1f964e0c64fe1651ffdb046251ac4f34ae407b6245174a251f1500b
6a09e667bb67ae853c6ef372a54ff53a510e527f9b05688c1f83d9ab5be0cd19
8ddb9bc619238efa9773c930b0465753b3fe58397b75a3c7d706d88e4e17e628
30aed4bd186647790b5b577dc63aca981a0f2f1d81a54aa72169e4f0a5072302
6a09e667bb67ae853c6ef372a54ff53a510e527f9b05688c1f83d9ab5be0cd19
d2ce06f4d58a64dbd37dc1571a5f56d6ba0d648c40ccccd0b2f4db092434163e
ca1fb7cb1a1eed347ec36a143180e0f831960175ff6eb26368cc9736c6312e44
c127769fa59c45c8719b7248cee83d2f4b4c91bb1824a8f5bb5314b30f46f838
6a09e667bb67ae853c6ef372a54ff53a510e527f9b05688c1f83d9ab5be0cd19
bf00143e33178e3663fa74299e85c10c22953f8eea0039264309dc3b4aa30a5d
6a09e667bb67ae853c6ef372a54ff53a510e527f9b05688c1f83d9ab5be0cd19
7d6dc41186c5683fa8b4873594f06271e399a958850a194d2ebda0c9258fac71
85fd102300dcf007126283a1035d42b8dca4e26537f9378e5738ba1c5254704f
30c8b628d6b51583800b7d88ec5826d0fd856cf66d5b122fc1314fbbaa2db6a9
6a09e667bb67ae853c6ef372a54ff53a510e527f9b05688c1f83d9ab5be0cd19
6a09e667bb67ae853c6ef372a54ff53a510e527f9b05688c1f83d9ab5be0cd19
a800a844d7515a9c37c93307f76a600bc79a242dd7cbd7427595861bda9c8e6d
6a09e667bb67ae853c6ef372a54ff53a510e527f9b05688c1f83d9ab5be0cd19
abcefd9104d46b62125c5190f3361dc891618aecf3865ccff0d955c9cdcbf52b
6a09e667bb67ae853c6ef372a54ff53a510e527f9b05688c1f83d9ab5be0cd19
54138dc790e50cb3fb5bba4c46aaedca05d626b9c29153fc1b599559eeb27596
36b85d5368b1a8d18097da25e516e85bc033e234e526dc1c94b6c2451590c051
6ccad5c67a2e679ded83145cc8905fc31ca4c7b2c25fb069983933579b3cf412
6a09e667bb67ae853c6ef372a54ff53a510e527f9b05688c1f83d9ab5be0cd19
5e462dae72f0cd29486166da9bd9ae3e7fcbc81c27be26f85c85c0ae9bc0749b
6a09e667bb67ae853c6ef372a54ff53a510e527f9b05688c1f83d9ab5be0cd19
c2471267de3754bd511a52b60eff17a49344c5229709425fe7a1646138a4bca5
e1ca3b128f140d438be3b5fcdc4cbb4960d6498a3ff81258ba3447d85a2b37b3
182317415bed04e2c7542617e4622e0ffb7632c64ccca8e93d050af458ee843c
ebc28a62c67a1fa8b7a5978e651cdafe15fd4cbb8cd8f89b847581ac0dca9657
6a09e667bb67ae853c6ef372a54ff53a510e527f9b05688c1f83d9ab5be0cd19
ea5b1530e20167ce7ae6a4b98f0dbf0c54d135f1a8c7238d7aa887dbdcf281b2
6a09e667bb67ae853c6ef372a54ff53a510e527f9b05688c1f83d9ab5be0cd19
6bd319c03fbcf7303652f539f8641531be2303252df58b2b2f151b1d19d4f8eb
6a09e667bb67ae853c6ef372a54ff53a510e527f9b05688c1f83d9ab5be0cd19
4b4d482c7281257e843630b5acc8996ffa0fbd220e5ae332cd54c4a9d4430870
6a09e667bb67ae853c6ef372a54ff53a510e527f9b05688c1f83d9ab5be0cd19
0e8acdad1052fef5852b2738090ed11e1a1f587138dfacfdf8b207b385f9fa8f
6a09e667bb67ae853c6ef372a54ff53a510e527f9b05688c1f83d9ab5be0cd19
7e18cb293ef855fea0a54e98017b7982c0e77b5d02ec46b1ed9f2a63e56cf8c0
6a09e667bb67ae853c6ef372a54ff53a510e527f9b05688c1f83d9ab5be0cd19
6a09e667bb67ae853c6ef372a54ff53a510e527f9b05688c1f83d9ab5be0cd19
594281e1383f3b84c6d3f1fcb1a881676a2b062eb17fea384f93e4f174be7f7b
6c142c575c44922b5689661c0315e3e181be7cefdb4814ff5f45e3adf333b4cd
4ccd850b1ffb73d30c99360692298e4548c7298521a2dfa8c564e849a14199a6
9e301bb8edbb21a0ca56cfa4b1ccf589acf6f0fb41ea34410184ea9a70fbe33c
6a09e667bb67ae853c6ef372a54ff53a510e527f9b05688c1f83d9ab5be0cd19
6a09e667bb67ae853c6ef372a54ff53a510e527f9b05688c1f83d9ab5be0cd19
58bf2db930447cf964c45de80ccc73f822db63b829d3027155c001f31705e6c0
fb1ccb485546a4d96721fb4aed99b39020eeeb8fcf31175e53390a8e829d92dc
6a09e667bb67ae853c6ef372a54ff53a510e527f9b05688c1f83d9ab5be0cd19
3f64195ef1966128a6ebd2f6904383439f6ccc44686910f79a21dec47b73a3a5
6c42596e399a7e7c98f3bb825bfdc3ae5ca9cfa00f16b71b2852a60e47a42701
4a0718eba36b3dfe68c0ffd47c304ad6fb694349ab597c93bf3ebf1583efcf42
6a09e667bb67ae853c6ef372a54ff53a510e527f9b05688c1f83d9ab5be0cd19
f3ae83f87b058274bda217b03164955c61eb940c918d547106ae6fb30e219967
e07a3915861d0e9c90fa68fff3d9196e6b78c2a2b54103587ca3697f58558417
241f69419488a50933896c541d6372fec54f93df567eca7dd116647344cbde1d
6a09e667bb67ae853c6ef372a54ff53a510e527f9b05688c1f83d9ab5be0cd19
0a402b93ca1f98ae329f9b4f988dcacfbbe90b08d004f086a354e9aa117f3dea
6a09e667bb67ae853c6ef372a54ff53a510e527f9b05688c1f83d9ab5be0cd19
c4c98ade956fd87106e52d902cbfe1a3015f86425fdd95734b702a5215e8091b
590d0a77f99d08d82284b8b5e7de964b1e65598d908e2f0343adc6e8097461fc
6a09e667bb67ae853c6ef372a54ff53a510e527f9b05688c1f83d9ab5be0cd19
29fa04d569a5829a9763b5eccb538b2c75439f60b49356c4c067576db6fb8c81
a9e107e2480242b1ace76141ff6b22742938fb98f4782628d173f3c23edcc29d
d7386193f9ca1ccbd5b56a37ecb4d20c9b304ce22e835b3668569bb8d99b0e12
d192813bfae85e1774321dc7395d766e816e296ae864d57792510f26dac59499
6a09e667bb67ae853c6ef372a54ff53a510e527f9b05688c1f83d9ab5be0cd19
bc24453f9646d3fb00fa69e37ca3e80213cbf3164aa7bd32ca7aec086afe11dc
4cea98122de34d5307aeac452bbc5b57189961949fb8ca1bd03eb1b9de73d35d
1a0d017ab942c46176b09089ac5a31422f2c2ab68e5feb11f65f4194781b7558
6a09e667bb67ae853c6ef372a54ff53a510e527f9b05688c1f83d9ab5be0cd19
6a09e667bb67ae853c6ef372a54ff53a510e527f9b05688c1f83d9ab5be0cd19
89064d337722c7ff3ae26d5b39c0fcd7939243e72ef71b2f6c9e427a9f513c36
4cb0b74f6875e7ceab7416588b16d59b897da86536c6a3e3b75f665e5a5fc416
6a09e667bb67ae853c6ef372a54ff53a510e527f9b05688c1f83d9ab5be0cd19
69582ab3123c1f1dc6d9a7ac03cab2568e3a6b15d8d4736620ec2af1f3854288
6a09e667bb67ae853c6ef372a54ff53a510e527f9b05688c1f83d9ab5be0cd19
4729a7c4ce7e346f21927705ef51e2e01a129065815c0645fe0757ca494db27f
dc8efcc88995fb933beb6844434d512958f31f2795ca16e10ee21e0d8afc085e
e862c2dd54391eee2c85907622d38c4647d1376310a85210f63f4232998e906c
6a09e667bb67ae853c6ef372a54ff53a510e527f9b05688c1f83d9ab5be0cd19
6fe243e372adc6ce8292a6329a4346bd11435d07dbe09875757731a3e2396bcb
bc67b1fd3dbe3fba5df09749afd7559508bc77970eee95094331344aa848d672
170f312a7acf980883c11b84145225834e4df2dd6c6476695b502d64680e1b19
6a09e667bb67ae853c6ef372a54ff53a510e527f9b05688c1f83d9ab5be0cd19
3c22cb5cdf76cbffc5cdd5c97d8a3600eec9ce839bd5907b40ef331ed974c945
c5ed0478fa815a07866d1660e68b1bdea3d9a874a4e9d6f3bd9dd60897b27ee6
0ea3ed705eebde090dd2a037e07d6fb75ef4b76e2dccfaa13976c7b0184d3bfe
6a09e667bb67ae853c6ef372a54ff53a510e527f9b05688c1f83d9ab5be0cd19
6361cffc0af6193951ac9f7dc79bd497ea8b9d7d4fd16d957af83c375b735623
6a09e667bb67ae853c6ef372a54ff53a510e527f9b05688c1f83d9ab5be0cd19
31d6bea946f8741559fd25dc871055b1b292e9abf3f8aceb5bc6f02dcd36bd70
6a09e667bb67ae853c6ef372a54ff53a510e527f9b05688c1f83d9ab5be0cd19
6a09e667bb67ae853c6ef372a54ff53a510e527f9b05688c1f83d9ab5be0cd19
6cbe0e677e8943c583d2dafb943837769488bcce9f082a2745e215b57504b752
79ed11464bf3242182a0ce306f2863145930350846dd025e5555b1d4ac078b3c
6f5de90dd4fbaffecf59d372cfb1081193f3c2011450221f2694bd8f719ab535
6a09e667bb67ae853c6ef372a54ff53a510e527f9b05688c1f83d9ab5be0cd19
54d331602ceef4b648f8aed97f8c90b77f6ce3f182424a6c34a7e3d02e36499e
6a09e667bb67ae853c6ef372a54ff53a510e527f9b05688c1f83d9ab5be0cd19
8949e238628e1170d582a79b734329a0f02696a716881450611c59fa566ad3c1
6a09e667bb67ae853c6ef372a54ff53a510e527f9b05688c1f83d9ab5be0cd19
6a09e667bb67ae853c6ef372a54ff53a510e527f9b05688c1f83d9ab5be0cd19
8b63ce7a21b868114ea91fb0a1213a437b3a2d1a4d5b65c7ea47dff36121fca0
493335e7996d07249524353e004dbeae589ad6b9d1e9a23fdc8b353257a82a5b
6a09e667bb67ae853c6ef372a54ff53a510e527f9b05688c1f83d9ab5be0cd19
6a09e667bb67ae853c6ef372a54ff53a510e527f9b05688c1f83d9ab5be0cd19
6a09e667bb67ae853c6ef372a54ff53a510e527f9b05688c1f83d9ab5be0cd19
48b1b6874179bbdfa85fc2eb4cc55c0d7b5e91670e83e51a1326542011262817
83b181d44444aa9472f8448d9a0fb9d4dcc949513c57fe8bfaf45ca78d435aa2
43edfdedce00437fcb7792b8c213522e514312641c65f699bc17acb469c90b7b
6a09e667bb67ae853c6ef372a54ff53a510e527f9b05688c1f83d9ab5be0cd19
04d663423a7a2c4c0d0d8db6b566c3fd1450641ee81e6640e868735c78c4f8b9
07351a5b2163fec9dcbd977a20abe3476d49e728f52352f23a7c92f6dcd415f7
6a09e667bb67ae853c6ef372a54ff53a510e527f9b05688c1f83d9ab5be0cd19
ed0c65da088241c08ee6889df586325074a6ea413f14cad627906f89e0c3d38a
2dcf423ab51ad18d28b3cfb204d758c7ec2f4b852918054dce2eadf8ac925dea
c33db767e7a2c116b27b45846cb7ed3ff0aec0923db4b5d443489aabfbd16c0f
6a09e667bb67ae853c6ef372a54ff53a510e527f9b05688c1f83d9ab5be0cd19
6a09e667bb67ae853c6ef372a54ff53a510e527f9b05688c1f83d9ab5be0cd19
b798285e89867e118f228d061f84a0e25a8e7f59dc74227d090b9c8d5b1101de
b73674194f2b8208e49a2c169bd226915056100ce84a6d346cc7b1c9c8b63458
6a09e667bb67ae853c6ef372a54ff53a510e527f9b05688c1f83d9ab5be0cd19
f3501afa129ba4e38e0649d52d8cb64c18ab07b62ec14d25d0b1f2594c80166d
81dc45eea04191ef2bbabbb56c4fa68610b2bb9e2adc744112f3703ce6a4d566
51b76388e1906f4c4dfad977ea35683150fff266b1351fb858b9968021a498ca
6a09e667bb67ae853c6ef372a54ff53a510e527f9b05688c1f83d9ab5be0cd19
6a09e667bb67ae853c6ef372a54ff53a510e527f9b05688c1f83d9ab5be0cd19
6a09e667bb67ae853c6ef372a54ff53a510e527f9b05688c1f83d9ab5be0cd19
6a09e667bb67ae853c6ef372a54ff53a510e527f9b05688c1f83d9ab5be0cd19
018600263e14e212e45d60858e52ef0f045f9acb8b667af7b570e6d864163f34
100af9b0429a5d36bd26c8e655c2f31e4fedbc1564ef06de09fcceacfa404228
6a09e667bb67ae853c6ef372a54ff53a510e527f9b05688c1f83d9ab5be0cd19
6a09e667bb67ae853c6ef372a54ff53a510e527f9b05688c1f83d9ab5be0cd19
6a09e667bb67ae853c6ef372a54ff53a510e527f9b05688c1f83d9ab5be0cd19
396db76862bd38496a00b11d0e8b177d0060d2f8a7d64c3281bdaf3339379b4d
9430e74ce00c3c5104081efe2c22947688c7fde693f2719322ccf27e891e03ec
6a09e667bb67ae853c6ef372a54ff53a510e527f9b05688c1f83d9ab5be0cd19
6294987864caf8b6119573beb5b6e96084f4d68b1c9dac9eac4de6315d177c52
a011ebe9def21a5ba0152c816712a01ec130d235db36228326acc12bb26e1602
272603264bafb0977153b907b9c96888b9c87017d8ff4d9ec3837e0645f67205
6a09e667bb67ae853c6ef372a54ff53a510e527f9b05688c1f83d9ab5be0cd19
cef4e0c6861bab23ba6b769179ecd571e4f34012ef11fbb2638bcfdbfbe15806
f2ca4caca13a1f821d85ada0b0a452adf43b506a2d1ebb15746115f968d15354
a1f521b472590d928ccb6202742960c7dbeba00d1813da325092f310dc0d3aa6
6a09e667bb67ae853c6ef372a54ff53a510e527f9b05688c1f83d9ab5be0cd19
54dd405ac38565ee4074c9b9ec8c73a2e704937513c2ca693425b3789936ae70
6a09e667bb67ae853c6ef372a54ff53a510e527f9b05688c1f83d9ab5be0cd19
6a09e667bb67ae853c6ef372a54ff53a510e527f9b05688c1f83d9ab5be0cd19
6a09e667bb67ae853c6ef372a54ff53a510e527f9b05688c1f83d9ab5be0cd19
0c00556ae36bd76efae3a30de662a9846237e40f422fb70e5ab30537f73a4925
6a09e667bb67ae853c6ef372a54ff53a510e527f9b05688c1f83d9ab5be0cd19
1fcc878795e330f2063f17712a4d7a086f91dbfffdcf793c9015215770bb981a
1abb1a3ce01f07a2e68a0dde025defbaecbccdab8e27c9e60e9b1948a51c66ac
6a09e667bb67ae853c6ef372a54ff53a510e527f9b05688c1f83d9ab5be0cd19
6989fc4f69c02394dc21ba96fca8c298de1251d8541342a9331670b5bcc22592
6a09e667bb67ae853c6ef372a54ff53a510e527f9b05688c1f83d9ab5be0cd19
38bd73940c659613984ae48aaa9601259605df46124b7d1bd83abcc04bcbc8d4
9277ae14f9a36a6ba719a0cc80d7668a260c9b8c32af26e88c18ee3ff58c26cf
6a09e667bb67ae853c6ef372a54ff53a510e527f9b05688c1f83d9ab5be0cd19
443765671faae0ddf3bb2008948cb29b9a444d07d0f2559bf047f3cc818c28e4
6a09e667bb67ae853c6ef372a54ff53a510e527f9b05688c1f83d9ab5be0cd19
e5476ab3e6dccb68f425e8910e99b8df7af15f28e5574858d6e52321b115ff30
b83275a4a0112f9b714eb33d0abcde4d686400054697fa67365cf7bddceb79f8
1b5646e96ff27e65ce9c1b9aa5c333c684199bf2f850556d9f3c0c552d9b3fdf
8aab74e3d41b79fdbb76a1b798803f14b1f2dae1e748f93a6036dac4ccf228bb
6a09e667bb67ae853c6ef372a54ff53a510e527f9b05688c1f83d9ab5be0cd19
6a09e667bb67ae853c6ef372a54ff53a510e527f9b05688c1f83d9ab5be0cd19
3e435379b75a5374282052010e5948980bfbe2f515954927872efb2bfd7283e2
6a09e667bb67ae853c6ef372a54ff53a510e527f9b05688c1f83d9ab5be0cd19
098bd92d1dd25c9fad5b540d592ffd35acc9cb55976f4b4aea7c9b7f236d0fcb
7968e01398d24afb867e2d725a8785d9d9ee47f71ba4e3701eebd55d6e4c9bf4
6a09e667bb67ae853c6ef372a54ff53a510e527f9b05688c1f83d9ab5be0cd19
3ea753f552a3a6eecb02d12ef73365b23c519d179137affd5f1f19704e279ee1
c52d616d4b041ba21f07cc0a030553ea4b6062ea9dd39437bf6a241523a68b91
081a7b5f6a2709de30c17f53764a522fce39dac2551176a37774508225ea4de7
6a09e667bb67ae853c6ef372a54ff53a510e527f9b05688c1f83d9ab5be0cd19
6df05a4860c4f76b6f899dd394cc52cec0634368d0b888fcc95ef7c797367503
6f0a4c5aabf2c9f573ac352358279d20bbbf793ae3aea7b1a9701ceb9db8bca1
6a09e667bb67ae853c6ef372a54ff53a510e527f9b05688c1f83d9ab5be0cd19
6a09e667bb67ae853c6ef372a54ff53a510e527f9b05688c1f83d9ab5be0cd19
0c608a0289650ef71ed4fce21bfe75a06a758d6c4fbb2456b7baf6ba39a7447b
130ef60f716ea69ff0480e62d9398496616506c3f10afc90093dbe78a5dd5461
6a09e667bb67ae853c6ef372a54ff53a510e527f9b05688c1f83d9ab5be0cd19
960da63b58bfc802e91d3163626ef50d7bfa613da21921dae7feaee18e45468c
cdbea13d9bf93fcfb401e6a602d05081ca463662114b7a897603dad752d89c04
ea94e05e9e98f8fd974d3c4a223c46dc7347ad2cbc8389e6b08696997bce14ec
6a09e667bb67ae853c6ef372a54ff53a510e527f9b05688c1f83d9ab5be0cd19
6a09e667bb67ae853c6ef372a54ff53a510e527f9b05688c1f83d9ab5be0cd19
bb7f03c82bee44362576dc9351ac3967c569c659efcd53940530a8682cb8937e
1e4b8c9c89893f4a17367ce4167faea2714b5d8f56fd55ee3eaf8cd155b25c21
6a09e667bb67ae853c6ef372a54ff53a510e527f9b05688c1f83d9ab5be0cd19
1331fcb2bd19a373285d3cce627ebf5098230011fd025a4effbbf7e7117d0cc8
f178ed34e6ced5eccef69c7673df5dfc341973b2ce74f17870097021a440d031
6a09e667bb67ae853c6ef372a54ff53a510e527f9b05688c1f83d9ab5be0cd19
97035091ed885401401bef06401b9b8944825603cd9effd01e5e347a542668da
0b3de320727d1a7869eb3366e2d413725f0a87e750259c581704cbe422846a08
2b36373ab1bfeb1c1f48e76a6aa45477e25b524ac8373a442856a79ac3c43a4d
6a09e667bb67ae853c6ef372a54ff53a510e527f9b05688c1f83d9ab5be0cd19
8994f54ff52b16e235651fc916d7fc4c8cdeed5d1c934bd12e78f107a2c12474
6a09e667bb67ae853c6ef372a54ff53a510e527f9b05688c1f83d9ab5be0cd19
f350921623d15e9ab84b7d7ebedb8e6f29ea0469e672a42117e908ae3d025e2a
63ce413efac58ff6ad4236d4299fa42fe75c5511e2d7f3c39165740691b848ac
6a09e667bb67ae853c6ef372a54ff53a510e527f9b05688c1f83d9ab5be0cd19
6a09e667bb67ae853c6ef372a54ff53a510e527f9b05688c1f83d9ab5be0cd19
edc7a503eba3c65fefcf6dc0fb624201c16d2947d2349a08898d5cbcddd8316e
2fdc54058833a33b18ecf8aa31cdbb38ef5cd87e4ede44366358508c9d5f4954
75fe0e7dc93feaf44a1fa203b628c8b9a0900a39c4c62cbbc48060c1365c4b90
6a09e667bb67ae853c6ef372a54ff53a510e527f9b05688c1f83d9ab5be0cd19
9c815ac295eecea47bd577a4659bb294d5781257d7ff498e9a13cda12de985b5
133ecc2a1f24634af3631c40b052b541dd89982ef33f6751898727e99fdcfde0
54839fc0d4128206a2a89cbee351208e80b03e9723633cf03c3c866dd9fea81e
6a09e667bb67ae853c6ef372a54ff53a510e527f9b05688c1f83d9ab5be0cd19
96718e239198295ee68e6da4794d158e4415d33489af9fb64f67cd887bbccf4c
f4c0da7b7237ad2ec6046787a5682161e0281fbf03d2a2afc5258e28e2f624eb
6a09e667bb67ae853c6ef372a54ff53a510e527f9b05688c1f83d9ab5be0cd19
eb80152f9ee41aaf295e760903f9084382e2e19a354f5a303dd98c8b49908575
6a09e667bb67ae853c6ef372a54ff53a510e527f9b05688c1f83d9ab5be0cd19
406ecf5acdc855fabd68b59b4ea27f2715818a4077518e180e969b7638285635
6a09e667bb67ae853c6ef372a54ff53a510e527f9b05688c1f83d9ab5be0cd19
6a09e667bb67ae853c6ef372a54ff53a510e527f9b05688c1f83d9ab5be0cd19
6a09e667bb67ae853c6ef372a54ff53a510e527f9b05688c1f83d9ab5be0cd19
5c1b9e3b3280e7f113aa634ea14ce05d8816a695ec33febda66aee5d572fbfe1
68c017771adc187a9cc4e9fa790380597878b4e120e81369532085e758075dfb
a957735696ab1d19b1f42a12099c8cedc707fb9a4cda02b0218596b45ece2af0
6a09e667bb67ae853c6ef372a54ff53a510e527f9b05688c1f83d9ab5be0cd19
325280f988a76d86d021fcd5be8eeb4d8b41d77f797ea2844990a8600f4c20b3
1c05e2a7377c199e974d42c2f2ef968510a5ad90013d6d653073e4447ce34664
6a09e667bb67ae853c6ef372a54ff53a510e527f9b05688c1f83d9ab5be0cd19
6a09e667bb67ae853c6ef372a54ff53a510e527f9b05688c1f83d9ab5be0cd19
4ca08064740399bc527d66f9d5fe849231a755721e168d31820025e4f9191223
6a09e667bb67ae853c6ef372a54ff53a510e527f9b05688c1f83d9ab5be0cd19
6a09e667bb67ae853c6ef372a54ff53a510e527f9b05688c1f83d9ab5be0cd19
6a09e667bb67ae853c6ef372a54ff53a510e527f9b05688c1f83d9ab5be0cd19
b096736948fa086493a009243cd38215d9b11066db06f79b97b4a381f8a33528
6eae638030c64ca7f283000b557a21c6cb3af513ee9ea91286b92259b2e00463
6a09e667bb67ae853c6ef372a54ff53a510e527f9b05688c1f83d9ab5be0cd19
6a09e667bb67ae853c6ef372a54ff53a510e527f9b05688c1f83d9ab5be0cd19
a2ee9bc35707f01844c60f0a150ac48295128eee51d8c14018b83a675e6b2261
8c1c44bd350949206ac5077344e49bd6d197309ebf3f39702889a84f514ac0b4
6a09e667bb67ae853c6ef372a54ff53a510e527f9b05688c1f83d9ab5be0cd19
bea13f7602e92ac328ae1a7ef0f925b50fc31ea9aad28e3a418ad5c6f320a31b
6a09e667bb67ae853c6ef372a54ff53a510e527f9b05688c1f83d9ab5be0cd19
3c4ad191981b8c7701a4c3eeee1f8b2913461bbc5176964e19de893122c3b255
6a09e667bb67ae853c6ef372a54ff53a510e527f9b05688c1f83d9ab5be0cd19
6a09e667bb67ae853c6ef372a54ff53a510e527f9b05688c1f83d9ab5be0cd19
be41c49b6d59ec53159af458ab6251de6f6990f53c849cb4d934753950988e49
699f4f7bedfa4a500eacfa738a94c4e61cbe530dfcf9eebde9461b1d81e21764
088d6cbe98c7336fe7625101fd595da35173f5dcb169afe1e21f1da7d8f70e55
b4a4c6433e360b6984af9ec4293ab5b30901fed2fc1ac7be8dae2338b19384c3
6a09e667bb67ae853c6ef372a54ff53a510e527f9b05688c1f83d9ab5be0cd19
723c85e8e18df56eee368221684f4b275c1a3ab654a599468b8d78cd4c85cdea
6b719dca8d12df35ad89957625f2b1e961723e027134fd8604fb374e1d4ce0f2
6a09e667bb67ae853c6ef372a54ff53a510e527f9b05688c1f83d9ab5be0cd19
6a09e667bb67ae853c6ef372a54ff53a510e527f9b05688c1f83d9ab5be0cd19
6a09e667bb67ae853c6ef372a54ff53a510e527f9b05688c1f83d9ab5be0cd19
78abbae9021b7e1df3473daddf60967b69a5b573e15147f5ce5d708d3710c50a
e885d1dfefdb7e11dca58a8bd4fdf9fb699cb7871270d01a781ba4520df1dc4c
923657d91e4cb553a69599ee023d7e01cef64370a80c7b7c86436c7ddf7b4b0d
b6ace8059c05036befc74b4a54d2d18c66af8a6407c0b9c4ae7e0ff6df8071e7
6a09e667bb67ae853c6ef372a54ff53a510e527f9b05688c1f83d9ab5be0cd19
6a09e667bb67ae853c6ef372a54ff53a510e527f9b05688c1f83d9ab5be0cd19
b401e841d86652aa7eef13912ff87a74bdc13e35416226a7a9927e73fd807fba
1040d1e20548b28924d23eb59717278c32873966ec32da9f3bf6d578d861b131
6a09e667bb67ae853c6ef372a54ff53a510e527f9b05688c1f83d9ab5be0cd19
6a09e667bb67ae853c6ef372a54ff53a510e527f9b05688c1f83d9ab5be0cd19
933e0f34543ac15e6ef9cfd3ea03fea0cffce8cd13f452e6b6630f2383559bd8
4094ca29a7b54ec6d4e7211e8575cd17114875a0fe81633c3d67ec52090f7cf0
6a09e667bb67ae853c6ef372a54ff53a510e527f9b05688c1f83d9ab5be0cd19
5be7d4f9aca7908db78e2ee4105fab36754bfa64d785e09853a408f477e5e666
6c3498c97e67811042b607ed67d4537208f764f4a107661312426f4112b79f1c
6a09e667bb67ae853c6ef372a54ff53a510e527f9b05688c1f83d9ab5be0cd19
f8dad3e31eb8bcf84d15eb0f98801bacf8a12173cb84f53dbc35ade0c4c347c2
c0bde52d739d8d7a5824fa04b6b7933b5d510cfb1832b6d149e2afaf40222059
949de65fe35b7152ffeb86bf045c0dc9d640532c4c0a7c31f821bff1a7ba2d40
6a09e667bb67ae853c6ef372a54ff53a510e527f9b05688c1f83d9ab5be0cd19
a29973498049ec498f6ea3ae7edeba6ceb835071b652353cd984aa0c94d6baf1
606844ba901040019c9a11afa33c6d4b94fa0dca35e7cc95341b58d53d34d3bd
ccf05f76a64d578f6f71862a7de63bab4c24a38a8a8ec1f3e11d79d8f7277b67
1f8be3939f8a4ac0b785f138599e21f2a761b1ec32fe4bd27409eef1eecf084c
6a09e667bb67ae853c6ef372a54ff53a510e527f9b05688c1f83d9ab5be0cd19
792228b9e469fb82829d82f59bb471ed12aaaa6f81ebe4ceb85e456c3e42a388
6a09e667bb67ae853c6ef372a54ff53a510e527f9b05688c1f83d9ab5be0cd19
6a09e667bb67ae853c6ef372a54ff53a510e527f9b05688c1f83d9ab5be0cd19
6a09e667bb67ae853c6ef372a54ff53a510e527f9b05688c1f83d9ab5be0cd19
4c1cc840944760d5fbdea72227f97152221793fff7f8cb40e5da13fb7ae74d9a
09a6186c5c9f95b550f504e62aab797b7cbfd154dfe82f945ebe381e842d1a55
19e44a085bec6295967f08c4319eff9a61d656ccd00c754a447d532176b8c0c2
6a09e667bb67ae853c6ef372a54ff53a510e527f9b05688c1f83d9ab5be0cd19
9952580d75f60937122bd35553f109dfcc6e6fd3987df64b376955b10d0e1bc3
1ea650b308c561a0cc3e6bdb7e4000050483caf5c4a0dc53644feed76c024346
fef7c82de29fe7563c626fedddf5d44f5f3ef75adae27ded0c8fdd75132fe1f9
6a09e667bb67ae853c6ef372a54ff53a510e527f9b05688c1f83d9ab5be0cd19
6a09e667bb67ae853c6ef372a54ff53a510e527f9b05688c1f83d9ab5be0cd19
d353b94693c6d10068fef7d4f261e5af91c6a74f077faa5e5ed5bfa9ece8ff62
6a09e667bb67ae853c6ef372a54ff53a510e527f9b05688c1f83d9ab5be0cd19
9d90515c4fab24df2e2b9a68c4908ec7d82987c3a549e9c66815d73ac41e8376
6a09e667bb67ae853c6ef372a54ff53a510e527f9b05688c1f83d9ab5be0cd19
e9cbab62af17f8eede3f2e76d17492e450e74a81616c49a4010579a7affaa016
6a09e667bb67ae853c6ef372a54ff53a510e527f9b05688c1f83d9ab5be0cd19
d69c55ea834cf1e1c5bb5520abf057f9b49cf61de71de34c4a4b5f9778ea315c
cab8080f0744250428b666e1d3470e6c12ef2cacf8ce1ad21246979157dfbd0c
6845fd2aab51f3e5b8808ec7dc3cdc1b676d06d28a3f06c1f2c2f0b12bb4c6e2
6a09e667bb67ae853c6ef372a54ff53a510e527f9b05688c1f83d9ab5be0cd19
e40fdf353003ed121b9938c528620c06b46295ab9bbb565395e9227b1cf8b37c
6a09e667bb67ae853c6ef372a54ff53a510e527f9b05688c1f83d9ab5be0cd19
1b0e514a7739661ed650a77dcaad67ae826793b13220d47b1904f54c737a9bcf
bf32aaed007e6905ab945ddb83ee08398238eaa5ea4fffbe494fe1df78240433
a9f3c14c5e11317506a2f0ffaadc22843e0262b30665119695538696e984de62
6a09e667bb67ae853c6ef372a54ff53a510e527f9b05688c1f83d9ab5be0cd19
6a09e667bb67ae853c6ef372a54ff53a510e527f9b05688c1f83d9ab5be0cd19
fd764189b822266957b3bfb08c1b795460ff7877f067d558fc80493deb71444c
719806a3108f244d62004b3dc3da5683b38fbfd34860e4f2bfb6b58f83d49094
afdf2e3434146430d75fd5083c13936e59698dbb3ae138730692cfc459e94da5
6a09e667bb67ae853c6ef372a54ff53a510e527f9b05688c1f83d9ab5be0cd19
c00edf47d2d6cea7abcba6bb8007c888da55657079bceba363d4f98bb9062f0c
6a09e667bb67ae853c6ef372a54ff53a510e527f9b05688c1f83d9ab5be0cd19
ca6be2309fa7b7794d553ceacbe5c886200ed9a1183b89af3d901c67dabb2d60
6a09e667bb67ae853c6ef372a54ff53a510e527f9b05688c1f83d9ab5be0cd19
3215b985919ab1ccbc8132a058328bdbdd3e3eae361ffd416771a31382e9cf5a
b8688b5cfbf02ba3db6609661fd85796a0057d6988757f0894e4dd2acddd18b8
025f7881b8ff001cbba30cdff6c1d9b316fc575202075ddb2323b6da3f5852ae
0a0f54385bf965b13333d712f0ba14b7e820fd27fe40c1e1d2d1d5cfa831f584
6a09e667bb67ae853c6ef372a54ff53a510e527f9b05688c1f83d9ab5be0cd19
2f5b17c65eb1b5f2d5a2feb1ef58664136d21c53357466c034e6237c4605d018
749335ab3c46d96f424d8d2c205a83a92d61d49db7ada44d895918bf2152c7a2
6725bed2e2f16d9f433552f582650151df6ba64cb7c0f8cd648f52340c455d1b
6a09e667bb67ae853c6ef372a54ff53a510e527f9b05688c1f83d9ab5be0cd19
9d5a4c4331381a66f3ae885697a6d600d2bb1aa691f2ae99b2e5dcb9fc56536a
6a09e667bb67ae853c6ef372a54ff53a510e527f9b05688c1f83d9ab5be0cd19
6a09e667bb67ae853c6ef372a54ff53a510e527f9b05688c1f83d9ab5be0cd19
ea8f1b71810e83dd9437e63359702156b57ef3aba9d32b28c75ea96efeacb14e
6a09e667bb67ae853c6ef372a54ff53a510e527f9b05688c1f83d9ab5be0cd19
87cbc9232cdc5c670990bd1685a4f61d5e2fa55a994f563ec3f169e38bde9cde
6a09e667bb67ae853c6ef372a54ff53a510e527f9b05688c1f83d9ab5be0cd19
7e204a2de35c16f41a579c6b18f14185252c9ae3ce9b00ed5026ad9ce84179d5
6a09e667bb67ae853c6ef372a54ff53a510e527f9b05688c1f83d9ab5be0cd19
6633af95b92197f14998a86c45b448273ddf121f0fc8fee494719d29afb595b4
46b232173f34616d331ccb0afd9f9fddac9bb7c8b4208994d7b63a98d284bbb9
6a09e667bb67ae853c6ef372a54ff53a510e527f9b05688c1f83d9ab5be0cd19
6a09e667bb67ae853c6ef372a54ff53a510e527f9b05688c1f83d9ab5be0cd19
ff4b61b2f3a6234076a0a6e9f82fff87fce515967c872b393f6d373cd58f34a6
05a8332cbf2eb89cd51a72d4c718858c2fa74e6278ff5de80c4c67e528c51a7b
6a09e667bb67ae853c6ef372a54ff53a510e527f9b05688c1f83d9ab5be0cd19
cccdec36aa2249a00554adcf41071f045b88884ea3f3e7a3ef278c486ff756c9
88e991f62a5a7faebf0d1638b4c358022fe94e9a2c133922334c0d4272416b0d
44a1b6cdda823939b6b341885d6d3a7a7d353fd8a085fed163bd9c0e0a84e62b
6a09e667bb67ae853c6ef372a54ff53a510e527f9b05688c1f83d9ab5be0cd19
7878b05530517d244df07cee2579e08502506f43a658fcbd145a09bb23d76dac
107729bb36aea6c4d5261aae53d20ff0631447b99a5ce3a008584aeac9324f92
c82f0ca6906f10ef5600b4905e29205a6a0dfd5cc1085777a887553534bf1197
6a09e667bb67ae853c6ef372a54ff53a510e527f9b05688c1f83d9ab5be0cd19
14583e10fef6fe3dccb5212f8e041027c307a4cc4639ab746c9d9d698ec7f6b4
a02b3806e7dae9d00495f2e7f513ec4ef6a03192c3a82fa16c17cb8e01a80b52
b78b6cfd61a14bd08d7599d148f8233be98575591b7fae5a12b3785d417049eb
6a09e667bb67ae853c6ef372a54ff53a510e527f9b05688c1f83d9ab5be0cd19
6a09e667bb67ae853c6ef372a54ff53a510e527f9b05688c1f83d9ab5be0cd19
cd209b18aa336b05ab2f7886b80d02c1fa8b3e1d2a1dc4d8245ecdd27ebd8876
6a09e667bb67ae853c6ef372a54ff53a510e527f9b05688c1f83d9ab5be0cd19
ab80edb0fe00e73c9e2ecc1bc0e854b15a296db7041fef34e0d8af6ad34967a2
c8ab4a8f715f620c18c15cafe178e9353505a6006cb7896e18a64a7eb30475d0
6a09e667bb67ae853c6ef372a54ff53a510e527f9b05688c1f83d9ab5be0cd19
3d20688108cabcf8122f4aadc10b7790cbd040ef2f19891aedb7aef1cff6072e
6a09e667bb67ae853c6ef372a54ff53a510e527f9b05688c1f83d9ab5be0cd19
2cab07a0e1e77d0096dba474812a9e8849495124326a0be6cef8ce4f83a3c60f
61e04702cab0da64c95d4eea474d35b4a39f16cb94363fffaeafddb36ce74983
05ae14aec13632df5fc6a64074db03f184a0f3650da5cf8b099b590b4de881ad
6eefed158eae3a26834d38745b52c7b7722e4c651eb2d316a63e15add9753c40
6a09e667bb67ae853c6ef372a54ff53a510e527f9b05688c1f83d9ab5be0cd19
30b96cf5e52911ad9b8809935ad023141a202a2a5d87be3fd5fc6b7ee960ad9f
2d852f37eb6e8455f3bcb290572ce687f6c2ea8d642741189e34259d718cae32
664e73d2b52b59cc04d646d96b9f822252da81c7861695056a3f991d8200b62c
6a09e667bb67ae853c6ef372a54ff53a510e527f9b05688c1f83d9ab5be0cd19
31dcab150a566a4d60aa86e98173faae518399772c16b03de35c3ede65eb0fb7
26564c2c3f04758728aed984d5ed458a053f9ff83c656d0dc20239854369b32f
5b66fb3aed03f4e08a0789208daebaed68f98031c44f2138dbdf70236f9e6c67
6a09e667bb67ae853c6ef372a54ff53a510e527f9b05688c1f83d9ab5be0cd19
0b2376057dc5e5fd5e6df654cfab8a01cd073d49df1efd57223867322f6f16ac
4692fc14e1eeccceba6bff5f5e724ec4339301a0d6a2d54ca0a67fc8e9eefc7f
6a09e667bb67ae853c6ef372a54ff53a510e527f9b05688c1f83d9ab5be0cd19
57085eb86154436cd39befd11c931c8b5bd7ecac15e806bb640ab908105236da
dd5a0ff7363fdc6176875b5f7690cf410fa76095fd964e10050f89bf1439e720
8411eb3644460e44a754145521c6988884ad2ba26b111e9e873f154345abeabd
6a09e667bb67ae853c6ef372a54ff53a510e527f9b05688c1f83d9ab5be0cd19
6a09e667bb67ae853c6ef372a54ff53a510e527f9b05688c1f83d9ab5be0cd19
31470d42d1026179b957c19ed8417f479ad997d866ee85eb52b9cfb0e290fd44
930be5c0c5efda99e0e97c30c55014e59f3185443fedfccaa9cc29804c4b645c
6a09e667bb67ae853c6ef372a54ff53a510e527f9b05688c1f83d9ab5be0cd19
7b05fea5fcdd724be3669d570fcd9df7d08e3de8c5e48b782ebc9c8e999836a7
6a09e667bb67ae853c6ef372a54ff53a510e527f9b05688c1f83d9ab5be0cd19
95d1f02f99f6d8d550a99213292e801ccdac7b51d2c5be9b1a3c144b795734ba
6a09e667bb67ae853c6ef372a54ff53a510e527f9b05688c1f83d9ab5be0cd19
6a09e667bb67ae853c6ef372a54ff53a510e527f9b05688c1f83d9ab5be0cd19
7a16aaf1db45dc977e326eca908b30adef3f11126089c719afba3b6443458d9c
969b5626569f0f93a6871b051ad242e0f4b4458162c16e45a95d29f74e56ee64
6a09e667bb67ae853c6ef372a54ff53a510e527f9b05688c1f83d9ab5be0cd19
c39543c58334c822c21f30084cc3d9abb24c7d4ed16e1d1921fcdf54ac2ec6f3
b7173304f3b09d6dfca63f3f910209fa8fa44c017aa2c8675b721b3a6e59cbdb
75d6f655212eff64d50b6f5b729dc4bbb59f7f2af4f042c78abcfd03f37f8e4d
6a09e667bb67ae853c6ef372a54ff53a510e527f9b05688c1f83d9ab5be0cd19
3f08dcb8abbbd3fb9ca20ca5837b6c05b761cfb76b3188b3a22518566544973b
6a09e667bb67ae853c6ef372a54ff53a510e527f9b05688c1f83d9ab5be0cd19
d73554339257f67ccb665015773472fd41b902974a968ab4c7afb404eb64e494
6a09e667bb67ae853c6ef372a54ff53a510e527f9b05688c1f83d9ab5be0cd19
009fc360b6f2338adb67d27bd426253d411b49ebf9b981c3169945f0bdcba612
6a09e667bb67ae853c6ef372a54ff53a510e527f9b05688c1f83d9ab5be0cd19
6a09e667bb67ae853c6ef372a54ff53a510e527f9b05688c1f83d9ab5be0cd19
6a09e667bb67ae853c6ef372a54ff53a510e527f9b05688c1f83d9ab5be0cd19
86c36593ad38da9c1a77fbc7af26d1b2de4c04f6005457a449137f1e4949939a
aa82ae2f7e356626feccccb4ea5527b9fcd1b4fca91ab272728c0832483362b3
6a09e667bb67ae853c6ef372a54ff53a510e527f9b05688c1f83d9ab5be0cd19
68784acab9ec94e91ad5da977523602117c047ad79d7d868f00a9777eca63677
005c7fd68829f8515fdb5786816f4042f4346cce50db69be0055b34a2ec09a7f
6a09e667bb67ae853c6ef372a54ff53a510e527f9b05688c1f83d9ab5be0cd19
307380bf43e2afbe4e409e1f82e0c3d2fbdcdcb04150b6850dfa36e432b0d4bc
40487087f59733086fa50f59d017b72f2234f4dc6a5f3c093fe2c3e4ce4db2ba
a4325847af1cd3c6475db133a67925b1221fd921967d0013e9254563062a34e7
6a09e667bb67ae853c6ef372a54ff53a510e527f9b05688c1f83d9ab5be0cd19
3c2c141a2a87f22a0d8e9244a83b5f5778d54f5e68a62335069698ae64093e8e
2ea94b12748a1551f0081f7c6e551a3f6f6a9b90665049084d08eb200bc7f7cc
51a40dfd676cccf7345cce4fc6f0618f3af5ff9b48e536017e831666c1bc01c2
6a09e667bb67ae853c6ef372a54ff53a510e527f9b05688c1f83d9ab5be0cd19
a9c17d1601ecc9d36366ae6a970fd5df1be1ac6eacce04c3a256f8185cf6c67b
6a09e667bb67ae853c6ef372a54ff53a510e527f9b05688c1f83d9ab5be0cd19
6a09e667bb67ae853c6ef372a54ff53a510e527f9b05688c1f83d9ab5be0cd19
6a09e667bb67ae853c6ef372a54ff53a510e527f9b05688c1f83d9ab5be0cd19
e656d7f3e886f88c005c775cf7b27c099e7417282648b763ff4432cde4b5df81
6a09e667bb67ae853c6ef372a54ff53a510e527f9b05688c1f83d9ab5be0cd19
b3befb3ec8c35b35c37da5d7b2aa46bcd28511ae8e4f59a9663d0e39df79459e
768a61052dce6816b5cfa321958bd9a5735734509d1cf2e3a8a3a705a50b1e18
6a09e667bb67ae853c6ef372a54ff53a510e527f9b05688c1f83d9ab5be0cd19
f9694743e708b63edcbb52c191d6a5b87c5187f497db1e69bb7d1a394d32e1c4
6a09e667bb67ae853c6ef372a54ff53a510e527f9b05688c1f83d9ab5be0cd19
7a677f757f0a9cc7d77ffb0df0b31b4f6771d675a90d736a0fe154104808512c
dac2820fafa89ed8842cd3577ab932c1517be136c68ae9d5295fc8b6731bd4e2
6a09e667bb67ae853c6ef372a54ff53a510e527f9b05688c1f83d9ab5be0cd19
d3cd61c16ff70ddf7f1e8ce1d1bedcd573fa7baec74ddecfc23f157a360127e3
6a09e667bb67ae853c6ef372a54ff53a510e527f9b05688c1f83d9ab5be0cd19
582fac424ada393b8aa965f4eda4c58310afc3e6411558d68c7fbbf4577fefdc
d2aebdc2ead9042aa8f9c35af266cd7a8ae85e7473fe0920c3a77f753cf9df68
6a09e667bb67ae853c6ef372a54ff53a510e527f9b05688c1f83d9ab5be0cd19
3f3528ff909b493c08e5270430d33e57083dd8070f775e68b94c3feed3b4525b
6a09e667bb67ae853c6ef372a54ff53a510e527f9b05688c1f83d9ab5be0cd19
57312d8ca2eaabc5b9c0eeefdd3feea9e1e2cb5742df77c2a5dac42e9175e6a3
63c1dcf3427c42d398f001a05e628b9fa01396f7be47dfaa808dc4a8a94dd60b
7f897a3464b12cf8786c8c1b4b931b06d652ba9d9274cae628bf9244c7c94cc8
6a09e667bb67ae853c6ef372a54ff53a510e527f9b05688c1f83d9ab5be0cd19
6a09e667bb67ae853c6ef372a54ff53a510e527f9b05688c1f83d9ab5be0cd19
34db81972bd7a5a598a2874c35080afd01cee7cde3e65607bce0e81b5ca2e87a
67b15a7a4ede623a962b90e13ee62a4f478f1045af85f63d3395228a99bc3f17
a0ac457d128a6b8a267e39df8393212ea320662afb50f2d1cc27fab3a1b0074d
d56e9a9e291014ff9d30d5ddb9f4925865cd6c098a64528a9e9db2baa2575e1a
6a09e667bb67ae853c6ef372a54ff53a510e527f9b05688c1f83d9ab5be0cd19
b2103ddcbf573e14e70bf2b66475e97b7c4ac9ef4c759b9afbd105d7599c85fe
45ab0bc60220215882f0861cbbfd216a2365888ccaf017e1fbb7cd4035a9cfc6
5324c6e2800f80ac5bf97aeef8fd9d6169d818c4549eac69d5b993c25c0d008b
6a09e667bb67ae853c6ef372a54ff53a510e527f9b05688c1f83d9ab5be0cd19
3ad26c6d4e5c50691fae32898b78418639e06a07ab38012d4817df480fceb817
5d32eb46fbcaf5bf78bb21b9d7db8228633623b2bb4824c7d1ddaa93a3710a2a
3a8a630f5f89028b468c93d3f6a6535cf8be4c06aa22097a737a5b5b01909fde
6a09e667bb67ae853c6ef372a54ff53a510e527f9b05688c1f83d9ab5be0cd19
c10ca96d6bc70d25a254a14fbc74961053a4d64b86c58fb378869769cfdbbbf8
6a09e667bb67ae853c6ef372a54ff53a510e527f9b05688c1f83d9ab5be0cd19
6a09e667bb67ae853c6ef372a54ff53a510e527f9b05688c1f83d9ab5be0cd19
d93bb05808dbe775ee44c8cd78489877d3d6c3056082ef83d9f25a9a94401e2a
699daf2ac287b395c1a398ef9d5931985c96a5178d442116e0c9d4bf1b099fc5
8e355b65b82fa79ea1f32cd36f1cb92af15df6bec95cc05aec64b257f7c71415
6a09e667bb67ae853c6ef372a54ff53a510e527f9b05688c1f83d9ab5be0cd19
a76eaeed276e89ed468e019dccf8a93a4115f9f1cd50bcdba013cab9ca1c2476
6a09e667bb67ae853c6ef372a54ff53a510e527f9b05688c1f83d9ab5be0cd19
bd23eb36c53687ac1b5b0fee1ef25edf17350efbdfaedfef3df7e2b6a8d1ecd0
d1318bf515e14d45a053f97e9e41153f2fac0da1fa3fdcd1a133ff4b9821af35
2131ebb2c5e9a2335fca0f255868f5a7ded67a947ed52da0890dd5b1d2f0ba7a
6a09e667bb67ae853c6ef372a54ff53a510e527f9b05688c1f83d9ab5be0cd19
da2d4eceba3ca1c8bc52382ab0081356c1e528053594ac408ad7ffac7ba2a1cc
5950d75bf3caa2db692237d6a6002f85ef3397f03b9975f275d8254bf57e58e2
6a09e667bb67ae853c6ef372a54ff53a510e527f9b05688c1f83d9ab5be0cd19
6a09e667bb67ae853c6ef372a54ff53a510e527f9b05688c1f83d9ab5be0cd19
3f8d87f919eee2580440e6a070531467b0a0a23e5c0c28a15ba875493f899da9
10c127bf95d3a699b726461f491a99a601c006cd955bd14353ae9f31706edcf8
6a09e667bb67ae853c6ef372a54ff53a510e527f9b05688c1f83d9ab5be0cd19
67d99eae4c8d865a92b3a03e1c7a92aaec2bf98ea55bb88d1b608e8fa2cabfe5
6a09e667bb67ae853c6ef372a54ff53a510e527f9b05688c1f83d9ab5be0cd19
6a09e667bb67ae853c6ef372a54ff53a510e527f9b05688c1f83d9ab5be0cd19
fa72a8d98c8d5b97d5864aaf182cbc2d0748d51a16067b30b9c0cedcae2e05d7
6a09e667bb67ae853c6ef372a54ff53a510e527f9b05688c1f83d9ab5be0cd19
6a09e667bb67ae853c6ef372a54ff53a510e527f9b05688c1f83d9ab5be0cd19
e67127dc1a5ac47d10043371cc0bc5a09b7736128e74595eb2b2db7e6920388a
0281fde0c1dfe5f0641f4ac74bb0e02dd0cbee4083883fa7d496ea02862efead
4277040e9c175aeb74e4d2cc8da818187e9b8457e213ef4e6d4e9a63e538b5b1
6a09e667bb67ae853c6ef372a54ff53a510e527f9b05688c1f83d9ab5be0cd19
f7841663ed6c8fba82ae3a76256f9b7c78f7893b55399520ea6033da6aa4fc93
6a09e667bb67ae853c6ef372a54ff53a510e527f9b05688c1f83d9ab5be0cd19
e2a44356a09a8ab93f83232f3cf62749d0e4bff97c9d24cb0d8acb0a387950f6
6a09e667bb67ae853c6ef372a54ff53a510e527f9b05688c1f83d9ab5be0cd19
914abada88e5b5b2e1dbbb08dc1af273b5766151a1211cf8646dfd8eaad473b3
6a09e667bb67ae853c6ef372a54ff53a510e527f9b05688c1f83d9ab5be0cd19
11f8c5f2ec8fb4fc11737dcc5e3a8c95ddfa10c4d941323a11a65b19b56043c7
2625ddef6a068ab123174c03f63cb1b1e465796332b9dc4045441261c646bc12
6a09e667bb67ae853c6ef372a54ff53a510e527f9b05688c1f83d9ab5be0cd19
7987d5f32b926dbcd49103234c16b508e6a7a6dbc38282078b1368ce959c543c
2af49a11ab365c3a70557266d7b610cdae4007944f20906a21fe9c0ec72e33ca
132a09a774c73ba87b82b0a373b4e0f7439928a3c4a22a014ae04ca7696648de
6a09e667bb67ae853c6ef372a54ff53a510e527f9b05688c1f83d9ab5be0cd19
d9ce6aecc094cd34b4992a6ac6988e2099dcfebc3fdb1a09a3286ccc179ac7be
3fcb88aa348acd1334cc9876173a208dafe64d129873fffcbb2398f564237013
d67a57302686d671ef33b696f52587589d6961f41183819b2e7126e15793a519
6a09e667bb67ae853c6ef372a54ff53a510e527f9b05688c1f83d9ab5be0cd19
6a09e667bb67ae853c6ef372a54ff53a510e527f9b05688c1f83d9ab5be0cd19
2a26114bb3ea25f3cb95bf3630ad3a598b41b4f3fa8d60f4d52fc2e4278a25d5
709c040f2546ab74d17187bc64f7330d91cab467d5fd13f91e26362341997617
6a09e667bb67ae853c6ef372a54ff53a510e527f9b05688c1f83d9ab5be0cd19
6a09e667bb67ae853c6ef372a54ff53a510e527f9b05688c1f83d9ab5be0cd19
e58d5ce95a1fd472cc2d3b80e44b7a472e0968af49f9c2a0bf5b60747b013bce
146b6681f3f820c88b243c428b18bff7f03c79f6cad929b9de4bcef3c8e34dbe
6a09e667bb67ae853c6ef372a54ff53a510e527f9b05688c1f83d9ab5be0cd19
6a09e667bb67ae853c6ef372a54ff53a510e527f9b05688c1f83d9ab5be0cd19
6a09e667bb67ae853c6ef372a54ff53a510e527f9b05688c1f83d9ab5be0cd19
6a09e667bb67ae853c6ef372a54ff53a510e527f9b05688c1f83d9ab5be0cd19
b6d2a9595b01f8587e71cffee79b673aefea262e3555e5651f2d314fe9a9b55c
abb2cae3f97df14ccc248d92951140b1d2207a35547fc7b185cad0803c43d717
1e659e91730241ab1acbe4e0252d89ac2c0afb33ca999ec807a28c863fdbf0af
6a09e667bb67ae853c6ef372a54ff53a510e527f9b05688c1f83d9ab5be0cd19
25291ff07c295cea0fb78df1dd8cbf3a7d3a21db87dc51eb41f7b4e2b7c77fea
ef25f532c0e5dbf9b71cacada96a5bdf7f6b5c5330a45302b899196ee5920f56
6a09e667bb67ae853c6ef372a54ff53a510e527f9b05688c1f83d9ab5be0cd19
714d85e20d6fc02dc56d4d1173907204bf5a7da1f4423d4e6df0150301a58421
4284aea0f84b85b6af7b4c7458d701db10639ecbec5afa6f9b83a9190eaca4a6
6a09e667bb67ae853c6ef372a54ff53a510e527f9b05688c1f83d9ab5be0cd19
db981c544b583600a61fe3d85723544fdb453a16d543bd96d43430396aceb2bc
6a09e667bb67ae853c6ef372a54ff53a510e527f9b05688c1f83d9ab5be0cd19
27485b52c96dd54159fe71bb82a904ebfcdd817af1a6ab8c24379cd95b131826
584c23743306650823022fc6a5714744364115a1263db1996dabc2698cb51dcd
a8b831b086865ecab6282dde23f1fa0789d5b23e966e3684e642edade952cebb
6a09e667bb67ae853c6ef372a54ff53a510e527f9b05688c1f83d9ab5be0cd19
e80a378d7743af47683dac2712e676cee53d086324de92d2f799aa6fc0961108
c316c6543c5cf8847f0de7586dd0e6e087fbc2455b9c8db79829aadacc1b5257
6a09e667bb67ae853c6ef372a54ff53a510e527f9b05688c1f83d9ab5be0cd19
2916b070bfe0827e9c0c9bb5bb374bf928779a281d1fc484c54003d799301b6f
6a09e667bb67ae853c6ef372a54ff53a510e527f9b05688c1f83d9ab5be0cd19
5a228122f847f1aebbb0ad7eedcf834240c1a6f8bea8120f529a6c6585d814f9
1e8030bdd034493b7c38fb0fcd35f13dae04103b3323b85af1e07d3bed4bc91b
0a0921966512f9494ce4cbad0719ceb6492f98fd5575cd74944fe19486886554
6a09e667bb67ae853c6ef372a54ff53a510e527f9b05688c1f83d9ab5be0cd19
18f3bee114886b7a566641ef9875db2a63d7e43f4bfe8e1a3fba68924f930a97
457a5cff39ad51ebf6de6408cf9a872814a0d35b09e1e046058d7c39c1b7142e
6a09e667bb67ae853c6ef372a54ff53a510e527f9b05688c1f83d9ab5be0cd19
382dca4d944a02682328f3884a414602211250d77f21ce34678c0d50c96a3716
4973d5b0f22c92661bd256956cf0f40614efec7aff00e811a865ba355039235f
6a09e667bb67ae853c6ef372a54ff53a510e527f9b05688c1f83d9ab5be0cd19
2d9b4f1974ccd72c1437863d0e3bc720516fd47129f0f7faf6e32df9ab643e4b
c7df1231cbc1a1b2634fb7a6248255f4f3797fbf02f929218750538e4166734f
6a09e667bb67ae853c6ef372a54ff53a510e527f9b05688c1f83d9ab5be0cd19
ac523d8f6fb310d8ac9548c2fde2b9c8f054f3c34eb18965c7e469702bd28749
6a09e667bb67ae853c6ef372a54ff53a510e527f9b05688c1f83d9ab5be0cd19
6a09e667bb67ae853c6ef372a54ff53a510e527f9b05688c1f83d9ab5be0cd19
3d7956b0720e8ba97ee2130ed040ca4ba55b834aa6c974c405c54a70805090b1
6a09e667bb67ae853c6ef372a54ff53a510e527f9b05688c1f83d9ab5be0cd19
7fd3c4fce507c099eaf6dc7ccb76d3a21d79869f62dcf5c9e5e02fe1e3da5b3d
1f03a771a9bd7ad37e33ee762719917fa4d7ce57beab825e113967b2f3f12a43
6a09e667bb67ae853c6ef372a54ff53a510e527f9b05688c1f83d9ab5be0cd19
6a09e667bb67ae853c6ef372a54ff53a510e527f9b05688c1f83d9ab5be0cd19
6a09e667bb67ae853c6ef372a54ff53a510e527f9b05688c1f83d9ab5be0cd19
efc52fc3ac64154d4b29fbebaf47755846176f201934aa9846648f8dc8f9176c
6a09e667bb67ae853c6ef372a54ff53a510e527f9b05688c1f83d9ab5be0cd19
6a09e667bb67ae853c6ef372a54ff53a510e527f9b05688c1f83d9ab5be0cd19
0f4a37c5e4a2a63aee9e14ae234d2a59fe8627b60347d8cd0a8c11f593dfad42
711d5ee787f6799cb6a49e719c3442bebc3e12c078c819c54d285aa88d1156c9
8f295da09d8cb0ca46d353eaf779646f4da98241941fb7280eb848b9778a2aad
6a09e667bb67ae853c6ef372a54ff53a510e527f9b05688c1f83d9ab5be0cd19
8baf71db2f9aa134ed726be08a53968309a09e364f81e08fd3e4f7e69f7b7a80
f31ed0e0f068008a015133805d1675a408ed429c94f05a1232d7ecf0ae0bed57
c5b8a247694bda250503b246a3c1b4d9e366ff6d63388a75e47e592c97a69420
6a09e667bb67ae853c6ef372a54ff53a510e527f9b05688c1f83d9ab5be0cd19
6a09e667bb67ae853c6ef372a54ff53a510e527f9b05688c1f83d9ab5be0cd19
b14ebebfe00c6d8990a8ec1be42b278e7b9a7874e850364ac5e175d1ae7fb574
795c0135f1b6ad797c282b017e0b33baa454f7a4a00dd110e66a74554300e24f
6a09e667bb67ae853c6ef372a54ff53a510e527f9b05688c1f83d9ab5be0cd19
6a09e667bb67ae853c6ef372a54ff53a510e527f9b05688c1f83d9ab5be0cd19
f132d291b2f77db3fbd2fe5c580c9153da5bc64a33305ed68635ce22e266a092
04052b1c004bf0fdcf1bd2a8b6e39fe2e9dc9c349154ba344a2d340a3dda4c9f
3964b44da9a1237048c96a5b35f9c46820b5f9b45b4c5511c0d26bc9a16a49c3
6a09e667bb67ae853c6ef372a54ff53a510e527f9b05688c1f83d9ab5be0cd19
6204d47edfeaff67f328c02ea5f2496f88dbe7b5acbbfc3b2da256258c027b1e
a1629ecc07cdc6fb0888ac44d853339534a5b3cf4575911a00237105925e4eda
6a09e667bb67ae853c6ef372a54ff53a510e527f9b05688c1f83d9ab5be0cd19
6a09e667bb67ae853c6ef372a54ff53a510e527f9b05688c1f83d9ab5be0cd19
03e1c851126d93ca1025842d03736ea262a54052efa109f4f78cab4c5c0aa939
6a09e667bb67ae853c6ef372a54ff53a510e527f9b05688c1f83d9ab5be0cd19
493375b710a5cd1c650abfc322aac516f1e4cee12ffa221ef754db393955fb9a
6a09e667bb67ae853c6ef372a54ff53a510e527f9b05688c1f83d9ab5be0cd19
9efa96ee63d6ca1b5944bb303ce7dd976d3bd149767fb2c0af5323112183e415
ecfbec35bc2da4bff5dfa15d803ce27f15ade95ab6c2f33e0aed5af56c37d10b
6a09e667bb67ae853c6ef372a54ff53a510e527f9b05688c1f83d9ab5be0cd19
27be2b99d7738528f1d16675beebfaad253c40b5c8f05c543a3647b1237f3147
6a09e667bb67ae853c6ef372a54ff53a510e527f9b05688c1f83d9ab5be0cd19
2c333a8e4b295963bc0ca735e7090bb1fad99449c377efb7d353b34fb9a70ad4
688e961994642fad7f9002c0e08ca82ec94a42190f05a1faea2ceebd29b4683a
6a09e667bb67ae853c6ef372a54ff53a510e527f9b05688c1f83d9ab5be0cd19
b673430866652d1f74d7ae635c5b14c1083dc86f3e2214a11dbf80bbc583f8db
e7e0a077265916d4b6086a015f401136c73a1541b8f3acf48114e5d1decb23ea
2c45b766667dda95e16b0a756b5d3e25d0b974d9dcc9c5fea9c7be0cfb63b90f
1b526fa3e46ea4d9c13cb78780350b086c6a7f5c393897074b36935d4df7c92c
6a09e667bb67ae853c6ef372a54ff53a510e527f9b05688c1f83d9ab5be0cd19
e1bd377035e989d737b2c89b4acc20c6db18c07a34b27b79fe6e6d69b210093f
d7022a1d035d24994a668c701190aed505b37487ddff4ddabf6322a806a54604
29d9f300a3bb11c30d025303deebf8c9065fc2540b9fba1037122349ad3f98b4
6a09e667bb67ae853c6ef372a54ff53a510e527f9b05688c1f83d9ab5be0cd19
4e091e563eb1590397b5f12432f1fb7aa4abe8e38b4c4320ba18c2b4ecdf6481
6a09e667bb67ae853c6ef372a54ff53a510e527f9b05688c1f83d9ab5be0cd19
e940ebee97d5801457b9b5ea10ef715758b5a2667d04cf6d035fd677056d1b94
fe442793ed287b352b0c330ecaf4955b9aee51bb6e7539e0e2d592b634af186a
b72ebf6151cfbba9b9ffc5053ea67caccedec1fdc583fd209a2e0e835007665e
6a09e667bb67ae853c6ef372a54ff53a510e527f9b05688c1f83d9ab5be0cd19
95cf18053643af06deda9aeef8b517e0f6c2444058a0a98a11cd4cc0b577659f
d3780af43fabb161a1ff43b9d7dfdb915b2b15a22e6a0426209b5d6652991494
23baf5fe98ed3793f23f5c388922fdeef5fbbf20f3b01e557fb4076ffe8cfd76
6a09e667bb67ae853c6ef372a54ff53a510e527f9b05688c1f83d9ab5be0cd19
6a09e667bb67ae853c6ef372a54ff53a510e527f9b05688c1f83d9ab5be0cd19
588dec7e4901a80e2aa3e28378e1831f50499a228cda60d6718a5e925109594e
294bb8981352d5ac3081890b56f6481324153d0bb9a9416904c4b2a5f08e4ac9
6a09e667bb67ae853c6ef372a54ff53a510e527f9b05688c1f83d9ab5be0cd19
48376cc1aacbacd406bc35da31220eb0a465281e61dfce83f7f48c0266320b7d
c8a96cace105468b41ead19e125e74c77a9aad568786000a413fc8bb902469a0
6a09e667bb67ae853c6ef372a54ff53a510e527f9b05688c1f83d9ab5be0cd19
b800a60c694e535f63a131cf7d258113914835c8b0568fbfa8f853f326dd91b6
d631ca31e456417530e9aa63cf00f07670a137cc30a0085b0bf16804d1dae8c8
6552b706a6c38467bfcc23b6809c23c142b641d2d8020fdce51a1244ea6ed729
6a09e667bb67ae853c6ef372a54ff53a510e527f9b05688c1f83d9ab5be0cd19
e553c6ae7f0f6a75f6c5427749075c686bd51ed0793d754b70ec8e1e96baa8f9
c26e77ebe2c2c63cb815516933b209e6ddba624886d2876d4809e1c21b00df84
6a09e667bb67ae853c6ef372a54ff53a510e527f9b05688c1f83d9ab5be0cd19
71a9bb82f5428b2fa2ff7c59db1b07b76b24433f41cb73a4e735f5c83a0426fa
29a42a3ba0f085087a93f6a57ab42a2d712690a5beeb582acdd72cab6a4f932f
6a09e667bb67ae853c6ef372a54ff53a510e527f9b05688c1f83d9ab5be0cd19
6eeebbc2b81b312c6eaf889e9ba5ac176350b60c213fc3377b06217e0f86aa21
71b4049cd2744dd6e669e7377cd4bf7a391b03f7dbcb86da28277995351d8c36
4cd3a29174924c6d86392c000858d2f8e4a22107cb213074d8553a285346e119
6a09e667bb67ae853c6ef372a54ff53a510e527f9b05688c1f83d9ab5be0cd19
ace21139f3bb5b26c81cf5274643debdd42cbdf8dd59775aa1c0a10946c8f854
39b546c628bfbc4896b7b47934b12a0bb1d642be76ce1567f54c6b5ad7340b27
d51bb9382d9a872199bf3a4ffc05af31e1aaf6a9991c752f94e01eaeb3db2ed8
6a09e667bb67ae853c6ef372a54ff53a510e527f9b05688c1f83d9ab5be0cd19
c3ab5a687e5331989e25f9553fd3e9d02ca8c501f1b8f46a89d63ba94f00701b
6a09e667bb67ae853c6ef372a54ff53a510e527f9b05688c1f83d9ab5be0cd19
958904c90f811872bc68ad8c4ef46f41d4ec65c7e766dc496a15e3f68ac26d2e
6a09e667bb67ae853c6ef372a54ff53a510e527f9b05688c1f83d9ab5be0cd19
2a0d1f3b91e2923b8b288101b1a92afaac5a455c7501332f9288360cf57ed101
0a23010a8ea45dc4328b754572791d47ef30b2d97a8eb0722fa8bf59106c12aa
5c1001dc1b26316fc1ba7cfc05d748b56461d81cd93277767104d1f77264e0ce
6a09e667bb67ae853c6ef372a54ff53a510e527f9b05688c1f83d9ab5be0cd19
6a09e667bb67ae853c6ef372a54ff53a510e527f9b05688c1f83d9ab5be0cd19
6a09e667bb67ae853c6ef372a54ff53a510e527f9b05688c1f83d9ab5be0cd19
5d3b9ae5120c6f5e6885ffffe306c7330f54b17d3f0b75e126d2cc28599302a9
6a09e667bb67ae853c6ef372a54ff53a510e527f9b05688c1f83d9ab5be0cd19
3eff3bc8e3847da7958595778bf88bfe4f1a3f3be5e2b25a185a24373c9171d4
7235c7900fbf34b26a9489accfdd552a631f6017dd8d7b6ea7661a62dfc9a2b0
7510deec0aaac1d7aaf5ea558092c67e3ec1d22d7e8133ef56f5a85b905ba8a2
6a09e667bb67ae853c6ef372a54ff53a510e527f9b05688c1f83d9ab5be0cd19
aa78795337d5fbe7ce28363ff883a9d9437e81a91b87f0b67cc2ae8a3590ac13
6a09e667bb67ae853c6ef372a54ff53a510e527f9b05688c1f83d9ab5be0cd19
5098a5ecb417685e34d011375ad642471cdb463f4978b4f99f9fff9990eebc6c
63677d8a3e3c35c75663aacec1ea3cbbeb9bd44a0853f569e87e6559ac7567ad
427eb9974de584d1ce5f572154a648e4aacb2db21d2dc186c8e6fa11a4fed59d
6a09e667bb67ae853c6ef372a54ff53a510e527f9b05688c1f83d9ab5be0cd19
8f03e97e6e47ff302f77cea21da86583df4ca7024eb0b85f230906370d4864f2
80ab688ee9ce7f1d34610b2fc88ebcffb59de45efedf1ac56875d5bf0fa90d85
6a09e667bb67ae853c6ef372a54ff53a510e527f9b05688c1f83d9ab5be0cd19
3a6ee05c7da904b27390dd0877a6a0c487d165fe92e4bf7fb71564c90c91ceaa
7651423d85799f08a5661c03cb5e4cc541922e8c25c892b17edd1946184835c3
6a09e667bb67ae853c6ef372a54ff53a510e527f9b05688c1f83d9ab5be0cd19
6a09e667bb67ae853c6ef372a54ff53a510e527f9b05688c1f83d9ab5be0cd19
a35694c692dd69134a292c49dbb43951b4e0d8ffabcbda0a18db6ce3104a183b
6a09e667bb67ae853c6ef372a54ff53a510e527f9b05688c1f83d9ab5be0cd19
4e46970ea5896b345ba13f891c6e86c8b1b53403849ac45f50af0e34d5fde774
6a09e667bb67ae853c6ef372a54ff53a510e527f9b05688c1f83d9ab5be0cd19
b762e48c3230ecae53a02864dd753fb74803c9813d16fb26ab14ea79802c8293
3b8289a3d8753d0e429d816a059f97affe3a07ac4e3411a100018f9e41957d53
6a09e667bb67ae853c6ef372a54ff53a510e527f9b05688c1f83d9ab5be0cd19
6a09e667bb67ae853c6ef372a54ff53a510e527f9b05688c1f83d9ab5be0cd19
36daf035f38c12d5174213b125463b954036f187a93378d60f0c92369d03ff76
cfde2c232e14d2200303996661a482c860fec0aba61133f05feb3e3197c0cd06
308225354ce94f68d2cf016e8b72948b6e3f220bc3feb7f06b433614ba46ef2e
6a09e667bb67ae853c6ef372a54ff53a510e527f9b05688c1f83d9ab5be0cd19
6e55752a45c11874b3ff82991586f8ab97df24844e3ba40b88f0a9f2bbe10b21
ae8f5412d979b60520081a3d59b601e60a1bcf8906f4e5134ca886920c5dbd7d
1f7e906bf085d3c6815ff061a30c0948e1a8371ea2b3171cba172d7a93fd393a
6a09e667bb67ae853c6ef372a54ff53a510e527f9b05688c1f83d9ab5be0cd19
6a09e667bb67ae853c6ef372a54ff53a510e527f9b05688c1f83d9ab5be0cd19
6a09e667bb67ae853c6ef372a54ff53a510e527f9b05688c1f83d9ab5be0cd19
80a0c18fc20ee7790538652aafe2fb1ccdf434a0b8bb1ea561edaf96965f122a
6a09e667bb67ae853c6ef372a54ff53a510e527f9b05688c1f83d9ab5be0cd19
3462cca37f87b8617d098b147d30244df53ebba853856837da68c90d0cf8abbf
6a09e667bb67ae853c6ef372a54ff53a510e527f9b05688c1f83d9ab5be0cd19
7679d9aac239c6b27863c8c321fa24130fb242c0a176c18873e1c889694d1100
aa33af7b725018620bfd60f0962605e7b39ed066d3ffaf8e2fa47c446e2c1222
a9af092ecd9ff2e5657180dcad1d373e74ffc9e75901157fc57e52c8cd282cae
6a09e667bb67ae853c6ef372a54ff53a510e527f9b05688c1f83d9ab5be0cd19
7e08177e718dbaff4f4b9e0fdcfeaa56df7641430558ffcff6b0e111ae0e862b
8f338f63cdadaea4cca47631871db58c29607d894985829c937f38247f6d834a
6a09e667bb67ae853c6ef372a54ff53a510e527f9b05688c1f83d9ab5be0cd19
e7f988f2f970870f2615aa39836aed3b9ad0956c68544cf4c1a9771b9aad4b66
81c63af7ab8f09f54529850b957d9ee243f983dcf6fc3bde71304769fa8d74c9
2211cb3317e03f6fe1c1b5f79b85ec1e0d140655e5a2159f72bd021ba17d294b
6a09e667bb67ae853c6ef372a54ff53a510e527f9b05688c1f83d9ab5be0cd19
6a09e667bb67ae853c6ef372a54ff53a510e527f9b05688c1f83d9ab5be0cd19
c860eeb98ec2f6ef162ff7d1cdf70facaac2035a524659e007e734ea069598b9
6a09e667bb67ae853c6ef372a54ff53a510e527f9b05688c1f83d9ab5be0cd19
2425c176eea5755f2eda33f2fe71a5ccf0fa7653e59afb65210f3b74a077cf77
b52278d084b055828dbf8a8b0449955de75cb201e686ebbc222da39f2e8672c0
cce0fe0ff1320f8678b65d9a501cf0b20680fd2ef0e65143893de90ecd7f66f7
6a09e667bb67ae853c6ef372a54ff53a510e527f9b05688c1f83d9ab5be0cd19
1be25bfbed69fbd6791bae059b995b96e0fb8eadf9c8e1a627ad9636b33f5903
b186526f303eb106336cc926574cf6cd0f24099d1cd334907203efd924790b51
68112f544586016c4b16d0ab719fe23392b33a32c1cb22dd1e8d3a15e46344e2
6a09e667bb67ae853c6ef372a54ff53a510e527f9b05688c1f83d9ab5be0cd19
f2427594564e93c9252fb8c98339d68158df8b64cf48163c3b1fec16fb11a6e1
0f2557c77e3cdab8a78bad3ccf34cf3d61991d070e87c4e31219566e4c6680ac
753a703f69fa6281d8a479032b77a6e32d2ef8f8ebc68125ebac8a4b65e87a8d
6a09e667bb67ae853c6ef372a54ff53a510e527f9b05688c1f83d9ab5be0cd19
b67925d88b8097a4f60f9f23d706fe5e533dc2487ae335c9e7bf1549ee7a9485
f622846b64fc0a8f9cd75a19c0975d48d2f6c232613ac9f64da1f61cc1d3b653
6a09e667bb67ae853c6ef372a54ff53a510e527f9b05688c1f83d9ab5be0cd19
1ebfcf77039c48c53576ef529a7ae59efa988741dee13775d60e68f5d39633b9
a18a84969dbbe561df1717adbc3a49ecca9fa0f8d3cf851f5734d5c854f9b537
6a09e667bb67ae853c6ef372a54ff53a510e527f9b05688c1f83d9ab5be0cd19
f2a7b50ddd17238a2e382250caa8a5a32070bea7cfcf2f11c1c55aa695c33270
073d35d50b2131f9429d7246d71b7d4909f62d57ddf3773e1cf9b2d9ebb06739
f260fe6ff29cf427e14ecada7cc8adb40dd5556d912e6b21b942cdb024408c99
6a09e667bb67ae853c6ef372a54ff53a510e527f9b05688c1f83d9ab5be0cd19
056c03059c13af7df221b4aa6de556f06ad8690864dca6db2d067bdb215b63ee
6a09e667bb67ae853c6ef372a54ff53a510e527f9b05688c1f83d9ab5be0cd19
6a09e667bb67ae853c6ef372a54ff53a510e527f9b05688c1f83d9ab5be0cd19
6a09e667bb67ae853c6ef372a54ff53a510e527f9b05688c1f83d9ab5be0cd19
910c87d044f5707400fc959a5fe3b75697339adf1b0f4ce322fad683942679ce
fa43d91cd18423ec0d03d54e5eadbf4e0672ec77577d2fc146bcbd3fc41e7d9c
6a09e667bb67ae853c6ef372a54ff53a510e527f9b05688c1f83d9ab5be0cd19
28cf884ae949612708c4f2d2ce958c27fc9b84cf9dbc68fc49c76a0928b2e48e
87341fe5bf805e0dd536bef59c638a9f7a45713ac8a4f45d7f2b813f7377f2e6
6a09e667bb67ae853c6ef372a54ff53a510e527f9b05688c1f83d9ab5be0cd19
6a09e667bb67ae853c6ef372a54ff53a510e527f9b05688c1f83d9ab5be0cd19
6a09e667bb67ae853c6ef372a54ff53a510e527f9b05688c1f83d9ab5be0cd19
f3f07139b05a036c3ec59e65df9ad7889449390b469718f77ce06bb514172b0b
421768d90274774b6fd1bd83d2a7f5f6659c6e682b012f8303deb920a6829cd1
df06d2d3a470d37433ef1f20848625526c3626ebe62cc928d7339df05dc16cb4
6a09e667bb67ae853c6ef372a54ff53a510e527f9b05688c1f83d9ab5be0cd19
881e2a3a7224d13962047982ff8e6cb4a4546099ab4cf87c498a0afcebe6da0d
6a09e667bb67ae853c6ef372a54ff53a510e527f9b05688c1f83d9ab5be0cd19
feaa75097396b44b6fa027aabe8e7e544c197e013111a804ef74f320c1404aec
6f834d119ac964b6db5600cbffa2a77ae0cbbd145c7c694e1726754a8454dfb4
6a09e667bb67ae853c6ef372a54ff53a510e527f9b05688c1f83d9ab5be0cd19
ed87536f5eb8ef3b4cf8144e29531d7e3b147c79f750549747167b1acbe9ebea
6a09e667bb67ae853c6ef372a54ff53a510e527f9b05688c1f83d9ab5be0cd19
e83b0a2cb8af69a285fdb3da5561ebfb69493a1b014cdc8f6922d287b275d379
c6d0a648f6b93455638020b141bfc579f0dd27090c41c16b52d27ec2450ec345
d1148c6bb7a600ef4c8f556bb9a0378b208aee07b82fa9a7c4e4b93b54f07f84
6a09e667bb67ae853c6ef372a54ff53a510e527f9b05688c1f83d9ab5be0cd19
0968e1afd4d977ab0a8933deee51e58c4779da5df28b62892e761eb44e78486d
f0962a9d9932de26426707d944fc47f5df2cfa32a3717b7d5c9ff0026443de17
6a09e667bb67ae853c6ef372a54ff53a510e527f9b05688c1f83d9ab5be0cd19
f5ef4c8d855853967585352cc28eb1e4d002f99dfcfb9a6fd27217ea0556a96d
732b10712ca78c883929940c9b1f05cc937313990a97f934541e69e6f1f6d70d
6a09e667bb67ae853c6ef372a54ff53a510e527f9b05688c1f83d9ab5be0cd19
033b81eff462ade29b8c89bfb94fcc9386154d2be83e4232aef883caaf6954c6
bb1ce95bad311fd3f6e9520fc051fef5360706072e4af3dae1ee05dfeb0022f5
6a09e667bb67ae853c6ef372a54ff53a510e527f9b05688c1f83d9ab5be0cd19
6a09e667bb67ae853c6ef372a54ff53a510e527f9b05688c1f83d9ab5be0cd19
8f2981648287ddf2844df9a210305a466d74f49a0bad58796635b8cf587e6e5d
6a09e667bb67ae853c6ef372a54ff53a510e527f9b05688c1f83d9ab5be0cd19
97f9d19674c5240c710fe78c9f5c41e85087fe70ada084fcad4b8cdedfbf9686
13e65e73d3cd2e282a05405e99083cc0e049c82e7439885ed343e10882d1240f
6a09e667bb67ae853c6ef372a54ff53a510e527f9b05688c1f83d9ab5be0cd19
6a09e667bb67ae853c6ef372a54ff53a510e527f9b05688c1f83d9ab5be0cd19
5c84b2d04702b755ca5dbae22f9d7d388370b1ad4315720a074a2de74de5d774
6a09e667bb67ae853c6ef372a54ff53a510e527f9b05688c1f83d9ab5be0cd19
57e5d461d078a9ef7ad60c596114db2c163f2744cd6f775dd65e54526d0a55d4
0ce8b238a74b49d108e9e583991a2f312a5e0ffcbdb83c1d79606ab784290854
6a09e667bb67ae853c6ef372a54ff53a510e527f9b05688c1f83d9ab5be0cd19
1ecb542961fdfd4e0f51cd44ee5853287efba2dd7a9bae732d857f9ceaff17c8
db21318ef439347f550609bc3344caad8e12e56ccd19ec39e73175f1b557791c
6a09e667bb67ae853c6ef372a54ff53a510e527f9b05688c1f83d9ab5be0cd19
2ebb1beed770ea6cb1cbf6404c270c2aae850d4de6c962a9b56e6cf43ef9ec0b
592c4ed0098eb7ea378659be72461aaf548da9c378cc84ba4c5bafd18625ae9d
6a09e667bb67ae853c6ef372a54ff53a510e527f9b05688c1f83d9ab5be0cd19
6a09e667bb67ae853c6ef372a54ff53a510e527f9b05688c1f83d9ab5be0cd19
9faddbae1cd9f29ea43d2f724e23b62d8e533ed235ac766b97f60d1dd7ff56f9
30d438a4caaa8c5ba84233c9a989106ca16f6cb3de2798c55f44e605a0adf47b
eaa273f726804d8413cd1d576757c6aac9bc0cd7406996c08ca69dea5a78051d
6a09e667bb67ae853c6ef372a54ff53a510e527f9b05688c1f83d9ab5be0cd19
7c09443a79f42337c37e15536533fe5ac3baf06a129094163aa644fbf8cae6c3
6a09e667bb67ae853c6ef372a54ff53a510e527f9b05688c1f83d9ab5be0cd19
665ab4adfd5ab56b41c96e21e058a9c4958eb1e47dcdb80ef1b5f1732a84a498
db814ccfa8aa07e1977fdc0a34a5ff96a2ded293d22b26d8bbd6285bf797b4e2
6a09e667bb67ae853c6ef372a54ff53a510e527f9b05688c1f83d9ab5be0cd19
c330abf0758adcb3b9c6587d8e8bd04744dbe2922b8cd024a33db74c4bd5a8aa
3ea1df8f03554dd1e3b9de1a1a1eaa6d003dcfa4de36677002bfba2f17529347
9ddc05842ccb7dff271cbc0906ba328f7aa583c6b7accddef5b385759c277c81
6a09e667bb67ae853c6ef372a54ff53a510e527f9b05688c1f83d9ab5be0cd19
745e274ac5124b26026a2f05322026a41326c9ce2528fc1a937c347f55591997
7a52615de5e832dd534c76fc3ca3767ff04c36ef5f4f7883c3e87819fe4138ab
6a09e667bb67ae853c6ef372a54ff53a510e527f9b05688c1f83d9ab5be0cd19
43291aef5314336b0e985f536fc2f565a05cc37590d6949576a2285c61f3f6cd
6a09e667bb67ae853c6ef372a54ff53a510e527f9b05688c1f83d9ab5be0cd19
3ebb217c79685d3811278ae7bfdf401ea21aa423b5d4f32ad6926ea0eebe11e0
6a09e667bb67ae853c6ef372a54ff53a510e527f9b05688c1f83d9ab5be0cd19
ec872a3259678a45380c43a05518d8fe0241fefc94e9d1ae3507f68e458dcc4f
6a09e667bb67ae853c6ef372a54ff53a510e527f9b05688c1f83d9ab5be0cd19
69216a6d1cd6fcfe0aee32170acfdae4bddb460b238ec4cd1435264e8be12a26
6a6959d8afe84465b57d0a1edb626d21f7f12e836d17bcf1ce3c0f310b8f9a0a
964965d509275624fe9cd6e0938d3b441e365681210cafd955d6fcb9e16e7f24
6a09e667bb67ae853c6ef372a54ff53a510e527f9b05688c1f83d9ab5be0cd19
60d97734541c38947f5774870b016e940666b8a6ef793d657da3f2dc6a15cd75
66ce3d15f73ceb76f0488206e8b902681fb4a261a6f5a46009aca3edc5e1a8d0
6a09e667bb67ae853c6ef372a54ff53a510e527f9b05688c1f83d9ab5be0cd19
6a09e667bb67ae853c6ef372a54ff53a510e527f9b05688c1f83d9ab5be0cd19
3cd6a31798220866b0c373810e2bf7d4eb1139dcafb38789c2049d28c7738b1e
1e7cbb7f48fa6482ef54f855b08c0502da0c61cf76fd5bbdc7da2aaed36ab8ca
6a09e667bb67ae853c6ef372a54ff53a510e527f9b05688c1f83d9ab5be0cd19
6a09e667bb67ae853c6ef372a54ff53a510e527f9b05688c1f83d9ab5be0cd19
07074fe90a2daeb2e7a48d10d8a74b7e186db55118622d863ef6274d8027e020
bacd5403204d76d345b9ced54d13b056a6e89a41fff97a80e2dde5a91103e0f9
47a86236ff8e758d710516283f9cc08726e50abe12f52863177b6bdaa149eb20
6a09e667bb67ae853c6ef372a54ff53a510e527f9b05688c1f83d9ab5be0cd19
730dc1065cc81ab15b077597bfa34b36b2aced945c10c99f3217cc258ca33503
062896e0f9e43469c447e0247213a128854acf8c2c66ca22f40b1fb4196fac33
85d8ba29764d79b4912a698750d8f00ee5b97f23b27fb5387e48a4175e266daa
6a09e667bb67ae853c6ef372a54ff53a510e527f9b05688c1f83d9ab5be0cd19
acae278b24f77360d29acaa4ee9b4542e754966d2e89bc3afd8677bd58ba0843
bfb548712768dd51ec5e2d88e42f2b7cd81f410e8f9129be5c01ec9968cfc987
6a09e667bb67ae853c6ef372a54ff53a510e527f9b05688c1f83d9ab5be0cd19
e08a42601aacbd0408e7a6709381658dc5f112fc63a6e7988190274f7cec8706
86a1776e34518cfadd16e1cca19eb84d2cade62f15954d33e21e82a717b8ec78
ac282e1884e82d2176ad4fc0b616bfb35fe612786234cb86238e6a22aefe3279
b19536450f7f8478569fc6610868341f445a64aacfdba32371b14bb7d0434e2d
6a09e667bb67ae853c6ef372a54ff53a510e527f9b05688c1f83d9ab5be0cd19
6a09e667bb67ae853c6ef372a54ff53a510e527f9b05688c1f83d9ab5be0cd19
c11c34f90243a4f4055dbdfe381be17886c5da7244521b5e8aa5e4dac493ea5d
13009461bc7754dd984648fe9535219b7e4b8dd068a961a48831449b5d62a981
6a09e667bb67ae853c6ef372a54ff53a510e527f9b05688c1f83d9ab5be0cd19
e32ddd7d665e1cda835a807e175a24a6469c92c304a6de79fcb124f70a924aac
a4175a4b53968492d9c27c60fee8ab482fdd99ffe23e3b0ee8c9d399b712a0ed
6a09e667bb67ae853c6ef372a54ff53a510e527f9b05688c1f83d9ab5be0cd19
226224249fbd4ccfff6f2ee9d2122b805fb60215cbb3ecd90d616d85843c7b93
4fd116c60f922cb32e080ba76ff7b6669ea71d0e69b5a7e3400ce506b10aefd8
7a899cec2474bab4ad497cdc82d0b660c66bfe835164b8ef1499e049542c4a07
6a09e667bb67ae853c6ef372a54ff53a510e527f9b05688c1f83d9ab5be0cd19
6a09e667bb67ae853c6ef372a54ff53a510e527f9b05688c1f83d9ab5be0cd19
6fa80396bd327866f42282c5a3c895fab12982fd67ad9a483e3703104dc04a59
58e679776142af93685616554ae0884de430bad1c5fca6ccdc6199e15db599e4
b9daeb2b688bfb18b4e5cb33920dda308553804b393ee1e2f1c57d64170a52c6
6a09e667bb67ae853c6ef372a54ff53a510e527f9b05688c1f83d9ab5be0cd19
936a592becc9a723ac872dcdb7d785246ff5ac22e3659b06fbfc12ca1eadf461
6a09e667bb67ae853c6ef372a54ff53a510e527f9b05688c1f83d9ab5be0cd19
5d1154f5ae31c700bcd6d5fb424f0117b4f16632c11890987bf77e6e737ac361
74865eaf7a103307bc59d3a27c7bfacfa5a7953a078f44aa87ab9c965afbd50b
6a09e667bb67ae853c6ef372a54ff53a510e527f9b05688c1f83d9ab5be0cd19
13ad44ea1c55daf381736c690092b389bd97baf07f5ec5b770c859c569ed38a3
346ece55b797de91ded0ff08fc9c49f03d2d99cbc34f280a249a4949175fa200
174c748513756702c7361684185ce0a4ef480108cfced54da42706ebf8336167
6a09e667bb67ae853c6ef372a54ff53a510e527f9b05688c1f83d9ab5be0cd19
8d35adf63e4ef8d5b30abeb42bf9f82da57f4d518447852fd142da6b6defe69a
585807957b2f82e34570359c566b223455436f54e33aa636f5f3e9a03ea85933
6a09e667bb67ae853c6ef372a54ff53a510e527f9b05688c1f83d9ab5be0cd19
853e9b0ecf6848fad7c24ba314b806f6c1a76089d36f02b010fc5dcfd7a5be4d
dfb71b966b2cfbd662126fd6b7760f54c75b7135fe0a9bf5a329e466def43ea9
6a09e667bb67ae853c6ef372a54ff53a510e527f9b05688c1f83d9ab5be0cd19
fb15c2539abd5eaadce0cdb2aeb49dbb93db2310f604902349e2e741a6e89823
6a09e667bb67ae853c6ef372a54ff53a510e527f9b05688c1f83d9ab5be0cd19
80a07e49c0bb47f5028c55f86899a3ecfc0dd27478b7d88f8fc52ce13f8d032e
6a09e667bb67ae853c6ef372a54ff53a510e527f9b05688c1f83d9ab5be0cd19
0e08c5ed508e68a856f54a82930eda30ada7afb6217f02c7ad1851432eb7602f
6a09e667bb67ae853c6ef372a54ff53a510e527f9b05688c1f83d9ab5be0cd19
f942c00553d947c73e98127fe119c43577f7a201e16814fc5e3d24940759a1a1
500f769028a3bda945b77f915cc7bbd69e5f4b2b6a3271f49420258ac783ed3f
82124ab14ace4566e0a7bd97a509caad520c01abf0028cbfa24eb5dbc09c561e
6a09e667bb67ae853c6ef372a54ff53a510e527f9b05688c1f83d9ab5be0cd19
3eb3855566ac202906f5dfd978bf392ef39fcbab5200cb0ff18b7939f5247460
69ba41d521070f74adc481fe5b330d07ba964c60f44d1a9a643424a55666b7b7
f66614b7bcade3a3b59cf472b284a9785170006233215c85b4ece33d94468c30
6a09e667bb67ae853c6ef372a54ff53a510e527f9b05688c1f83d9ab5be0cd19
7bc2030fa0e76c69dbf7f8c3b927d923a547da7841ee09d847f48c1dc7650aa9
9bb0fde798e71065ac81fa630f65d2787b507f876d4b47208d428cea53a889ad
6a09e667bb67ae853c6ef372a54ff53a510e527f9b05688c1f83d9ab5be0cd19
361c045296eee4d60fb00eb0c30ad9cc2cb0ce208abcf5cfe567a31efcdbbdaf
0d342df8b6c05fdca5699f825f9532f56cae00c022de81b86895340a0b4b6b79
766cc32930d82a2512d09cac8faafb7bffc42b5d68e8e10fb5be3b96d3b07a4a
6a09e667bb67ae853c6ef372a54ff53a510e527f9b05688c1f83d9ab5be0cd19
6a09e667bb67ae853c6ef372a54ff53a510e527f9b05688c1f83d9ab5be0cd19
242d266c3a228bec89bd3b14a9ffa22581546e750c646e4b18abc6f849633366
0822911c55cbdaea22461f3f4690525a35c1ce9cdbbed2c12f06cbe4a66dc372
10b7b0a0d7167a4da5ecb13753aabdc559789f0ae7c7692375baee9da366d111
6a09e667bb67ae853c6ef372a54ff53a510e527f9b05688c1f83d9ab5be0cd19
7e51f2fc350fd590ed9d7edc9e782e95cb014516453e5d3453e293bb355af634
d3636cf36b9e1916a7d430070f14794f5a8212f3a86105a2d73b0bafb60d9185
6a09e667bb67ae853c6ef372a54ff53a510e527f9b05688c1f83d9ab5be0cd19
4c03e38a0e2d3e97dd461d52f92086c68dae783118eb18003dd60d3c0cf35573
f00032383b3d93849619a5a6ea6b336cdc1b8c43e8235631b56c7db3a2c450dc
6a09e667bb67ae853c6ef372a54ff53a510e527f9b05688c1f83d9ab5be0cd19
6a09e667bb67ae853c6ef372a54ff53a510e527f9b05688c1f83d9ab5be0cd19
6a09e667bb67ae853c6ef372a54ff53a510e527f9b05688c1f83d9ab5be0cd19
6a09e667bb67ae853c6ef372a54ff53a510e527f9b05688c1f83d9ab5be0cd19
6a09e667bb67ae853c6ef372a54ff53a510e527f9b05688c1f83d9ab5be0cd19
5c14a42aee4c03555f8bd030efb7fa3970ff2650f5dd364809cca576fa882e6a
1b48c2bf71c26c57a3a240918f6dd2335ec3b3a18a002861986694e1c80d1c54
6a09e667bb67ae853c6ef372a54ff53a510e527f9b05688c1f83d9ab5be0cd19
6a09e667bb67ae853c6ef372a54ff53a510e527f9b05688c1f83d9ab5be0cd19
dfee6ca527a00936ee7d929e2885d20e19ae76a7e0ba4c974b37c4d7abf45e2e
64e7caad1c633c422b7fa631ef5e288539119dccc0d6d51f2ab58e61134d87db
85549f9d91537cbddb7e0399170c639f424cf55b83ab79ab39c7369835869dfd
6a09e667bb67ae853c6ef372a54ff53a510e527f9b05688c1f83d9ab5be0cd19
de50e5bca0dd05a097109f2db4297637f5458fbce781820be2b879096c8ae7b4
8303b32cda079b71c6fa5455eaa33435579de85a531b2cdf7284f1408b1276ce
78c1d70be84f317d355bcf314b1392fe012d696bc52da775e33160a07d4269c7
6a09e667bb67ae853c6ef372a54ff53a510e527f9b05688c1f83d9ab5be0cd19
6793101d40bfee4afa80de52b4f64a59a2bd0b7ecf2cd07fbd67c109f0c521d8
0241e86bdc02755ac83c4e8ec2441b7eb154b104060894a91ab93b484c687ffd
6a09e667bb67ae853c6ef372a54ff53a510e527f9b05688c1f83d9ab5be0cd19
6a09e667bb67ae853c6ef372a54ff53a510e527f9b05688c1f83d9ab5be0cd19
327ff8e6b76668fa4f5a7696f554244f5fd378dd20d64fd77cf787f464861408
6baa19e9a803d41410c9aeb254ba94f986858ba9ffd8a8418145f2a6f1ee526c
1dc50ee769d70fcc422a5a12d8d0c78116d0a787ce2c95f741b7c66c7b0d13fe
6a09e667bb67ae853c6ef372a54ff53a510e527f9b05688c1f83d9ab5be0cd19
6a09e667bb67ae853c6ef372a54ff53a510e527f9b05688c1f83d9ab5be0cd19
9361358cef01b976c2e14e836af7024719fd94c84cf9940d689bc54772452920
4dddfd5e9091e2e4bf726dee93c6f682a5e379424ed30fffd8ffdf8fb9ebe475
2bc4cb5d8a6d1494cdd1fd64d483e819f4d960a41bc71d41f82466d4ba7f46a7
6a09e667bb67ae853c6ef372a54ff53a510e527f9b05688c1f83d9ab5be0cd19
6a09e667bb67ae853c6ef372a54ff53a510e527f9b05688c1f83d9ab5be0cd19
194d2c6f13086a8adbd292f2ab8a7aec56ff3aa176bd20189b9167257e1d6785
afe38cf515a591a0ce7091226457865216d41dc46da893cb2a8276dfacdfca26
6a09e667bb67ae853c6ef372a54ff53a510e527f9b05688c1f83d9ab5be0cd19
1ff5c0b2b3acbda22e65fc79d9145bc5893d55604d6d1f981fab15b459ae93ae
3ca60ef5413e30aebf0d7de51f15299cf701fdf0bcf2cbd95dd6d8f8445bbc44
4cabef3a78a09d232f9b38b063fb24b1eb0cf535aa2f295e27f202aad23a40d1
6ef5800031d543cbe56b01ee7f24ce8ab3bc9186d2875c4e5c0a1273c5789f34
6a09e667bb67ae853c6ef372a54ff53a510e527f9b05688c1f83d9ab5be0cd19
6a09e667bb67ae853c6ef372a54ff53a510e527f9b05688c1f83d9ab5be0cd19
6a09e667bb67ae853c6ef372a54ff53a510e527f9b05688c1f83d9ab5be0cd19
ba4d874045943c815dce98f2bc28dbbd1997e6f86eabf361465b0e8fff017d97
6a09e667bb67ae853c6ef372a54ff53a510e527f9b05688c1f83d9ab5be0cd19
86273ae198a37617591742fb7f814519c210dc19fde58f14019d2b9aca83c197
c9e52d866efd54b311e9131d41385b60538947cd2b79307b6c35b5e33a7a2e34
6a09e667bb67ae853c6ef372a54ff53a510e527f9b05688c1f83d9ab5be0cd19
6a09e667bb67ae853c6ef372a54ff53a510e527f9b05688c1f83d9ab5be0cd19
fa0cc321a3b092262859f8f3579301db90da47c1537902085b85fb5c0900cb0e
6a09e667bb67ae853c6ef372a54ff53a510e527f9b05688c1f83d9ab5be0cd19
6a09e667bb67ae853c6ef372a54ff53a510e527f9b05688c1f83d9ab5be0cd19
1ddfdb1dc0874ce05f8d6de7b198c40b1b1651e179ebca1ce311b407700cc4d7
59b9d87edf29e0b0c588ff96e9840fed149cc8bd19c1cb37e2d0125841fcbd35
793c8e268db83fb752ea780ddb10df42b70e14418d0c5a451a7a55a90cd8b419
6a09e667bb67ae853c6ef372a54ff53a510e527f9b05688c1f83d9ab5be0cd19
39cedd28a90f9b318640b473c5fcd5ea966ed693429387cc8601f603307ce2c0
9d61b858acf2aa2e3d4ec90c443a639ca036e71859b21f3e7bb91e759068c385
6a09e667bb67ae853c6ef372a54ff53a510e527f9b05688c1f83d9ab5be0cd19
246e3a13b43cacd7402bc6e2202a034c7482561df2b7766becfe6390bcfaff1b
6cb6a916972203bfdce2fd901e993711f03045ac081a7bee8ac2a4389c6535bf
2b79a7e814bd25fd04d086c1514113c041094ee82cf3651c42baa43942d1025f
6a09e667bb67ae853c6ef372a54ff53a510e527f9b05688c1f83d9ab5be0cd19
6a09e667bb67ae853c6ef372a54ff53a510e527f9b05688c1f83d9ab5be0cd19
684565b0f0857bda8bc8b139fe49487e595bfb1346725d99281b94607700f107
0e775d967fb829ad1de23a043ae0636ec1bc693cf9d375b6232814de03ad4ee1
6a09e667bb67ae853c6ef372a54ff53a510e527f9b05688c1f83d9ab5be0cd19
63fc0bba8f8e2789a0550591cfa5fd5169ff35d136d4c88027d7590c71b3a4f3
50406ef55fadec9186daae29e46c0928e24c10dc5a7dda516a7aa5ccf866970a
6a09e667bb67ae853c6ef372a54ff53a510e527f9b05688c1f83d9ab5be0cd19
9d682b163dc5a509caca1674a7d9f1c67a42607270c3e924e41db83f70917e56
7d98d40f02e9de86fed0490ce552093775bc62750ca762aefed450dc077f804d
883ae51daf090eb74de09ec506db976089e78f5a1fd38e5102673d2455d5d886
6a09e667bb67ae853c6ef372a54ff53a510e527f9b05688c1f83d9ab5be0cd19
c8a4915982595dbea38bbf0df8c25a8c67fbc6eaea22fe270cfbeb42872c65ac
6a09e667bb67ae853c6ef372a54ff53a510e527f9b05688c1f83d9ab5be0cd19
6a09e667bb67ae853c6ef372a54ff53a510e527f9b05688c1f83d9ab5be0cd19
6a09e667bb67ae853c6ef372a54ff53a510e527f9b05688c1f83d9ab5be0cd19
b8e0523274d6ec00dd270ebc10566dd7c5c3265ef760e8696deaec3773996d6f
de321b248a6a5f27aa51d53ddc5580693767e644b8d9cbeeffc6ccc832935809
5c6f21fbc0d487bee3c6a8e9a481c13afadc23240e96f6ea53158b2b00ef528c
6a09e667bb67ae853c6ef372a54ff53a510e527f9b05688c1f83d9ab5be0cd19
de9d842a7a3c816b9188738bca26ff2beb17a84a247f3a639d1d8532375e4460
331ad904cf7b414acba8f9731907791cbaa95e89a38f355700f33cfab0e87064
08d14df82e12f9fd5ae29710a364063d30cf5def830308661a72dc7e7133aa22
6a09e667bb67ae853c6ef372a54ff53a510e527f9b05688c1f83d9ab5be0cd19
dde20189788ddb0aaa7dcd1b232ed228650c9cdfd2dd3daf3dd92cb08612c609
7c7e2a10318f3f323c696be2006b9a5900c069fd86b66bbb721570fab9ac0892
298a1efc7c0750da49cc505afa15c2457ac9d99e457e2bafc4915baae6ef233e
6a09e667bb67ae853c6ef372a54ff53a510e527f9b05688c1f83d9ab5be0cd19
828b1c751edfe11b69410fd1f310995cd32fe25a124b8f18b03051e29ea5f6f4
6a09e667bb67ae853c6ef372a54ff53a510e527f9b05688c1f83d9ab5be0cd19
ac3d317913cb74cf663cb5519e021a393db541902cf8f375ff31774c3755d5a5
2da4d22404e83406f2009c00dc29a23402fd50580b9a0b0a14434ec2a8019078
6a09e667bb67ae853c6ef372a54ff53a510e527f9b05688c1f83d9ab5be0cd19
8a9aa19c951f96c723864b2ee29f0fb26a30be0740c4e62b1292f9c2cab3b509
6a09e667bb67ae853c6ef372a54ff53a510e527f9b05688c1f83d9ab5be0cd19
d1665436ef95262753454da5ce786ba3bd49e669448688953b2c56b1f310b328
55240ce02f74b78ae6658a8bfc66a11ff2be2b9b34dc2a753e99f8e86aa6a75c
6a09e667bb67ae853c6ef372a54ff53a510e527f9b05688c1f83d9ab5be0cd19
05ebc0c66d225795e730f1f6410ac5239c9b860a812450a598116405c7a62711
6a09e667bb67ae853c6ef372a54ff53a510e527f9b05688c1f83d9ab5be0cd19
6a09e667bb67ae853c6ef372a54ff53a510e527f9b05688c1f83d9ab5be0cd19
e0fffb13ac2f1e088b8401743e0c68af990178c998777329feb016987edd6220
6a09e667bb67ae853c6ef372a54ff53a510e527f9b05688c1f83d9ab5be0cd19
6b88c0f68595fddec1c54f1fab2e54e2eaf558c9d27b14826b952ef721190b3b
a2add8e722a8792d83f369c0b4e32af3a6e0769cf076c6c409390e4126e3746c
80fb130201ad92c30b0868f4ee6350da017a9f8fcf95b0f6372e5e9e749f6dcd
6a09e667bb67ae853c6ef372a54ff53a510e527f9b05688c1f83d9ab5be0cd19
3512444a2598135308557a3ebfe2961ec957b63434eca95cba367b0f32980028
ec7b50bbadd85dd147aa3f43669a8012ab0c5a688699d1ec53aa4e0c43b7bc02
6a09e667bb67ae853c6ef372a54ff53a510e527f9b05688c1f83d9ab5be0cd19
d14c859194942d2e62debf8eba79679c98a901788dc792b8f7fb3103b39e2de9
473858aa88342ca27f8e6f092e6721f3cef153ccc63911fc11cf53ad95eac76d
2a2ed2b28eed614e491662826ef16674add2d06991e0b6ae9184a838ab746f18
6a09e667bb67ae853c6ef372a54ff53a510e527f9b05688c1f83d9ab5be0cd19
6a09e667bb67ae853c6ef372a54ff53a510e527f9b05688c1f83d9ab5be0cd19
b1d92e8a3e1695f59c1c99228cc26461ba2cebb763d33b9e81db25b90ecf4e74
6a09e667bb67ae853c6ef372a54ff53a510e527f9b05688c1f83d9ab5be0cd19
b46d9a6cdc1c9a544461389a2523a68e005183f7103ddfc3e4a583ecd0202000
6a09e667bb67ae853c6ef372a54ff53a510e527f9b05688c1f83d9ab5be0cd19
2962bb686c3ac19c01d25503e3998cf79532fa619db5757d2dc6bb4a28acac52
6a09e667bb67ae853c6ef372a54ff53a510e527f9b05688c1f83d9ab5be0cd19
cedb203ba3870111d3a7dc85a06054b3efde1d822a038b6a560ce632624fb084
dd78c699b57dc85694ddd378aba6420563d54ed15683e2c52fc9a9c4d3ac5a0c
38dc4b15bc0f0450ec67bb436c857c4463ca69db5ef06688eb0e1e1496ea8abc
6a09e667bb67ae853c6ef372a54ff53a510e527f9b05688c1f83d9ab5be0cd19
6a09e667bb67ae853c6ef372a54ff53a510e527f9b05688c1f83d9ab5be0cd19
6a09e667bb67ae853c6ef372a54ff53a510e527f9b05688c1f83d9ab5be0cd19
e9e7f7784bef5e2ee1dc5c00eaa9a1d9ef54addc5084e4bffadb3252a74c6d6c
58eff6e3911861b12c3f0dda476d821aed60ebec1f44df63f1db14ba30b18e26
6a09e667bb67ae853c6ef372a54ff53a510e527f9b05688c1f83d9ab5be0cd19
449ac71a2605f6d120962bd243f9c2b7945b798ff6cc745062500904a7479627
58ebfa3bc9c447d8783861cd0f4dbb91691802beb681ed0b7f782482a57d6047
fc8106a6472ef27a3e2baf3130ee92856084fd95cc2c7a3f3687995f00e4d2f9
325efbafe4fb887f366037a1e9fdf99dd7daff2f492dd870a1b8fba7c1150b9a
6a09e667bb67ae853c6ef372a54ff53a510e527f9b05688c1f83d9ab5be0cd19
6a09e667bb67ae853c6ef372a54ff53a510e527f9b05688c1f83d9ab5be0cd19
5fa8972cc01e18cdd625771a18037839cb6f187d635e2654ea27ebd6afae372c
bdfdec566c2a4a7dd74f4cf7fff39636a96d64f38367699d6cd45da78324ad40
ab8c8d2c90364b93a088b3895961b6326886dff7a100c34a8b1bf37406631a56
5a035472e87b36b2a964ba29cc3553b1c7b3dd9c4ef313ee872d6f3f9e5bd852
6a09e667bb67ae853c6ef372a54ff53a510e527f9b05688c1f83d9ab5be0cd19
79c45f2dfd1317b317bbcfa4e09db9d0a093cb331644c9ab0f200255b9b8559b
84f919d5c9c6a1591515d784fb3b2e39a28258ba69d6d6b7260303985c67c213
6a09e667bb67ae853c6ef372a54ff53a510e527f9b05688c1f83d9ab5be0cd19
6a09e667bb67ae853c6ef372a54ff53a510e527f9b05688c1f83d9ab5be0cd19
202e393dbd903e1da22575b3f4cd3bfdc0fa3056b34c234694171a864be09083
a46dd7b5ac85a9d8a8f79ef7592f0e870b5edc2f7892b9c2a7fbb602e75248a1
ffb948281d7a0734f1f4e86e84ede1a7edf28a0f8ad20570ea7ba2a6d2c2c927
6a09e667bb67ae853c6ef372a54ff53a510e527f9b05688c1f83d9ab5be0cd19
01c7b02d8885fc125a9f4b4235ab23f1277ba28176b72fc15d7281a31337f7ca
96c64b085b6eb787520af66bd4dff9090087a9b483861ad6d38af4fdfdc2335e
3bdbc83f27ddfbcbd837d9b8a793490fd7594a6ae9b9124f6fcb9fae11f14371
6a09e667bb67ae853c6ef372a54ff53a510e527f9b05688c1f83d9ab5be0cd19
bb75d35bd06c1c9dd099792aa5637008cf46dc3efb1b72341eb9fa8f46801b21
6a09e667bb67ae853c6ef372a54ff53a510e527f9b05688c1f83d9ab5be0cd19
e2868acafb9f7a125044d479fbaddd7e5b4a70f5c3b53aadf378e14e30b78f04
5db8321d3681fc4dcaa45349b672f7b74192eb7f6f47527ec7fbf5a0d6fcccb9
e0377bcfd32f2b9589f677ded7cf7460ee7691e8e7e29b834997eeede43083e1
6a09e667bb67ae853c6ef372a54ff53a510e527f9b05688c1f83d9ab5be0cd19
5ea2fe47b526ae1309d2f2eeb85d90be5ade2cc42e5585e695da9b12f7d3ae9c
1fbc56d29637d518be10658eb254283a578c9cb982d823adf8df4aa859e35f1f
5199febe2108eca9dfeeee8b5eea34d2d8705e0ba43276dae26b6af146709e59
6a09e667bb67ae853c6ef372a54ff53a510e527f9b05688c1f83d9ab5be0cd19
f4ffb8326d4aeddccce41515d0e2f2538d2c52f4ce526917aea436a4db60bb2f
6a09e667bb67ae853c6ef372a54ff53a510e527f9b05688c1f83d9ab5be0cd19
3a1dbe8e3c5abdcb73d48b7463b7b065be617b80f8babb42cc6e8f095f812a1f
c9ab3a5ee71ca8ec322902a7e2b591816c2f3183861bc63ecd4d1a34885001c3
6a09e667bb67ae853c6ef372a54ff53a510e527f9b05688c1f83d9ab5be0cd19
6a09e667bb67ae853c6ef372a54ff53a510e527f9b05688c1f83d9ab5be0cd19
ed7fc856eb6f8b130e75ccc496ae6123368ea2c1eb0c39ee6f99ec519a02431f
6a09e667bb67ae853c6ef372a54ff53a510e527f9b05688c1f83d9ab5be0cd19
97b28e50a0f262bbf36fda87cf1c04ef553384e8aaadfb26e5230bfa60fddab7
a48872796052a789e0dd9cde079e36f719b145a03416fd319ffd02cf1449b63a
09436e73b0261d3e7f9a0358c583d15d9dd69885c2176c446253bbbe76136c02
6a09e667bb67ae853c6ef372a54ff53a510e527f9b05688c1f83d9ab5be0cd19
6a09e667bb67ae853c6ef372a54ff53a510e527f9b05688c1f83d9ab5be0cd19
976e2c321872be8da737d07930114fb9fb9b844bdf48a298887e50105e475705
083d630112e236339be286c4af3fb1c6a6c911355b4761a05ae2ab55a0536f0f
deb4be5ddf2499f7333c6a20ae01819a0d8f201af0f75784d1203fe3892da20e
6a09e667bb67ae853c6ef372a54ff53a510e527f9b05688c1f83d9ab5be0cd19
6a09e667bb67ae853c6ef372a54ff53a510e527f9b05688c1f83d9ab5be0cd19
ebd6bbff2d67ff6bb11a3f9b35964426e06b0e13825d09a408e5a37b016e2b33
c6013068601fffb5f84933ff8703c8b31c8db0ef177d739116860eebf678c35a
fcce24d6130e55a1df2dc3316742b6e59230afa0571ff2ed3d5fa5dbbfdbc217
6a09e667bb67ae853c6ef372a54ff53a510e527f9b05688c1f83d9ab5be0cd19
3dddf2038e9a9ce91a3ed5a1a17a9a0dea51a34fc0959d18c707ee6d9932f823
325827c64e89be6467ac4f261574c3222e384c3b23e449ee385abcd024381f95
6d2b7cfecae92345d8ed9434d4043058e46c0ba592221a0ffbc21936a33f81ed
6a09e667bb67ae853c6ef372a54ff53a510e527f9b05688c1f83d9ab5be0cd19
6a09e667bb67ae853c6ef372a54ff53a510e527f9b05688c1f83d9ab5be0cd19
f9e0dc5284c8e25a93fa1d9cc661048e0f34043549864f9bcd38ad32bbaeffbe
f0ee62cb360016e96ec428aa6b5fc985240461b774dfba3b8010cf8535a662a9
6a09e667bb67ae853c6ef372a54ff53a510e527f9b05688c1f83d9ab5be0cd19
5d7501c2414ad93a25d332db01b48d2e8d8e03ce25bc1c11141f687fc9ad82f6
f46f2748691128772d35283cd08803996954b3d4166edcfdaad05288ac952205
c81e154d48e0b2f46feb9d6dd836aba5c9b8f4142df2411b20ea63c8127966b6
1d6094e658f838c963558ad82bfd08030a1e1deb9cb80a4caeccc1175487d10a
6a09e667bb67ae853c6ef372a54ff53a510e527f9b05688c1f83d9ab5be0cd19
99839284a8a6f5d3b5d4ee3cb91b58942b48d486c70cbac69120a2648aa0319f
fddb117246bf44cbfc8edff21b67d075de712a707e2c40f5a02f733b70bd23da
6a09e667bb67ae853c6ef372a54ff53a510e527f9b05688c1f83d9ab5be0cd19
6976cff693ea1ca7f0c5887d1ac129d8ac3d1a07624f1c541070ff0551156ee8
faa97c87f73ff2781b1d076c8f6a8a90e4d7625fc15286d38dd7098ce350b839
bf70a8f11838938ad9c1b6caf15b7f2fc710a5fdec784b6d961914b8e2abd872
6a09e667bb67ae853c6ef372a54ff53a510e527f9b05688c1f83d9ab5be0cd19
232d5721f8711d27c64c9998852df5c805098e6df3ca870a8b3a6b58707ec91c
d52b34799e6e7403b1cfbd3f4824dd2ee8d7711bef9521b43c8a511f78d56016
fc31c8799a65a1da778a034fdc0864d41b0b8dd7ccef84711ba4396a612856bd
3033e255ae3c31153f6e32f74074b1a5f6e5b5b7093766456fd0b25fe7eb23c2
6a09e667bb67ae853c6ef372a54ff53a510e527f9b05688c1f83d9ab5be0cd19
8aa7f3a82d732968e48861d66731d1de26ae8e99bb5de38709bd7a31380a0d64
35a4b5960b0da23d10bb02aab6ae8632dcf4f15e532230f412fdd1475457cbc2
6a09e667bb67ae853c6ef372a54ff53a510e527f9b05688c1f83d9ab5be0cd19
08a090bfcf933cbf73c9ab8c3b2d5d38380df57dab3c6d559fc048ddd09649e1
6a09e667bb67ae853c6ef372a54ff53a510e527f9b05688c1f83d9ab5be0cd19
6a09e667bb67ae853c6ef372a54ff53a510e527f9b05688c1f83d9ab5be0cd19
bad1e194f2d46231221308264b20d861177b17c0e3e5128b5bbdc891582e73ee
93af0ec22047494ecaf0bc20f50322e4c340c62c834a41ab5585c4d49d146a81
28f368cd5bfbe9dfc72c675f925fff429a83eda8462e4c40ef3712b329c99fa1
6a09e667bb67ae853c6ef372a54ff53a510e527f9b05688c1f83d9ab5be0cd19
bf4793f7404b539bbf02e893de88285c094aed7bcc3922b74fb2b174a6c04506
ed583e364b366e01a19620d2fdf3138efff54e09fa291a16428a97a6669430f6
6a09e667bb67ae853c6ef372a54ff53a510e527f9b05688c1f83d9ab5be0cd19
6a09e667bb67ae853c6ef372a54ff53a510e527f9b05688c1f83d9ab5be0cd19
6a09e667bb67ae853c6ef372a54ff53a510e527f9b05688c1f83d9ab5be0cd19
6a09e667bb67ae853c6ef372a54ff53a510e527f9b05688c1f83d9ab5be0cd19
28141a01bf506f29f2e4c921201bb76c75ffcb18db55439c3bd7c9996cd8c3ae
6a09e667bb67ae853c6ef372a54ff53a510e527f9b05688c1f83d9ab5be0cd19
1e1ee66db6ebc33091f6c21d71bb47b18946696f31e74b322e4e40a5a6b52968
998c7cc406fae5dc5ded2f6ac4614a7a9cd89d025b899dc6ca3ecd403eae08f0
6a09e667bb67ae853c6ef372a54ff53a510e527f9b05688c1f83d9ab5be0cd19
6a09e667bb67ae853c6ef372a54ff53a510e527f9b05688c1f83d9ab5be0cd19
fcc8cbff314bd5edbdfdedd855cb94ea0da46ed421614db6389d4cda87a1da54
6a09e667bb67ae853c6ef372a54ff53a510e527f9b05688c1f83d9ab5be0cd19
e9bda62ae364ea3b5f89f39ef69f15d1066a2fb703b0510a982fd3e349b081fe
45172f01ed887cf6c3f969dba68ee3f52764291a0d61371d027f475966a28ff4
6a09e667bb67ae853c6ef372a54ff53a510e527f9b05688c1f83d9ab5be0cd19
d9dfdc88e1521f9fcbb21ab9876da9b70da303fe5e8b8da45b017b8cca3f46d3
a68f629575df75fa4d1931293733c7c3dc204670698505340533faeb1be7a51b
c544184cbf627548cf4fbcfbd453116b56048d0a0c557bd4dfb221e39ab67912
6a09e667bb67ae853c6ef372a54ff53a510e527f9b05688c1f83d9ab5be0cd19
11fda735f7d65009cb6c9bc71b1203f7590f35d9697b046364fc1a2e39f13a94
ae23e1df94076e8a3b57a29dd58aea21da3f6627703be9bec7e08096a3beb1cc
6a09e667bb67ae853c6ef372a54ff53a510e527f9b05688c1f83d9ab5be0cd19
45550c7946908e1f7b5be8e63392c05929d585887a0b4e61053a63994ec02b1d
b7f6274a5c19ef33eef4a267af9a1ab3b12f3a4e4df7bda4a793aadfe425c1c5
306fc6b36cb8b79db3f3eb36255b3f75347555934d55c89a7bd8f7579146499f
6a09e667bb67ae853c6ef372a54ff53a510e527f9b05688c1f83d9ab5be0cd19
8cd7442e8d3a18ea9dfed9ee9caf29422c72f5445a7d6975a8bd1b73a46c6e65
03b8e013a53ebde8f4b4db0a91bfd4c50d842e2b70577f665f676b1f1afeacdc
d4c5c1f1d625809700cdd2a00c37490e073b36d9135e5849a45125116b3d12ee
6a09e667bb67ae853c6ef372a54ff53a510e527f9b05688c1f83d9ab5be0cd19
0d4228b004e4b725cb911a0da0ca936a634554c4ebb4f1983fae96f4bdd8124d
052ac38d425ee6f9a0d95abfcda47ba13dccf97ec58b42789286ab5ff05fd33d
6a09e667bb67ae853c6ef372a54ff53a510e527f9b05688c1f83d9ab5be0cd19
f15de6ab6f5ac5d410253091fa0cb2581bc39ea49d94dc3c478efc8c1896aa32
6a09e667bb67ae853c6ef372a54ff53a510e527f9b05688c1f83d9ab5be0cd19
6a09e667bb67ae853c6ef372a54ff53a510e527f9b05688c1f83d9ab5be0cd19
6a09e667bb67ae853c6ef372a54ff53a510e527f9b05688c1f83d9ab5be0cd19
8d8b2c4f4cf9dc50ebbe49c6ebaa969f439aa4ecfcead2237f10ef2f002d656a
18bf91784d94c717a8330142218a58bb9b115bd7919f3d2e9dfc251cf0675f8c
ed9633a6973379e3813898929d6ecc2c60db20f358ced24442453050e7a9a712
6a09e667bb67ae853c6ef372a54ff53a510e527f9b05688c1f83d9ab5be0cd19
6a09e667bb67ae853c6ef372a54ff53a510e527f9b05688c1f83d9ab5be0cd19
a5d718da727bfee7a650c61f40e8d1d9d79ae71a5ae05158be842d8f3edeca9e
d5060f61683eb400d172a5ad363535d37f6b5b34bb4bfcb0176cd1fae3e9bc1d
6a09e667bb67ae853c6ef372a54ff53a510e527f9b05688c1f83d9ab5be0cd19
6a09e667bb67ae853c6ef372a54ff53a510e527f9b05688c1f83d9ab5be0cd19
6a09e667bb67ae853c6ef372a54ff53a510e527f9b05688c1f83d9ab5be0cd19
6a09e667bb67ae853c6ef372a54ff53a510e527f9b05688c1f83d9ab5be0cd19
f8b6c2f509f8d889b1cc78348f31d9f81eaf23820a36b2892353980be29fd3a7
d363eaa2720a1bbf27ad601443ffaecab692c4a4b7e793b792bf74e9e2c25f4e
6a09e667bb67ae853c6ef372a54ff53a510e527f9b05688c1f83d9ab5be0cd19
17ea0093feac79941b271b43cd3b85ca1578f8a3824db99f45424867f06a97e7
6a09e667bb67ae853c6ef372a54ff53a510e527f9b05688c1f83d9ab5be0cd19
596170f3f99996f5595d03f05522ad89c25c5ad1bf03d27bfca4ff3083218510
2b9e34617c76a73b9872c194a12ce9cd8db57e118fed864bc7ce3ff144f950b6
6a09e667bb67ae853c6ef372a54ff53a510e527f9b05688c1f83d9ab5be0cd19
c54750d7b27b1995a61ee516708e3a36dbe3ce51c747e880fbbdbea570545f68
a611fe65260743687a938bf4e24c7c9ace6d3a054dcdade3518b44e8f393c481
6a09e667bb67ae853c6ef372a54ff53a510e527f9b05688c1f83d9ab5be0cd19
ae6f318e210f12eb55a794bc884363e737124aa3db34ff9362843658e87af449
897084d9999e97525b660b59f9196270bb7e296f3fdccbf66d75803312e7a40e
53b6d4905ad6239509497baa04688d83d2d1bd6665dea4cce06f7b097578a477
4d1aff4547579767697880dba0871d20359e4e8889d307cdba409cb355898ea9
6a09e667bb67ae853c6ef372a54ff53a510e527f9b05688c1f83d9ab5be0cd19
37cac132e4ab4faf0f9433cc5e195fd51306b89f3d1949601f769541d7962c96
6a09e667bb67ae853c6ef372a54ff53a510e527f9b05688c1f83d9ab5be0cd19
14702d3bf2a3c9333d69c2dc4555c5446ecddad08e4c694f3b863273c68befd2
6a09e667bb67ae853c6ef372a54ff53a510e527f9b05688c1f83d9ab5be0cd19
335e9e3e9b127fbab3ee72b38d1197c9ef17df69aa1c414c1598c899d3fb92ea
3ac4712d92115d2c0963ea277e5891d7fb7f7acb91ae3f1064ba2c816fb0d088
056235c1f82aad72336cd14a0053356475712ba7ce9b7422eeea91e32b6863ae
aea6e71f4fd53981c92228cfb94918d12a6a61cec753a78b13aa9cbf7c312172
6a09e667bb67ae853c6ef372a54ff53a510e527f9b05688c1f83d9ab5be0cd19
0a3a6f54caa840882814f56100ec825e5daaafa249fa651f39059f718b501583
74fd36ba950d3eb2cd78b75ca865297a652f129f001a7f319624503e771ffc79
fb11fd82c11c7ab445382e291f360b9df6c502511a035510327d40c8b95ff78c
6a09e667bb67ae853c6ef372a54ff53a510e527f9b05688c1f83d9ab5be0cd19
6a09e667bb67ae853c6ef372a54ff53a510e527f9b05688c1f83d9ab5be0cd19
6a09e667bb67ae853c6ef372a54ff53a510e527f9b05688c1f83d9ab5be0cd19
3f2873de69186d57de61583e77c55f8e799c3bc33efa93efa46c20f2b3cecb58
a9c4d0e11dc77f1488da21e89a58bb437ffd8a6243abb424437fc6fdfa4bd591
6a09e667bb67ae853c6ef372a54ff53a510e527f9b05688c1f83d9ab5be0cd19
6a09e667bb67ae853c6ef372a54ff53a510e527f9b05688c1f83d9ab5be0cd19
a680ace60845e9cfa9dc271d4ffb93e88babc46ac44bf297e2fea1f413fc4078
97203ccce1b850a1d30bdab15f32c7b8e1e809ade515cc6854abcc54a888ce83
6a09e667bb67ae853c6ef372a54ff53a510e527f9b05688c1f83d9ab5be0cd19
11e5fbb253ac3cac9effddee8939b83bf22ace3b4d7af948a88e38a4e600241c
5263939284d043ef491e60077d076e272155898670b4b114ba50707aff9bd349
6a09e667bb67ae853c6ef372a54ff53a510e527f9b05688c1f83d9ab5be0cd19
6a09e667bb67ae853c6ef372a54ff53a510e527f9b05688c1f83d9ab5be0cd19
44e37800fca29dc61b75cde351d48009b102b5a00ec1aa4714be10c2a3451bbb
8531915ddcae14ed1a835de9ebf6eb21d2dcb47c4b5d7f88be8e93e29ee3a456
ca392f07ac51c0428ab15ab8470cff42877c046aacd493c0e509405c63d6f964
6a09e667bb67ae853c6ef372a54ff53a510e527f9b05688c1f83d9ab5be0cd19
4f4ccef6eb26524e6683758788f5180ff2b5322b501087063c64a28cfa54e267
6a09e667bb67ae853c6ef372a54ff53a510e527f9b05688c1f83d9ab5be0cd19
2da77e7b3c45acd1aeaa7d65d0116f008c0737ac95bbd6d5c5c4f8a2edfd2adc
599c77d07124f6f768b76c808f497e603da69f0567d0496a053b2e11f59636e6
2a53043c7ee4cfa82a2946d193d2d4feb8c94bd8cdd6cfb121ddc246ae84d69c
e84377ac5031db6f2a5947b5f69370795c271e652d35395e12ddb5d8a85850a3
6a09e667bb67ae853c6ef372a54ff53a510e527f9b05688c1f83d9ab5be0cd19
06b5ccb36f662d70a8f376c15a8f8f12ed9fa45c31815c503a7b828d1b528bb3
e50f62091cbe6f2c354d454815bc0d8a9422f03b6326d9bfeaf5c727648618a8
6a09e667bb67ae853c6ef372a54ff53a510e527f9b05688c1f83d9ab5be0cd19
6df42009a2d9eb2b1d4ce70f00d74b1a8cdecf09a602407ffec81fcc826360d8
6a09e667bb67ae853c6ef372a54ff53a510e527f9b05688c1f83d9ab5be0cd19
38690faf2c679318505ef796c9c7f38f02b55628901b2fc5610769a612359fd5
ab8850d68ff898c255a0de6261a4b003ac718bc71343927ea351281a3706acda
00703e8d6a9b5929d42452a601846adc6a0277d30879a8acd9701e75d36d3e44
fdec8c72012079b44a5fc912e733840ad18ab427322d3d7090afa53852114934
6a09e667bb67ae853c6ef372a54ff53a510e527f9b05688c1f83d9ab5be0cd19
7e6bb8973338995153863332b9a50d73a2ac4f2fe87c9e0f9677722079573488
3cc508b295da0a92925905961ed14806665643ce8ba926d5dd86dbd687238007
0462cf3ee88a43cbd0b1d661f72150efa1806b0ddabe2534869a0e66d42cd444
6a09e667bb67ae853c6ef372a54ff53a510e527f9b05688c1f83d9ab5be0cd19
284e0d0b484b34a59d7177d149b99ffc1af4ce83ff720372abe16e813cdf3f1d
6a09e667bb67ae853c6ef372a54ff53a510e527f9b05688c1f83d9ab5be0cd19
8dbc8630202b211fe2763fab339571c28d514e28e71efdfde93902c5ad91812c
6a09e667bb67ae853c6ef372a54ff53a510e527f9b05688c1f83d9ab5be0cd19
6a09e667bb67ae853c6ef372a54ff53a510e527f9b05688c1f83d9ab5be0cd19
6a09e667bb67ae853c6ef372a54ff53a510e527f9b05688c1f83d9ab5be0cd19
6d3219f7a17e92302a1e23170bb50a94998cd3ffc83fa2b24fba3ad770304f99
6a09e667bb67ae853c6ef372a54ff53a510e527f9b05688c1f83d9ab5be0cd19
6322321188f1272f4ef55da7558e0f7dc22dd53568ccb68f31478e0db9ed341c
aaa8af04ffa4aed13d64a46910de6b752e2188382018c636a8b24c7a946f695a
bcd0710dca8b8fae6343183d040150f9c961281dd00362780dbafd9bd6e55008
6a09e667bb67ae853c6ef372a54ff53a510e527f9b05688c1f83d9ab5be0cd19
677ba88236dc918ac74d2ad0bc94a42bc94b7101f4dc9b6c52fe29dd0bfb2706
6a09e667bb67ae853c6ef372a54ff53a510e527f9b05688c1f83d9ab5be0cd19
9f650513f39197e1b36aa9030249eb46b1953a3d5e2a7b0c583bc18b5e4b62d5
7b8ebb73f992c979cab8801c5f98d0da871846d137bf96e2416b4c80b416c9b7
6a09e667bb67ae853c6ef372a54ff53a510e527f9b05688c1f83d9ab5be0cd19
1497dbe6d51283a6f8a2629b120a3b782a12b10033af51372f769f4e0e0aab98
0aa58ed4b3400ae31892ece14868ae7cd2cdce108871e48a40cff18727fa7fbd
84465d3c2d4c5f3e396f40bf7ed19fe221a6d6309abc987fcb4b1dbf852cea22
6a09e667bb67ae853c6ef372a54ff53a510e527f9b05688c1f83d9ab5be0cd19
c87e8f13c702ca28ef00a13e5223feae9519551e313795faad03fda138166aaa
0f2998f6328c561ff8c9ee04ae69515bc0ba51249bf818c831e2f333f905d636
f35a7d4392293270f56240c22461dd450bfb02b429d88d8869d2041e8154be82
6a09e667bb67ae853c6ef372a54ff53a510e527f9b05688c1f83d9ab5be0cd19
6a09e667bb67ae853c6ef372a54ff53a510e527f9b05688c1f83d9ab5be0cd19
644c4a1523639eab42b25b0f7ddea1a2919b47660184b3abc58f1fc7cdcabad4
74b2c71448fc2200c2f45a6daae726c9088a55cf8ee4a20026552026a208978d
796392b10d625a912615e96994756f278e75a2d213152af4eee7ba099152d313
6a09e667bb67ae853c6ef372a54ff53a510e527f9b05688c1f83d9ab5be0cd19
d36205f76fa1364513c40ce415532937cb5ae116143d48da262f752f7dd3b355
609a71a82efb24d4034dbcf7cd45cce03e069e1df2388713cdc2746c1da97606
babf62e566a808d321f0da87870d8b373b25650ffcbae434a51f7ad3753cbb2e
6a09e667bb67ae853c6ef372a54ff53a510e527f9b05688c1f83d9ab5be0cd19
8a615efe3b60db5f941da2070b3de54d5753f2d4e6d441603b05030b78f087cb
6a09e667bb67ae853c6ef372a54ff53a510e527f9b05688c1f83d9ab5be0cd19
3f86f639e74d567a91d2f6e088c758ae82af9e053f86fead6aff97f19e1a97dd
6a09e667bb67ae853c6ef372a54ff53a510e527f9b05688c1f83d9ab5be0cd19
f5993d5232b5f30be463c0ff472fbe8371e494f68bc258023318acff30843dac
df0c148ec40557528d50891a28ab427e0676e3f6acf0e9296597099e179f6223
6a09e667bb67ae853c6ef372a54ff53a510e527f9b05688c1f83d9ab5be0cd19
5e5c96fc0877f1c2c6ec1641fa55547ed07fa1be12c7545b4150efe863caf7b8
4ef8518ca59d643f9010a86416cfa9c4b0a06fb169beeaf3b97ec2de07ab9f68
6a09e667bb67ae853c6ef372a54ff53a510e527f9b05688c1f83d9ab5be0cd19
f77b7f336553c132085786945238dae5d5f552edec4ee18dc4395601a2226ef5
d1b0d738478803149dbab19e5750de7fa4f7382e87ed8df2eb2ff0bdc93a4372
6a09e667bb67ae853c6ef372a54ff53a510e527f9b05688c1f83d9ab5be0cd19
9fd663c050e19f9da1a897debbb4affc64adca0d3094f290d3f950a56048bb4b
6a09e667bb67ae853c6ef372a54ff53a510e527f9b05688c1f83d9ab5be0cd19
0545a5ab61b360bcb3bdb5b20d7a6e57a4f8a897c3400e7e249735f58cb79bba
6a09e667bb67ae853c6ef372a54ff53a510e527f9b05688c1f83d9ab5be0cd19
6a09e667bb67ae853c6ef372a54ff53a510e527f9b05688c1f83d9ab5be0cd19
b85ec4e7290b0372afdfc3711fab210bd396b1330da746b77069c6c8d7474c92
6a09e667bb67ae853c6ef372a54ff53a510e527f9b05688c1f83d9ab5be0cd19
c5745c61fe25fbee3e5e0b543bcb917adbfbf6ad9d262d166a8d7ade51c898c8
6a09e667bb67ae853c6ef372a54ff53a510e527f9b05688c1f83d9ab5be0cd19
ef97948bbcbcc9ba288dc8b2266248d82c5d0748f28da53a1505b19447bb8725
9aa5767655dd200bc2d58ec27fd954c6ca8f91aa7459631ac55b80d9968e5e91
57488925985e4697fff7ceae5d9642c501a156c3a1f080f9c156194e2e3036de
e9424f44e9c2e7ee56d1973bb244745d17cf4b73e25bcb10178734e13ae5b89b
6a09e667bb67ae853c6ef372a54ff53a510e527f9b05688c1f83d9ab5be0cd19
70e5e952f4d4f5edd4849e3a40b913bc4e1ddb42b318ed0baddbd5cb95932dc1
ac415d0d1deaa0e850c968832e6cf4db1da3481088c582f83e7573120be114e4
9cdbfa00440c7877f7756557e6348bee737bba869285b4b756d1422085d8d550
6a09e667bb67ae853c6ef372a54ff53a510e527f9b05688c1f83d9ab5be0cd19
6a09e667bb67ae853c6ef372a54ff53a510e527f9b05688c1f83d9ab5be0cd19
8f944e36e7ee84c0631722a730a96e46bc18c96e259838014521abfe8ac7a1e4
6a09e667bb67ae853c6ef372a54ff53a510e527f9b05688c1f83d9ab5be0cd19
845557564d3dc0f683022caf3cbb433fa043af0bb1f34a5f1657f93f6f4f7ad0
5bc1267db99ad6ba9a65b4f31eb2cfd209c45ac96439206d035f72981cd34fd9
24afb9d5051ed9752858094bc5a9faf5f9ec496d2cded711404590ad82af5557
6a09e667bb67ae853c6ef372a54ff53a510e527f9b05688c1f83d9ab5be0cd19
281e47cc3bcc8072610847bbd2f4d32cfa3dc0cf792e00cd3c88a70774fcd858
05107efe3d07664d386debf78f782842f63b74689343cef2fdfc87c8bfa51d51
6a09e667bb67ae853c6ef372a54ff53a510e527f9b05688c1f83d9ab5be0cd19
cd1fd700e18feb93d822dd3147763bca3b1f19953793b6484a77b2c3c6339b4e
6a09e667bb67ae853c6ef372a54ff53a510e527f9b05688c1f83d9ab5be0cd19
689da31ffa40c2eb232758bfbbc5fc28a00cba453ed213837c19ebc8e302505a
6a09e667bb67ae853c6ef372a54ff53a510e527f9b05688c1f83d9ab5be0cd19
6a09e667bb67ae853c6ef372a54ff53a510e527f9b05688c1f83d9ab5be0cd19
08eb7d8790930aed4fe07cca3422a654ba5fa8d4f448a51d2d2beb4f15545ce4
b886c40e3b0880315f5ca9e85f9545c947d06cf21de3606d8e51716becc51b3c
6a09e667bb67ae853c6ef372a54ff53a510e527f9b05688c1f83d9ab5be0cd19
a44ff24198043c6cd6c08f74a9e82eb5d3f8a58fd802bcead043ef380924e313
6a09e667bb67ae853c6ef372a54ff53a510e527f9b05688c1f83d9ab5be0cd19
6a09e667bb67ae853c6ef372a54ff53a510e527f9b05688c1f83d9ab5be0cd19
546d8e0cfc4b3c2947cea4227364b75ebc91a4d0a329815c84cb903d2a704c83
6a09e667bb67ae853c6ef372a54ff53a510e527f9b05688c1f83d9ab5be0cd19
706d4510e3570de923861a8ceea94e30351df311027c9390cb2b84e09d1ef810
344d2073fc09caecf73bf83a1737580eb6790550f5e6e1bc47368a61b656f17c
6a09e667bb67ae853c6ef372a54ff53a510e527f9b05688c1f83d9ab5be0cd19
5210925a48088f62f5f06e1b289d5f598e9aaede810504ee8de21b4b187ed14d
ee9ee0b6cca277efe235dd67d54ab0b09bae002c879a6653883e090996ba3241
6a09e667bb67ae853c6ef372a54ff53a510e527f9b05688c1f83d9ab5be0cd19
202c3c54b49a3e75428ccd2ac0c5e414c279122091dd05e814c934b59aa732e0
2c355906b66192635b3ea712ee975730aed1867d5b4a82ef4b3ea1b0b474050a
6a09e667bb67ae853c6ef372a54ff53a510e527f9b05688c1f83d9ab5be0cd19
669696e92f63db9747a80b52171a4ee0426f787b219a8484b34635f8f8a18616
3db1ca7361b7dbfc68cdf01d0cec34d8e9e8c3389e2e917e62d4ed5c5f6f898c
6a09e667bb67ae853c6ef372a54ff53a510e527f9b05688c1f83d9ab5be0cd19
6a09e667bb67ae853c6ef372a54ff53a510e527f9b05688c1f83d9ab5be0cd19
77a4f56eeba0ddf6a4c3994dee72c64c9c58feb8d692bdf5162c821059c2b7c4
6a09e667bb67ae853c6ef372a54ff53a510e527f9b05688c1f83d9ab5be0cd19
5963355c9c31fc33734c97c5bbcf2145ba91a33e0a41f7f0fcd9f269c317c106
e5ea6e49a660033fcd599142d99aff70ede54168f14623330d4ac7b8ade72d7b
e89bb81bc8aeaa9da18f6adbebe1217882c39883c8ee2aae75461040f3de29c4
6a09e667bb67ae853c6ef372a54ff53a510e527f9b05688c1f83d9ab5be0cd19
ea9c142a0651788d577e105660737de90da1ddf7704c40443709064e43bbe191
f85b68334bcff821813e8d9444ead6add7ac1e9af6ccc21d4de7b451af905cf8
6a09e667bb67ae853c6ef372a54ff53a510e527f9b05688c1f83d9ab5be0cd19
6a09e667bb67ae853c6ef372a54ff53a510e527f9b05688c1f83d9ab5be0cd19
6a09e667bb67ae853c6ef372a54ff53a510e527f9b05688c1f83d9ab5be0cd19
5ccc94115342c25cfca0ec3a334952adbd7540df1c37542075448a5bcdb8d2f7
e1c7b07bacc13f8e631b40899a0d607d4c801705a7810774764681921a9bebe7
37f8c55701a395a99031ba94c90345ffe077b0c1755f92257f4ff88cc0f62ed0
a5f7acb3ed951f82266a9bce52e24d2236eafe0074f4bb07a73bc768d2c75412
6a09e667bb67ae853c6ef372a54ff53a510e527f9b05688c1f83d9ab5be0cd19
fefafaf9961db34248efc680a04f992bc16137558bcd887961fd2b02da6596fc
44d67a73d1ee9f517598cdd6a63e5d7c0683592d7b4156345618927768332fcf
6a09e667bb67ae853c6ef372a54ff53a510e527f9b05688c1f83d9ab5be0cd19
835370bda6ebcb51e67e8355c3f97f5919aafa423ce66021241a2dbdd9bfaa96
4941fdf765439465a16f9e77a301331bac2f2072bda004391431005f509d6f72
6a09e667bb67ae853c6ef372a54ff53a510e527f9b05688c1f83d9ab5be0cd19
6a09e667bb67ae853c6ef372a54ff53a510e527f9b05688c1f83d9ab5be0cd19
6a09e667bb67ae853c6ef372a54ff53a510e527f9b05688c1f83d9ab5be0cd19
5dcc75fb3922352c554cfa7b877ebbfba5bbec66af1c8a04656f7bf9974761c9
166ddec0d367f31d0297167db92e70fdd99438a83dc735623020b1400e1841d8
63631561c914d5db58f0f679fcc08ce292fb39b1c10250d23a9ccbedaf47f681
32e58d770239131d560e153ff75affc49f3658071e6154ab5922e6da139905b1
6a09e667bb67ae853c6ef372a54ff53a510e527f9b05688c1f83d9ab5be0cd19
6131fdb6b98de0cb926db6f6e3813769737f0a0a22d8c0a2a8d4faa36d3ac86c
8c09fc81c7c0c9ffadb4a526c67b8da943050a3ff8f94fa5397c5b64e67c3036
6a09e667bb67ae853c6ef372a54ff53a510e527f9b05688c1f83d9ab5be0cd19
6a09e667bb67ae853c6ef372a54ff53a510e527f9b05688c1f83d9ab5be0cd19
70f7742fe11708c6f268bc7c55987c43c74669572f883596ac6ace6fbd7edfe0
6a09e667bb67ae853c6ef372a54ff53a510e527f9b05688c1f83d9ab5be0cd19
ae706168270cf5f94b45c6e8cf012bac8c498869f030263257e859065857cae1
30ecd80434e770f8828a464b529d7acded57a881a7c3c4f58ba8dca817d224b9
6a09e667bb67ae853c6ef372a54ff53a510e527f9b05688c1f83d9ab5be0cd19
0033a309c368d15738e05d6068c6063129c34dcdbcf3133bf1c5ab2853ab84b9
6a09e667bb67ae853c6ef372a54ff53a510e527f9b05688c1f83d9ab5be0cd19
20d883d9101dc808dfa0d95944da221b1a060f9749521fb5d38a9267c10f29f1
e89553d271b9041d2a393d815e01b528f0c22282a0c6bca7513a627057ccf24b
629483946e6136ea763e6941dcce1f181c2d8e529939f67e25364ac3bb0f723e
6a09e667bb67ae853c6ef372a54ff53a510e527f9b05688c1f83d9ab5be0cd19
fb97158f061b056467d56ffe068221e1e154c4e9b787812df4d7dd90717c39ad
6a09e667bb67ae853c6ef372a54ff53a510e527f9b05688c1f83d9ab5be0cd19
bee5b3c0313bbfb8765bca83924d98205e5c4e33308340085660be6f91a9a50c
782518a1326d5d70ddf638cf24285cf30a131b0aaf6d48c42ed1ac7c4311de06
c0b3cda24c50dedac408432c50e824186128afe1e5074fc209cf2d00643553d8
6a09e667bb67ae853c6ef372a54ff53a510e527f9b05688c1f83d9ab5be0cd19
6a09e667bb67ae853c6ef372a54ff53a510e527f9b05688c1f83d9ab5be0cd19
6a09e667bb67ae853c6ef372a54ff53a510e527f9b05688c1f83d9ab5be0cd19
6a09e667bb67ae853c6ef372a54ff53a510e527f9b05688c1f83d9ab5be0cd19
7157815cd49d81fb23c6f578464baae203945e6f995d4a3cb08250f22ecb6347
6a09e667bb67ae853c6ef372a54ff53a510e527f9b05688c1f83d9ab5be0cd19
0df3b94ffd43bf0ae453ec6db63a18698038f84deb7df18c86a822c7a317144c
e74eced35ec36efce14d416906d11ba86ae4d563ca8bba3bc318b073534f40f2
124950d2954e89bf3df8842470b1c33faacb4f8ca27a79cee4dc1861119558a3
6a09e667bb67ae853c6ef372a54ff53a510e527f9b05688c1f83d9ab5be0cd19
11e653cfe4dcd1b86150cdf729e14c6cb4f4a48fc875c2f77f0a4e25d26012d4
31ff78342e0b3963f5d79c77beea426465103cc0c033d141f2bafe6733362a48
6a09e667bb67ae853c6ef372a54ff53a510e527f9b05688c1f83d9ab5be0cd19
6a09e667bb67ae853c6ef372a54ff53a510e527f9b05688c1f83d9ab5be0cd19
973f9c28bcab1437ddcff9f5e8c4f1691f0d2dcda05ad5ac9b57ced06d0e6810
63ec47bca120e8dfa063a2fe716f64aa3c047bd5d14fb2eb30a6313fd7652bef
c0eaea92bb86cbd4dcccd4c9c881a61ebb3bc219448e244adaf229128d6f8c3a
6a09e667bb67ae853c6ef372a54ff53a510e527f9b05688c1f83d9ab5be0cd19
87ea23a689413e88303aca531b6ebd4bb8d411f9260ee7633bb05c75b3c83e74
6a09e667bb67ae853c6ef372a54ff53a510e527f9b05688c1f83d9ab5be0cd19
fb7062140ca4776f755c1c184a2a2d3b5e291653c4a8e47743748b1dbc858d22
6a09e667bb67ae853c6ef372a54ff53a510e527f9b05688c1f83d9ab5be0cd19
4c2ee1f8f31f69e798c874b7a4b7284f3c6b05f734328ce8c7e0e104c4078bd5
6a09e667bb67ae853c6ef372a54ff53a510e527f9b05688c1f83d9ab5be0cd19
0cbce74f19b08db5744a3712b0aed8525cb58399567343b4d8d497ef0d93c08c
6c3a2f9d53b27c7e0dc9912a45cfdb28365bbe2f70ada51743d93e636c32e206
6a09e667bb67ae853c6ef372a54ff53a510e527f9b05688c1f83d9ab5be0cd19
66f85e9b099eec3d712bb0de739dc996ccad855f244719a1c176510fa9db6e44
9a772d92b1fde21457de37cd9fdc54d4940ad2a2a212ae72337a56c602c59e9c
2ef6a04f43d7efcb35189698ba92b34ce2f20cd109aa21dfcce14224d46f8adf
6a09e667bb67ae853c6ef372a54ff53a510e527f9b05688c1f83d9ab5be0cd19
3d515e74045254125f5ca40a76211b48277b2010f73afb724c4c61cf8f112c20
6a09e667bb67ae853c6ef372a54ff53a510e527f9b05688c1f83d9ab5be0cd19
6a09e667bb67ae853c6ef372a54ff53a510e527f9b05688c1f83d9ab5be0cd19
ddd31688f5110fe1e86507dd65b17d4bf9b33040d2df283aa1fdc2ecccbf531c
6a09e667bb67ae853c6ef372a54ff53a510e527f9b05688c1f83d9ab5be0cd19
6a09e667bb67ae853c6ef372a54ff53a510e527f9b05688c1f83d9ab5be0cd19
5101791f081539d7aeb5539d0143ec40bde2498c0b215642b6a71fb3dd8334c5
2604ef2a2cab4710eb58f271064f38b538d367ff5185691d5efc5efbc92b8590
6a09e667bb67ae853c6ef372a54ff53a510e527f9b05688c1f83d9ab5be0cd19
09050494be8aa0921a649ea32dea7daef83e01a0334b3c0f1f51da54c1688c02
1bc775bdd7389e390193ee91fb8edd5d158b45dcacd29b83c91f6491b77b0908
6f206ae5713d65cd9975369e1f3e01caee33676b45144396fb99d69ad9113455
6a09e667bb67ae853c6ef372a54ff53a510e527f9b05688c1f83d9ab5be0cd19
360596cee6ee8d51c7ab83c245c7ad0f308769b8a7ebf7a23096bba0197a87ba
7a6f9855a1d1d3905735b93cfc46ce1618814ba5ba24589884a6bb202def808f
6a09e667bb67ae853c6ef372a54ff53a510e527f9b05688c1f83d9ab5be0cd19
6a09e667bb67ae853c6ef372a54ff53a510e527f9b05688c1f83d9ab5be0cd19
05aa66090c79b23bb192acc07b7d3bf03f366b5eeea8c1c92ae937c07f92d8aa
3b57d0166dd20a6e50a06ffdb42d496124a1a55727ec544956d98037fa58385f
0453a6f2f84a6a8ae1418ef5c6528bf18045a633e6430ab35dcc28c0a77c6d17
6a09e667bb67ae853c6ef372a54ff53a510e527f9b05688c1f83d9ab5be0cd19
7a25f1d6d2b9c0ea7214169f205c214bafc933939bf73c7d6ac6d7db0cdfd82e
6a09e667bb67ae853c6ef372a54ff53a510e527f9b05688c1f83d9ab5be0cd19
578e283a26edddce75ecdf52b549fa82ed1fdb6ee2b1eaa40d0b07009392d965
6a09e667bb67ae853c6ef372a54ff53a510e527f9b05688c1f83d9ab5be0cd19
4f6f923f765021fab02f99dcc09fbf405398ae994c92615ef70a8656f424a7bf
6a09e667bb67ae853c6ef372a54ff53a510e527f9b05688c1f83d9ab5be0cd19
6a09e667bb67ae853c6ef372a54ff53a510e527f9b05688c1f83d9ab5be0cd19
6ac86079cb016e0d3ca5787c9ce239194ff8b323911491050ea57c8cae72e95d
1ca5a9fba1e9666ad8f001fcd2918c397c49284cbe4d9d9b5893645cd062c102
1baf77ae0cd4cb3d45321f7a103fdba8a4e300754e516ad7c4ee46795055a6a5
6a09e667bb67ae853c6ef372a54ff53a510e527f9b05688c1f83d9ab5be0cd19
aa9fc7d4ec12068979b291d55fadac89f00a296b26b18399099e80d696026cec
6a09e667bb67ae853c6ef372a54ff53a510e527f9b05688c1f83d9ab5be0cd19
06d6e08a00353979f3f849890bfc0a3234f0d52019b5b2421b991370d978eb7f
076728ea4bf86b337f9eed4e64a8a626790ec2287786dd618f59ab3aa8fc3131
03e670c09efff6e85bb7b76612e4ee2cdaa5c6703a2344e1b1b259021fb1d47e
6a09e667bb67ae853c6ef372a54ff53a510e527f9b05688c1f83d9ab5be0cd19
c8759800df6a94278d66077b120699538fe26b750c59fcdccae8db268924b968
251c2e0fc9acbf0dba3cb253d50c338120b39f5cb900c89a3a5694192dcee67f
d100780457212295bfcca175a9b3079a92fe1f631228fb3abbabef9534d6a1ee
e0bbcbc1132ebed9a7804f5cc1508dc5159204c9334b9322f406a33a0f8ecf7c
6a09e667bb67ae853c6ef372a54ff53a510e527f9b05688c1f83d9ab5be0cd19
9b0bfadf11ff77fe2bf7293a226360e96c6d684b6b67d741c183a634b5be9b0c
87387be726657c2144f691e1e92a93d99703d0f91204dd49708918a1eadd28a6
6a09e667bb67ae853c6ef372a54ff53a510e527f9b05688c1f83d9ab5be0cd19
6a09e667bb67ae853c6ef372a54ff53a510e527f9b05688c1f83d9ab5be0cd19
dee978b64e3592793d6a8a9f48d77b589836f1dde8a86e0b9ddc704f15402141
f15c252de3428335da1e4c317d80fba4e297053c0b1e0fd0a19667a588d08b02
6a09e667bb67ae853c6ef372a54ff53a510e527f9b05688c1f83d9ab5be0cd19
f2fa89bca997e9c16a43c248bf918e20987a928e82e2f375f9e4850da5aa63a3
314f63359e0eca95958e9a93615680a83a1e59dc3a83fa8513426497d9a34d40
17c8d4c584999bff4e93cc1688c9d1697a5c97eeac51c8b4db368d7f1572c7cb
6a09e667bb67ae853c6ef372a54ff53a510e527f9b05688c1f83d9ab5be0cd19
138bb249d91192f6c28c5aabde454cc5d6d6fb705a9266094f13e3960e8fc724
8526ac1f5a5e16fe0f3644f1898c02a6f2f80888394fb471a68ab0b7830e7bb6
6a09e667bb67ae853c6ef372a54ff53a510e527f9b05688c1f83d9ab5be0cd19
7f6af1886bca5f06785dac88f07938c8e563a5db39c13a4802d503438fc1c7db
36a4d601758633cf3943657bc848c8f00f2d3ccf0751b9bea72070bf14a91a2b
d24511c8edccac5af896e6b507e797def39403bf1addf907f68ef5a34f5ebd7a
6a09e667bb67ae853c6ef372a54ff53a510e527f9b05688c1f83d9ab5be0cd19
4e8264605e972f169ff583e97ed0de0b7a5f1ab810692e518a34476fba8a71c4
7acac7a34d5c4b3def7d1dd990c08846ac96dccbb90d0d76c2377549a4b405c3
6a09e667bb67ae853c6ef372a54ff53a510e527f9b05688c1f83d9ab5be0cd19
5e94b6d30c5c6fcea95e27e4530cec05b01b2d41868f628b172ce8e8febcbd58
b07fde24a62cef4e300ee5c0a45e9a5d4f6b3fa8beabbaac7ebd4e34a588430d
9531ffbc22b054ece1c0e0e9e12bc50a0469ff61fe1eafc4744514daecd5243d
6a09e667bb67ae853c6ef372a54ff53a510e527f9b05688c1f83d9ab5be0cd19
6a09e667bb67ae853c6ef372a54ff53a510e527f9b05688c1f83d9ab5be0cd19
f3b2cf831bc46a5b851604e8969ae514036f3056cb3246750ba14ea49da88a78
dff7bcddc93dc71ff5c0ed93ea6fa3a5832dbacc6ed3261c17b1d987c0fdf18c
32d31d0bc12f43e27423a7f326d2d7174517fecb014c527ebb37f3eeb742a92f
6a09e667bb67ae853c6ef372a54ff53a510e527f9b05688c1f83d9ab5be0cd19
a64afa59940faa5b7c677d789a0d693086ae4c244378938f92c9d408865f68d8
6a09e667bb67ae853c6ef372a54ff53a510e527f9b05688c1f83d9ab5be0cd19
1b75f9016c3fc35180c2e7cbc796c42ff2f20d19d25244c9bb7568ce55ff5800
a8969e570b43b08bf3af8161fc1dc72617ed3e901a3774591e08c338912ac893
6a09e667bb67ae853c6ef372a54ff53a510e527f9b05688c1f83d9ab5be0cd19
7f50542467583935ef7b69b1527cf6f35526cdb7e845eeb33e7778d15623abd4
56797fa32c2183414d5531cf9cf3988bd83806198da3803246f5b8cf755de1f9
c742b436cd1af33d1e1b843ca51100ca77486fca9ce7d63af6655b98b35549f8
6a09e667bb67ae853c6ef372a54ff53a510e527f9b05688c1f83d9ab5be0cd19
6a09e667bb67ae853c6ef372a54ff53a510e527f9b05688c1f83d9ab5be0cd19
2210a1a334c598d951f5a5017d23501a245cbc1ba7b3e0f1c3e840da25c2c2f4
46c40495063cc240705469aaf571daac77b95e4e69b622350f6fd565eca6b0c2
6a09e667bb67ae853c6ef372a54ff53a510e527f9b05688c1f83d9ab5be0cd19
9fb18704c81d2df3402e5ea57946861d370718bc120ec08d80883c27995b05c7
6a09e667bb67ae853c6ef372a54ff53a510e527f9b05688c1f83d9ab5be0cd19
6a09e667bb67ae853c6ef372a54ff53a510e527f9b05688c1f83d9ab5be0cd19
a07ef29aa2108aa4e6741c10b9f37d9a8ae8a33f50f59008dbcaba151b1b66bb
b0e2f5809afef01cb15cb0ee7b6dc4a6a50bc9a253d2901fa15279c69339145b
095dd0afe873640e11e196fcc2dc4efd993f1cbf36a4b6b7fca5a12bb84c615a
6a09e667bb67ae853c6ef372a54ff53a510e527f9b05688c1f83d9ab5be0cd19
817133fc21755cb1b6a418c144c0203606be22bec3bb35bead1815a24a665a12
6a09e667bb67ae853c6ef372a54ff53a510e527f9b05688c1f83d9ab5be0cd19
89d5ef7ecfdedc256b8197d19560a1c752e75ae8fed5cb58310af342d480d4c2
ea41aa17a551a907bb53165a78ac4db1c094b8399b27d2acf21022baf393d96d
e66042a6f922fdede9c8a559387f3a770152a084874ee65b9125aa646605d0a4
d6ac64fdf5e088510d9e019f2b7fb3af75b7a8307591316e9cf078d52b0e0b28
6a09e667bb67ae853c6ef372a54ff53a510e527f9b05688c1f83d9ab5be0cd19
6a09e667bb67ae853c6ef372a54ff53a510e527f9b05688c1f83d9ab5be0cd19
6a09e667bb67ae853c6ef372a54ff53a510e527f9b05688c1f83d9ab5be0cd19
6a09e667bb67ae853c6ef372a54ff53a510e527f9b05688c1f83d9ab5be0cd19
9bcee1ff58a7fa111569b1f97984e4371356a0b9974ce77f62764158419d27ef
6a09e667bb67ae853c6ef372a54ff53a510e527f9b05688c1f83d9ab5be0cd19
610eae304f6f71bee0a049cf684de144c1d5cf65cd7395d3a1d63d111d19dd99
931c547e89493d15ccca24fc01346973f40c44320b27072d95d1a05a70906118
6d96f3d5e42654e0b7afd72489cedcd121813cf4e248906bbb6b9e808f7fa5ac
1cdc8e7acc8bc55a63b7c7776a92a305a0b0c4df4cb77197414d6f20032b6a99
6a09e667bb67ae853c6ef372a54ff53a510e527f9b05688c1f83d9ab5be0cd19
6a09e667bb67ae853c6ef372a54ff53a510e527f9b05688c1f83d9ab5be0cd19
a3aa40e6ac4ed9b8f8950f98c5dae7f478b47edf7d3e52d5dc2071dd63cae87c
6a09e667bb67ae853c6ef372a54ff53a510e527f9b05688c1f83d9ab5be0cd19
fdcf3e7d732c9544243cca473e2d82770d07039a0a87a3c22bafc23c0149b6c5
0151ddf157f1882b93c7656f4a8eecd3b194252621950a2550ca0e21a06df720
8ab34995862a19e1a84e8c5bbbedf9d20ac9cb88a6f44f627a4520f16e9bb55a
6a09e667bb67ae853c6ef372a54ff53a510e527f9b05688c1f83d9ab5be0cd19
a8a18af09c90b8cb22023ef51b44c26a5b1f54e97397c3f50ba47fcfd0d56ec8
6a09e667bb67ae853c6ef372a54ff53a510e527f9b05688c1f83d9ab5be0cd19
e491da2826556cb30eecfa08ae15515c15affe9ed5cda084799d9c24a14f0ffc
334d9d73582240efb25e4fa7fd2150a94c0467d8e654cef41f00dcaf8af0bfec
6a09e667bb67ae853c6ef372a54ff53a510e527f9b05688c1f83d9ab5be0cd19
425ac81fa01d19aa94f0f2b57218134735286e9f4c823ac87497f1b5738c6395
6a09e667bb67ae853c6ef372a54ff53a510e527f9b05688c1f83d9ab5be0cd19
f1787b894bbb764a51b91e605fe13b983d8ab88b426bc0127f70976e8e042f28
4778f0e60d8570221ea28286197f94747e730ed40377dcf0d283dfd85a80a573
96b4a05fa6f3bb2554980239da81559733bb50cda7a3fb04790b7e1650c1c0b1
6a09e667bb67ae853c6ef372a54ff53a510e527f9b05688c1f83d9ab5be0cd19
4590ea46412135cdccf0ae99040f9ce9d29b6ea24c794748b295e06da2aa77a6
6a09e667bb67ae853c6ef372a54ff53a510e527f9b05688c1f83d9ab5be0cd19
18bccbaff61877fa3bec0f20ad5cd0ad4e748bb9b90402e19f0e18926d384c13
c46e9af960c1d0f4586b328ddbd8a6651825eba1921b97f13105d747381a90a9
6a09e667bb67ae853c6ef372a54ff53a510e527f9b05688c1f83d9ab5be0cd19
6a09e667bb67ae853c6ef372a54ff53a510e527f9b05688c1f83d9ab5be0cd19
487a94ffbd8c349236f90a46db31bed5a1cdf12c599b58c6ded026795657c607
3b9c4cdbec2139f1db7700b5237dbdc441bf13846ffb9b0a16e719fbf41e32cc
6a09e667bb67ae853c6ef372a54ff53a510e527f9b05688c1f83d9ab5be0cd19
28554daeda11aa9458a1a685e5dd5e6aa279e3ae226ef8168b6b589bede8ab9e
8fd69756bf34f9b5a353f91c7a1d37d3deb47883bd0989defe8c73485b0793be
6a09e667bb67ae853c6ef372a54ff53a510e527f9b05688c1f83d9ab5be0cd19
7d88f3b9184561384a8621eb268d55ab42b1a5d838282be4813103286c658a3a
a77564ed9b4da0d95e4248b369c9cc5962b3b371272781a66f9817644c9413a7
6a09e667bb67ae853c6ef372a54ff53a510e527f9b05688c1f83d9ab5be0cd19
65fe3d0edc743f3c11b9e9334474a7b68fd83ab2e7c002c902f0d47ae370f82b
6a09e667bb67ae853c6ef372a54ff53a510e527f9b05688c1f83d9ab5be0cd19
6a09e667bb67ae853c6ef372a54ff53a510e527f9b05688c1f83d9ab5be0cd19
c0ea25f9ffbd94a58a7544c9c119feccb6aeca18a0177954945f70781ba49e67
51dc245c10eb6003833fa1e9353753b421b7d7dcd5b565a96969d05f6469cd8b
6a09e667bb67ae853c6ef372a54ff53a510e527f9b05688c1f83d9ab5be0cd19
7c4c547cbc56c7b859e568052a8b0d179976e3b139e09a986db74c141427e58d
28ec950e891c334bf507e1b9389f446f71e15068abaf0724d2bb1a554776dbad
fd3f47cd4bcbb7dadcb9d84927c7631bd687a5d8662f593f0eb905c184471a3b
6a09e667bb67ae853c6ef372a54ff53a510e527f9b05688c1f83d9ab5be0cd19
f1edaa7e9b38e239bf6c12957bdd26cc80bc022544a29a3d43cf960d01ed1650
3889a9f90d4df43c2464e083563c6a09e926bc921b362c8e2d5faa0eae9a4edf
6a09e667bb67ae853c6ef372a54ff53a510e527f9b05688c1f83d9ab5be0cd19
5e90245a8dd846e0451c05da704b23d3c4f8f185891557b0a37f608d7c212df8
893e9536e61aea83496ee2722c598fe850f21178126241978fe3c538c553de1f
a3793fb3ed9c053af94a3b32e304fddfc3d0c03136766a4dfe14a3f9967c43f9
6a09e667bb67ae853c6ef372a54ff53a510e527f9b05688c1f83d9ab5be0cd19
f429de3bd2207c278e771fd3924b167911d7be871fec2cf8051dce005a590911
93d08e6969369e0fdf583f76a9ff48b129a2d0c545abe9f58d14d2ba16061546
b1799f941ebff0f1aad278a287b7963b1e4082bb7759c6fd443d0fae5ee0509a
6a09e667bb67ae853c6ef372a54ff53a510e527f9b05688c1f83d9ab5be0cd19
c910c1610163eb157aa42b34ff46a9222bbbe15706cb2d52cd193b6347783f8e
d245b3f12a937ab1960f2f7d8b8d1e08e14fb2ad47dbbb4df585f58c2ef286fb
6a09e667bb67ae853c6ef372a54ff53a510e527f9b05688c1f83d9ab5be0cd19
b77a122fe56ef5330eb4a0b789d173c7c5d44097a544dbf1da22d3d6e768ace7
6a09e667bb67ae853c6ef372a54ff53a510e527f9b05688c1f83d9ab5be0cd19
13a9368999cde831765cd6db8b2f3c3c84dc71905c6bba002d8a79d428dc4b54
6632a996366003d2bc478c690503a0c9876d7bba2bd2b5db183df28185e9fdc4
75433d276675f4d9932d33054b70e405fc51de37047af7195c5dcd3cd0712842
6a09e667bb67ae853c6ef372a54ff53a510e527f9b05688c1f83d9ab5be0cd19
6a09e667bb67ae853c6ef372a54ff53a510e527f9b05688c1f83d9ab5be0cd19
6a09e667bb67ae853c6ef372a54ff53a510e527f9b05688c1f83d9ab5be0cd19
6a09e667bb67ae853c6ef372a54ff53a510e527f9b05688c1f83d9ab5be0cd19
93918584dd3acc02aae97fdc46e4d6d9751fd4faf2d4684c66ef70afd6b9788e
6a09e667bb67ae853c6ef372a54ff53a510e527f9b05688c1f83d9ab5be0cd19
dd98d098681ed5e005cc0faca062f1ef6680b87646499aae576e87d491329328
6a09e667bb67ae853c6ef372a54ff53a510e527f9b05688c1f83d9ab5be0cd19
6a09e667bb67ae853c6ef372a54ff53a510e527f9b05688c1f83d9ab5be0cd19
6a09e667bb67ae853c6ef372a54ff53a510e527f9b05688c1f83d9ab5be0cd19
2a94d8636ae926f1cd30b84bac9d204bb674698ff628b743184a6d7110ea984b
603c20b6aec5d6a78b6bd294a6e23572e1990455fbc6368d1dec154be900cfc8
b864c5f0225a87e5b6a60bdccfb9e7aa8194b8e6ec1bab6fdc18d34961217407
c1ab126e3ade4c38b69d09242960e90e5a886d7f289886a5945c77ce2ef522eb
6a09e667bb67ae853c6ef372a54ff53a510e527f9b05688c1f83d9ab5be0cd19
f8d6fdacce11de009a51daa683ece27c6aad7c5ab41db1868ff029795c5d85ac
689169a101b4baea932e550c64f4ad5c1279fed8ce49e0ff22ea8f13cb6d7b1e
6a09e667bb67ae853c6ef372a54ff53a510e527f9b05688c1f83d9ab5be0cd19
d02a00cfdd0dc57eb0c73cb061d78d1bdd58b50418294ba9c1e0942e7853a7d0
6a06950379573b11a059d79322089c5a13c4f7a17e26123f00840f401cee4acc
459a6a5c80d51240a1642826a361a950378ba4f80bd25e514ebfbadc56043ac3
6a09e667bb67ae853c6ef372a54ff53a510e527f9b05688c1f83d9ab5be0cd19
10a8f73a2714ddfc3e1cd71dcd042fc6b55f8bc32c253ea699e329844a1d6ff5
6a09e667bb67ae853c6ef372a54ff53a510e527f9b05688c1f83d9ab5be0cd19
034abb80d5f6a5a10281a79735188c2aeb5791dd66653e9cc3340b2a9105959a
b43d8e2514709adb620736a2605d13958ccb9c10d9ed3aee504220dea5917cb9
543756f742d2b27fa0e1949a617e5a2e272eb44177f4a6cfe607c069c5cd60c7
6a09e667bb67ae853c6ef372a54ff53a510e527f9b05688c1f83d9ab5be0cd19
2c67716dbec43bc5f2ea6ef7f4496f0eafe8e2f881548cba5b4f6a51e5a7175e
1e9290c8b6c59d5fd17444740158309f2bd6346d4f9dd019737aefaf15227a4d
c6f9c1b6295d448d73c8bebee561bd889d8abd90d8514051a991fe7392cf6753
6a09e667bb67ae853c6ef372a54ff53a510e527f9b05688c1f83d9ab5be0cd19
962f2d7f965ee1fb6fbcf2e33557fab58ab049956d7c4a4ead3fda136d337db2
2eefed08699cfaa6c497d5dac4711fa3c4a3b42b5c057d85179f1d1638620354
6a09e667bb67ae853c6ef372a54ff53a510e527f9b05688c1f83d9ab5be0cd19
6a09e667bb67ae853c6ef372a54ff53a510e527f9b05688c1f83d9ab5be0cd19
cfdef74ebcbd84780334b89355f7436626a5903774e900c01f0c903df9b1c877
952ffd3657b383630f1b07b91f2cefa8231aa4b87a1bf05fcca8d0dbef7d6673
6fcf9f9f57a387da6427501c15b560182f5cc5c37cb96ed78f0d5d98b7e998f8
c6edc59d19e6888a3dc621b2be96ae259375c4ece2624489ccbd80959e0ed4b2
6a09e667bb67ae853c6ef372a54ff53a510e527f9b05688c1f83d9ab5be0cd19
d73c7217b78b7499a2b50a314a1c4d27b7c3613eefa5be338b0e41bf4666a029
6a09e667bb67ae853c6ef372a54ff53a510e527f9b05688c1f83d9ab5be0cd19
51fed3d153d70fe3ae2d6dd22161db463be6401c3e4a197a2e25e2b022a59a9d
6a09e667bb67ae853c6ef372a54ff53a510e527f9b05688c1f83d9ab5be0cd19
3f50f035902985cb1a1df9b1b095bce07877acec4d1c91153dd7dc432e38e54b
6a09e667bb67ae853c6ef372a54ff53a510e527f9b05688c1f83d9ab5be0cd19
b6b4738e56aa5a16a48f8b8e4ad1d31e828b3eaf745ab46a82aff30ccd426cef
b9f03eb53f0f8ea39d5c9679ba35a4cd85abce406b0905441d428c564840c733
55077b4f3cd5035c0b22252684f773d865e480157bb0e18d0fe34bdf6104eb09
6a09e667bb67ae853c6ef372a54ff53a510e527f9b05688c1f83d9ab5be0cd19
6a09e667bb67ae853c6ef372a54ff53a510e527f9b05688c1f83d9ab5be0cd19
d302b06b9737dce85f9788fb63f07cc6aef827e6a3e90b636567e5aa0bad1b6f
41e74fa26c0d532d878b03c520abfbe67c045ba41161c4387607c2b8f22cd092
6a09e667bb67ae853c6ef372a54ff53a510e527f9b05688c1f83d9ab5be0cd19
7c69f0439a1d74a7eb9a7f2c0232c0684f22885a23a601eb488cac80dd78fd34
6a09e667bb67ae853c6ef372a54ff53a510e527f9b05688c1f83d9ab5be0cd19
2925c2589a5c4206546ec035fe968145b5ca3871f7414d7f090b8641837f1e12
f0cdc2699e5f39765ca1dd8c929db260d4e2e3e29a075e9a94d8b5218f48f14b
6a09e667bb67ae853c6ef372a54ff53a510e527f9b05688c1f83d9ab5be0cd19
6f5e42df1f8ff95b3c5768ebdf6df792bd7bfcd5af821ef124f70866329a28b9
6a09e667bb67ae853c6ef372a54ff53a510e527f9b05688c1f83d9ab5be0cd19
bf5a2d85082c1c401a334f363692fb94883514416d7581bd271794347a1a8f52
138d622a255d79689a6ef6ed1c8a0d4e0273f3990a7d892347b73742aeb1d182
6a09e667bb67ae853c6ef372a54ff53a510e527f9b05688c1f83d9ab5be0cd19
6a09e667bb67ae853c6ef372a54ff53a510e527f9b05688c1f83d9ab5be0cd19
e5b46e8ea2cb8c265b92b274059be1dfaf84685415f8a4d3e1f4befa4486b142
92d3df05b9620869bd78523ed72ac179aeb1b3f07e2e8f824c9ab4d8d16c1716
77960274414f1a20f453a6fbfde169ca82dbc8de4e8e92bbc51626e712ffeb43
6a09e667bb67ae853c6ef372a54ff53a510e527f9b05688c1f83d9ab5be0cd19
8c5321bcb5347bc5237b3deefac6c4a9cdf3315caa40190c5a71aba9860172d7
6a09e667bb67ae853c6ef372a54ff53a510e527f9b05688c1f83d9ab5be0cd19
6a09e667bb67ae853c6ef372a54ff53a510e527f9b05688c1f83d9ab5be0cd19
deb966c32ceb5ac3784e34560a8c9fba1adf65bbf3c008f40c403f04540534a8
6024c9f3719be573ee4925a870b21433cecb439a1b7894af698c85a559355ffa
8be1391d7d251e2b9b9a6bcf2e9a4eb75376539c9495a636a3291b15c3f39935
6a09e667bb67ae853c6ef372a54ff53a510e527f9b05688c1f83d9ab5be0cd19
6a09e667bb67ae853c6ef372a54ff53a510e527f9b05688c1f83d9ab5be0cd19
30b1f26a1ca24cc68bd1e43dd804e211513017951ec0aeb39b46cb23096c4df0
6a09e667bb67ae853c6ef372a54ff53a510e527f9b05688c1f83d9ab5be0cd19
6a09e667bb67ae853c6ef372a54ff53a510e527f9b05688c1f83d9ab5be0cd19
1d4495b6c4062a52afb7e54525f65edef734ea72ec1cc0ac5d462cc713240b8c
6a09e667bb67ae853c6ef372a54ff53a510e527f9b05688c1f83d9ab5be0cd19
27b2b7a83803475e6c044b880de15a14a5ef629f4454b0d247620db3ac2e6306
5d6e695685fdb063390b4dae93c0c09fc923deb07d6b3e537b93078b1e5f56ba
2e2a0fff6cd28b7f30e77967db2d444e1eded91c62cbae80239e286bd0a18e94
5e6a1e2eed50af735b27b424b105bef6025cf04373a01a00e1fadb08fccf2c56
6a09e667bb67ae853c6ef372a54ff53a510e527f9b05688c1f83d9ab5be0cd19
9deae56191d60d1b15e975f614cae055e211c0a9e43780ce0e85ff978267a502
1bdb5e4e01f39f894b863856d9905e2908fbec044239774b20ae8034ba082ff0
99c2a378a80695b1d1b3adb5c1d1723921a7dfe6bede6782ff29dc9f097a5180
6a09e667bb67ae853c6ef372a54ff53a510e527f9b05688c1f83d9ab5be0cd19
2f51971abb1cdcf26cc7952c49fbe8a95530d538f8035615783328c807f57c85
6a09e667bb67ae853c6ef372a54ff53a510e527f9b05688c1f83d9ab5be0cd19
66a06f884ac0eb1fbd29a5758731469ae9cea751ae03562aa1c9cb85d6ee63b5
9f542483db0c8f1c9a3072f187283e441a84b335e2ad1970b49d44c3a27ed0b4
6a09e667bb67ae853c6ef372a54ff53a510e527f9b05688c1f83d9ab5be0cd19
91a8f7eb377ceccba8ed8ca2a8ef23f235a7485c64a7833e62fa74160399d09e
c27679a2db8b5835fa718a5cf622062ce098bd71402e8d1001ec17f2ba9dbd66
6a09e667bb67ae853c6ef372a54ff53a510e527f9b05688c1f83d9ab5be0cd19
6a09e667bb67ae853c6ef372a54ff53a510e527f9b05688c1f83d9ab5be0cd19
ea28d51cff9d153fe4215f4f31dd2b7fb80d757f1d2d3e795fe222cbdeaf6d88
6a09e667bb67ae853c6ef372a54ff53a510e527f9b05688c1f83d9ab5be0cd19
6a09e667bb67ae853c6ef372a54ff53a510e527f9b05688c1f83d9ab5be0cd19
c55ca3884044f39768d16fd9d14bab236e9415c4a24eae02ebed2e938459dbf1
77f4cec3d36e6de2a1a5a1bc3bf53dd6f777ce17fe282e194a3d167a4be02dba
6a09e667bb67ae853c6ef372a54ff53a510e527f9b05688c1f83d9ab5be0cd19
542328b324fcfe583c113a0351bec8f8aa2ed842e0b010dfb5d0a3ff5cc8bf6e
6a09e667bb67ae853c6ef372a54ff53a510e527f9b05688c1f83d9ab5be0cd19
73ef849c4be2b1b0fc3b91aa2fb0f2af0c12af0c54b0b8094faec5bdc608b92a
6a09e667bb67ae853c6ef372a54ff53a510e527f9b05688c1f83d9ab5be0cd19
dc65f2c04442f57575cc962cabd8d764cd557bd8da2d735eb023c6dce8019d21
4a38ce10756ca396b58bdc920dfb35ef73b465749742e65d4c8efe71bac6766e
6a09e667bb67ae853c6ef372a54ff53a510e527f9b05688c1f83d9ab5be0cd19
1a3bb52361c878a80343b718ce6e1f5065e7d7710c4e33672b0b5e03c197fb4a
ea3a727930fe721ea5100ccbe5dd2bd64149cf48ea44f97505e8def1d5d3bb01
1be83680cb7d703155ccd8bb0a5c22a672dd8bb3ffdf2471acb36cbe4ea4d3f4
6a09e667bb67ae853c6ef372a54ff53a510e527f9b05688c1f83d9ab5be0cd19
cecee1ccc0f33a9b450b6e9113e68f0eb549ddd782502164cbc218a635b26f60
4fb4cb683984b6dbc188e7cd11d4cd94eddb3c5c035c4530cef31ff5e48c01ba
d823b722c5df97dadccd6959a641a164821d52a219341a314e08ad20bf37d812
6a09e667bb67ae853c6ef372a54ff53a510e527f9b05688c1f83d9ab5be0cd19
25e7824f67f149577cab88dfeb4f8a832a7642afc86c386267272c938c87f825
2da94fa39d1f2bea55bce47334ded0f7867bc410b687b22fb55547bd83f435a7
2b6fc704407ad5d30ec8d45092aca1634f73f0ff69856221c906998b9fa55d0d
6a09e667bb67ae853c6ef372a54ff53a510e527f9b05688c1f83d9ab5be0cd19
6a09e667bb67ae853c6ef372a54ff53a510e527f9b05688c1f83d9ab5be0cd19
7c0d33b6cad0f714e0e08e81bba88f5ae72b80c2b2f8bb91f3cb24f80a201d77
59e88d22f038c14aeaa9a0bd7498c1ef5b56aae950fa7f0e3e2804b62902f7e1
6a09e667bb67ae853c6ef372a54ff53a510e527f9b05688c1f83d9ab5be0cd19
c5d9599898c696dde6ad5cb8528b1a2bcd6a831d77255aa2e6e7566e63984d22
6a09e667bb67ae853c6ef372a54ff53a510e527f9b05688c1f83d9ab5be0cd19
ecfce26013384100df6fdfcc659011d0c968c8259e6dbec9a9bfe91d85eea6d8
4b78103f4adcc686577b19cd1dfed4c57e2fd90fd8fb89cfd879c5c3ec59d3ea
6fc18404b51a3c48d7c35c3c353b0cf1915897e02f894eacebbad0e3b429facd
6a09e667bb67ae853c6ef372a54ff53a510e527f9b05688c1f83d9ab5be0cd19
9db1596c6376346998a4617e934c6326e468c7590b818acce700010b389f17e4
8da398d23f1121dba6816154d57b8b6cd0a42475ffe2358573c1c454edf7fecd
6a09e667bb67ae853c6ef372a54ff53a510e527f9b05688c1f83d9ab5be0cd19
128e8987eb13306a6094af77490d4c1de7af0aab5ce93cace0cc858a1e0f2b53
6a09e667bb67ae853c6ef372a54ff53a510e527f9b05688c1f83d9ab5be0cd19
6a09e667bb67ae853c6ef372a54ff53a510e527f9b05688c1f83d9ab5be0cd19
f19e50ebfbe18bd0081f69af581cc71b6e4bdcea02e18d45bc2f14df99151aab
6a09e667bb67ae853c6ef372a54ff53a510e527f9b05688c1f83d9ab5be0cd19
6a09e667bb67ae853c6ef372a54ff53a510e527f9b05688c1f83d9ab5be0cd19
b2ac99680b321b0685f0a17f824bfca67cd0eaf7ebc57990262dd140f46f1ed5
f5c31049b51465f405b3075499026877221ea384778d7d571d0fc438de0ca283
6a09e667bb67ae853c6ef372a54ff53a510e527f9b05688c1f83d9ab5be0cd19
010afe0635ee57c22067d43c7726212b44299c9a89a467477ced44f6f166a15c
6a09e667bb67ae853c6ef372a54ff53a510e527f9b05688c1f83d9ab5be0cd19
deec60b5617a61479623be29cee26465b2bd049ea706bb86c2d3711a61690b2b
e7477a1ab72d1fb9fbd22c307d2b30049af0ce343372113a5feb0f24e8970785
2d2dff3df181361761282dab16a16545beb59fb892a270a842ef583885e32c46
6a09e667bb67ae853c6ef372a54ff53a510e527f9b05688c1f83d9ab5be0cd19
b6c48fbedab2407d31135d2f18aa46731225ed4b471f22d121fb12c8cc93686d
6a09e667bb67ae853c6ef372a54ff53a510e527f9b05688c1f83d9ab5be0cd19
21a7afa48ac24a91329df342ad06f2ac049d1691237086628c43edf353e0eae4
5765c1a21b313db87dd9bc559de487bc27bcce47181db8947cea7740e1cd8124
9441755b9ee9d98d404a8b5df0674fed3bfc4a3c004d97e86f79380770129948
6a09e667bb67ae853c6ef372a54ff53a510e527f9b05688c1f83d9ab5be0cd19
f3342792ec1f1ed71bf3e893fb9fc2616d514cd9ee951f0509ee5cdad8af9029
8d36582d022e0e9c225cb7a47cb4afc05cfde7de071b249136cb89021caecd5a
c047b16f56e02cbe9d605874ae1c561d4f69139fae149f55b0be43129e5ce4e5
6a09e667bb67ae853c6ef372a54ff53a510e527f9b05688c1f83d9ab5be0cd19
7407d178303b06de468cf8ba2296804e6a8b2c80da85050ee1052b250dc78146
24120f79597060134dfd3565465c537dadca863c154d827ea48ae4a35bdcf669
f7d8e3ba0faeea0b9d61c19b9afec99c13d0fa28552ebbfd9fdcc0a17d8e1ff6
6a09e667bb67ae853c6ef372a54ff53a510e527f9b05688c1f83d9ab5be0cd19
b07f132457f60bdb77340056dc1e921a18a9588e29eb337a856726a595cec24c
6a09e667bb67ae853c6ef372a54ff53a510e527f9b05688c1f83d9ab5be0cd19
fdb9bed48b194fa00f520bc5d6810951fc486dcf9b53019ba05b967beadc3639
d58f2ada3f9181c047a0e862a0813fa2996d3816c7ad62f6fc3d55083bdb2fec
d9789bed8309ed91697baf5268cf4d8f1ac08a4dc38e304e1871b28db4dd784a
6a09e667bb67ae853c6ef372a54ff53a510e527f9b05688c1f83d9ab5be0cd19
ed68aa91f662b1ac9180960b4674adaba0ad6ffc5455acf3d35130b179a66136
6a09e667bb67ae853c6ef372a54ff53a510e527f9b05688c1f83d9ab5be0cd19
6a09e667bb67ae853c6ef372a54ff53a510e527f9b05688c1f83d9ab5be0cd19
6a09e667bb67ae853c6ef372a54ff53a510e527f9b05688c1f83d9ab5be0cd19
71517ce7e7b775d43fcebfb9f31f4a4b259087ca78f533ec57b6b4d214a0fe3c
22396aeaea581699d6755f3956b64dc3ed7844d70f5e6d06b13ed24378b7ce65
6a09e667bb67ae853c6ef372a54ff53a510e527f9b05688c1f83d9ab5be0cd19
711f6ad68ad691d7375e87dbe7ae158ccfa29caa8385b59690acce5625aac9af
6a09e667bb67ae853c6ef372a54ff53a510e527f9b05688c1f83d9ab5be0cd19
50370b347abcb06ab99f3131253896114b17baae300ac0eeb4b8c2a44a400c14
e42fc77224109c7c8b033081e22049e7cb46b1747c19f390013e9746e59f58df
a06aa00e7a77b49d2f0e011fa7790b62c527fa5c1437d1d4f128eb2ee83ca5d7
94dfff70c486a77099c8b91fcc4f3720ed5f5d8599168e4474dac92951f5cd56
6a09e667bb67ae853c6ef372a54ff53a510e527f9b05688c1f83d9ab5be0cd19
2fae68fb38e042f690533bf8e65b08882488ea7b55fa5ab8d2d15dc91a0eaef9
b80db38b8983d5842cf5b8dbee58fc6eb3261015ee94804368582255a4db26b2
1d517ca07f337598e29468bac59416173633605879bce75c9ca37532d0aacd86
6a09e667bb67ae853c6ef372a54ff53a510e527f9b05688c1f83d9ab5be0cd19
041a94cc68867eb36b91f3eb17869e9f8df36e8e37b0a966fbc44c6ce17810a9
4121a05ed0b89e6581f43796a1d41a2c6c6101a54cc4d1643cdeec3acea18611
348052408eb75d69e6f7ae08b1067754215043c0cb37edf7458a701a6f0b0ee2
6a09e667bb67ae853c6ef372a54ff53a510e527f9b05688c1f83d9ab5be0cd19
8081a624d82da4bfadb763d48fee8e409af60939965a32dae496382f7096944c
6a09e667bb67ae853c6ef372a54ff53a510e527f9b05688c1f83d9ab5be0cd19
feb7b7422b8626e1578d86e3eba028bd8944ca9d1ab96b31efcb9f9f2d136d97
72a346473b191554e08b7ecbd7a792a8e1e1453c9fcfa32b51b3315ef2295e7b
6a09e667bb67ae853c6ef372a54ff53a510e527f9b05688c1f83d9ab5be0cd19
bb8dceca596db7aa23e847ed11055c1dc4b1c642c6c3bcf611a1e3793c1ef95e
0915ecc9daf2e540d245b83116798e97fd54e4979b2f2b5c035d70f568957145
486859be34010e2aeb5d27fe52078911d96beabb750843123f1a115ff9a7d267
6a09e667bb67ae853c6ef372a54ff53a510e527f9b05688c1f83d9ab5be0cd19
6a09e667bb67ae853c6ef372a54ff53a510e527f9b05688c1f83d9ab5be0cd19
9210437a4f4db42055826cc29bdefbb77f47cde97f84b3014c925bc46d65574a
3ce13347a1e73e3c61024c8c9f252fc9417fd7cf073d0467f5fb4964e350d548
6a09e667bb67ae853c6ef372a54ff53a510e527f9b05688c1f83d9ab5be0cd19
1f259067133aecc7388a11de02885f11c92ef6ae1c411d9aadc80b5a26cc4f15
b4465dc55ae162982694f23d90f191636557c6f79b8229820611cde7c56030dd
6a09e667bb67ae853c6ef372a54ff53a510e527f9b05688c1f83d9ab5be0cd19
e63a11f8d88d6136bc9144501b93a658538fb53b9b2785c08efad7f165bb93cb
6a09e667bb67ae853c6ef372a54ff53a510e527f9b05688c1f83d9ab5be0cd19
f0fbcb8bb5254a0ada425a87b4ce4b72a64f0b939dfbbcbef2e00ee0a8b14c8e
6a09e667bb67ae853c6ef372a54ff53a510e527f9b05688c1f83d9ab5be0cd19
77d4e1dee4060ebd40cb1754fdb03dd54cdcd7110b3442c6976cf282a3fedaf5
1ad8d28883eec499b8fc74e104a9c926a6f4fa946e44cbbf67a1ece9c4f69203
1553c3ab42e3fae7405b9271a3e0274e9cf128916d3a6e1c924ded7974314626
6a09e667bb67ae853c6ef372a54ff53a510e527f9b05688c1f83d9ab5be0cd19
7fbc75bf4ea07825028afc84c2f3ed6a355bf5d1f8d3474848fd94e664f39bae
72c00dd3726fb6595da19a1bad6dc76fd59e310d140d64ddd55994818e4323ca
6a09e667bb67ae853c6ef372a54ff53a510e527f9b05688c1f83d9ab5be0cd19
dd506e3ea70d6137d175d3d4d991829efa7ee763697571dfc6929b6fe93a6e21
20a81e15f6b65da12d5d5228ccce5cdcfd00665678855fa4024dde0e8be081f9
6a09e667bb67ae853c6ef372a54ff53a510e527f9b05688c1f83d9ab5be0cd19
bb233a47fdc3a6269c4b17b4c3e9d8c2e730f3afd02d4b2ca2f05d51dc112859
57a00eb4599a09a24075dfad91ac1709ce81f78fcb2ae2042dea84845039fa38
4a308fed584e44fd570ea0ab61662b342f91d5f19f2b46318165664c8996b146
6a09e667bb67ae853c6ef372a54ff53a510e527f9b05688c1f83d9ab5be0cd19
b28d2d67ecbabf67446bf40cff0db8030ffbd02fea1cc70218469de8a796d8b8
3d5a7876c4fec457870b934dfb9e3a7102d7ae8add029b4df87659a12612bd42
ee4321b8dc61488991a98b9599f1c5137a48c1d6afca55a781f92490cc1b4073
6a09e667bb67ae853c6ef372a54ff53a510e527f9b05688c1f83d9ab5be0cd19
4ff56bc596fc9d8045eaeb6200da5bf5c436d7fc21a6f17fd69034bbdc45e58e
6a09e667bb67ae853c6ef372a54ff53a510e527f9b05688c1f83d9ab5be0cd19
5e9b374acb8b857c412354bb0e2579716b77b4fed2426026aefe5af55f3febd5
6a09e667bb67ae853c6ef372a54ff53a510e527f9b05688c1f83d9ab5be0cd19
0eb19e20d521877a131995e02fed9be56801df96f39a73981a5ac147fc922239
6a09e667bb67ae853c6ef372a54ff53a510e527f9b05688c1f83d9ab5be0cd19
229a3a286b129ce02ccce6e1c9504f774414b03913487fc776a3dd1c3526bcf4
6a09e667bb67ae853c6ef372a54ff53a510e527f9b05688c1f83d9ab5be0cd19
00be575e048bfbc0fe1166e6f2ebdbe8caaa83090742f8c5ff9adb8aac5a3109
2b4526b5f18dff7eecb798624dcff49d42dc9d4921698fc8d198a320412f57dd
6a09e667bb67ae853c6ef372a54ff53a510e527f9b05688c1f83d9ab5be0cd19
3c5c0adca27da81b4548648e19b9ac9545d3048c78bba170370690972a6ed551
34eff348245f9852068b4483a20b3d1af9581e0c9e40143f628785001ea83d44
6a09e667bb67ae853c6ef372a54ff53a510e527f9b05688c1f83d9ab5be0cd19
446357b50a7b2358f6ba805a6ec585e52a61bd9d22ec9dbdc525137d0515915e
b3b95cbb312a6171326dc701995c6acb2c31dce5c9c62fc75934c4dd8c5ccb37
ae1db163f2314df06ca336388ba37df00fcb80ad7579538962d6e8059ec0a9b9
6a09e667bb67ae853c6ef372a54ff53a510e527f9b05688c1f83d9ab5be0cd19
19e096684ba3d13fcb833b938f1847ec8b2422bd03d83a2d9cb16f0099aa3083
396273fb7172746b0e47fdbf6183a565a0dbd9d36db02981ff8da7bdc537d830
5ba1d1d2bf02573fde20938522a8069c30fdd297798456e9088d6dfc51e96890
6a09e667bb67ae853c6ef372a54ff53a510e527f9b05688c1f83d9ab5be0cd19
b7e3e4cda6256d8f6c11f99f52f87f1f53439729c4645d6cda274cb5fc87376c
ebea7991b7bb9410a678b77fd80c31649bdd53cc97defa78be603ac3e9210353
56650f3ae580bb94aa80bbcb4ea5021e6b21d44f23f17725c84a3425e5d153cb
6a09e667bb67ae853c6ef372a54ff53a510e527f9b05688c1f83d9ab5be0cd19
533a70f5313a939444c324eff2978c6580e2659152734c957876d517437ced83
fcc32c2fffe76ffd98683f8f953bb454626776c02a5eb00e6c07c7e9b8a1f47d
28ed398cf968988c7c7892aae03af4d26bda9f190d4a37623caa46a822ab29d5
6a09e667bb67ae853c6ef372a54ff53a510e527f9b05688c1f83d9ab5be0cd19
462cb79769dbe2f09a263be06d64f0bbf2f2043c75b2a157bc0a432921305dea
e58b38bc58ce83f2cf06258395c7b7c72e6dadf8b5d52f9755a0b32c397dc436
e0650d42df6b4823034b1551312e0ebbbd235c93e5257922002d2a8e5832e190
6a09e667bb67ae853c6ef372a54ff53a510e527f9b05688c1f83d9ab5be0cd19
2b3da57ab2acc70d7fec7c881e7647e2bcf7adf0484dc4153b4a570b4fc21a84
a85e195074239e3bfd47bb124758f0bbed29ef7270f015e64360db03ff5dc9d8
e9941bd05526d7f7113f5f6f210f92efc1d51a052d825fb4a514108d5d531e42
6a09e667bb67ae853c6ef372a54ff53a510e527f9b05688c1f83d9ab5be0cd19
e8b3bbfed791f8d9a696dc5993ac106b90310eb28f55468564f26a5b1dd66789
26effe7a16de41d1a16358664d252c07265279323547aa9b4ae2e0395a90e9f0
61ae41b4b520613bd9204632539d6b144cce016c47b14111b2e37ab09c4bda80
6a09e667bb67ae853c6ef372a54ff53a510e527f9b05688c1f83d9ab5be0cd19
529d9c43f4e2ebfb1fa081a65a9db62a6b462a2744cdb37f8b3f0e7678aa32e6
e780c94483dab48392ccf8dfc87d3d6150805b3184e155e929bac0f9d168df0d
e7b0164ad2086e2b67d721b8d09641d3320cc86f5d545eace73a93d03fdad0ee
6a09e667bb67ae853c6ef372a54ff53a510e527f9b05688c1f83d9ab5be0cd19
d1751b84d55d63cc5ed2b2923ef34b1e553b9eda0a0e5c69ecbb54510903cce9
9c8e8be31230a5e818c0c39ecfa245956ca941e693c811701dd8509d5b7242e1
451e56b0267b8497cdac5a26f037a9161a449e259b33fbcda786cdef06ffd5dd
6a09e667bb67ae853c6ef372a54ff53a510e527f9b05688c1f83d9ab5be0cd19
6a09e667bb67ae853c6ef372a54ff53a510e527f9b05688c1f83d9ab5be0cd19
dede9da2e8a81d29a643db2dd22a53617f9a31e65372d951cc113d924c3a4e2d
88513c18d1897ec1010fd51d4841f9dcb82817d958049dfa35ccf1921770fe46
a40823e133af911b8b60c2dc3d9e19dd3e6cdf8287334d67fead70e437cdfd91
6a09e667bb67ae853c6ef372a54ff53a510e527f9b05688c1f83d9ab5be0cd19
27755ef2f0bae44eeab97f5934fcebd111c62b003214111bb99e59726e49abd0
798bd8b3ff6323786553e2b6bc7960cacad47c6d4fdc3a75cba9462d284d5d26
6a09e667bb67ae853c6ef372a54ff53a510e527f9b05688c1f83d9ab5be0cd19
95ae1033aad0760623065c1a8448fc96d355708d6f6441addc2ac338618d9ecf
a610d7184773e3ac8f3c65caa3238c3f40b374b2e149132e250af6fe2e28d1ce
23b4c9db2dc0167ec8c373da4fbc4aa2dfff642e9492f869274316067dd8cfea
6a09e667bb67ae853c6ef372a54ff53a510e527f9b05688c1f83d9ab5be0cd19
6a09e667bb67ae853c6ef372a54ff53a510e527f9b05688c1f83d9ab5be0cd19
50cbec4d37e55de56eef96c6ea6c2e0799fd80f97ad4252442879f885f37ac84
bec2514fff44dd4f3812fedf7a198c5fcda25b144aadf6e71ab1f4e6c72aa41b
6a09e667bb67ae853c6ef372a54ff53a510e527f9b05688c1f83d9ab5be0cd19
cb9d26599b68db6d31f6fc9cc5c7280943959dc53959bc3721a7c6928c713616
9893635b43245f2fda2c882f36f1c2f22a74cb96ac9acef62c9a9721891c90a3
4b8a43bf6d428c7c142a208fbbd437a6591859e67900e63683f9f1525b1cef01
6a09e667bb67ae853c6ef372a54ff53a510e527f9b05688c1f83d9ab5be0cd19
a7700d61f30d287fb9f69232de1d5352d9deed759af898a0531aa1618db4cfaf
6a09e667bb67ae853c6ef372a54ff53a510e527f9b05688c1f83d9ab5be0cd19
a632d1d9bf2cd7816552f97b0cc39162b08a60b56736ea98ec5653d1f3a70a00
6a09e667bb67ae853c6ef372a54ff53a510e527f9b05688c1f83d9ab5be0cd19
f9f7126bb5561f5e7885eb21242c6dc29d5d27f37beac33608389029d08bc48e
6a09e667bb67ae853c6ef372a54ff53a510e527f9b05688c1f83d9ab5be0cd19
6a09e667bb67ae853c6ef372a54ff53a510e527f9b05688c1f83d9ab5be0cd19
83c578b8b54dfd10e69e0babcf03961fb718f1b13c57cd4813b34a4afbd2ce55
6a09e667bb67ae853c6ef372a54ff53a510e527f9b05688c1f83d9ab5be0cd19
6a09e667bb67ae853c6ef372a54ff53a510e527f9b05688c1f83d9ab5be0cd19
b769f4992e4f3bda34facefee9954725d0cdea64f3b8d8c0f335c1b793e367cd
2fe8141a3c00fa4080d8ebe5d06893b80904896bb919e48631bfea55b3a105cc
6d54042bdda9c1d2f3536432f3c5d36695182d185cd5e459d9501583238bcea8
6a09e667bb67ae853c6ef372a54ff53a510e527f9b05688c1f83d9ab5be0cd19
6a09e667bb67ae853c6ef372a54ff53a510e527f9b05688c1f83d9ab5be0cd19
bce9183adbb62c393a1870bfa8ba9a387b7f5c8e3e80bf85dd597398047a8632
7a6b1b3ab173f4fbf547a8d023a531c95c99725beccbc83fb22c74be29130adc
6a09e667bb67ae853c6ef372a54ff53a510e527f9b05688c1f83d9ab5be0cd19
6bdcc41c0268e8d5c179fd6a54583e9bd224aaa128d2aeb198c47aaf3c9ee5e8
f13758d41a6a6a75a249914de70883ebb1768f14663cff1af4705bc69b3c0f3a
31cdf6d5846b4f0d5c745d582851b7a03135980dbd92a3e1b591ec1fed46e9ff
6a09e667bb67ae853c6ef372a54ff53a510e527f9b05688c1f83d9ab5be0cd19
f8796e5969472ad045d7f1a5d9e201209308c6821f5cbc41e80c6b81e80b444f
41d066d4ff3508c9e6f25d644182eaecf4401715864e88a175be4756b580336e
c4ce219cb7838fcc7d0639ff55c131f0d7472bbca137d2f4d0e6c930adce458a
6a09e667bb67ae853c6ef372a54ff53a510e527f9b05688c1f83d9ab5be0cd19
769b8630b302308f763553d3552759c9b2378d15af34dd22d316015af8c64a48
6a09e667bb67ae853c6ef372a54ff53a510e527f9b05688c1f83d9ab5be0cd19
bb4289170649c46372d8e3c0846b1a965e35c494e776a424e503708763a6240c
ab5d19047dd0196320a93c8d23c7c7db4f78349197ae62e6993b9e52c7c7bb97
6a09e667bb67ae853c6ef372a54ff53a510e527f9b05688c1f83d9ab5be0cd19
2e555f3eb0131d262a4dd0e8313253d88f42144bf328f417f6b6ac4bd78da24e
81a28e8972fc0b8accb0f94fc27fc258eada1d617d3afd2b3457c047e45f6404
6a09e667bb67ae853c6ef372a54ff53a510e527f9b05688c1f83d9ab5be0cd19
6a09e667bb67ae853c6ef372a54ff53a510e527f9b05688c1f83d9ab5be0cd19
b3f4d1555f33019268bb6b29e4760283203e11159fc9cbe94a7749d552537740
6a09e667bb67ae853c6ef372a54ff53a510e527f9b05688c1f83d9ab5be0cd19
a7aa21d84a6daba03b071251799922f6bdbe848fa1dcca1f5c9e078e4941d9fc
72c861c3a10a294e759e923729dcf3871df088dae69a61c529de80da56173165
6a09e667bb67ae853c6ef372a54ff53a510e527f9b05688c1f83d9ab5be0cd19
372152cb4921c126ed61d56160621caf0e4ad1c3f96f8d5e1de339927d68e19a
63a575238a010eac58bce29057fb599cd3ccdd34a0f0da19963181857486fc56
7bbd6b35baa314f5ed2fd2d108e99ffe63ed2b1d0a3a6880327d6a349e7964c4
6a09e667bb67ae853c6ef372a54ff53a510e527f9b05688c1f83d9ab5be0cd19
3f2e157b753e39c6776d5dd8fb08137d3922fa917ed8cc3666526f27eea4b20d
f04ae3306f98a49ef47b14bbaa4e853ec3f51cd360899a2a85dc5b5ad7fbda31
6a09e667bb67ae853c6ef372a54ff53a510e527f9b05688c1f83d9ab5be0cd19
d6a841c1d3102b221f96289a31d7679a345a36c1fa5ee7b127f01cf0f5267872
5c5aee5d1b3439050d29517e808ca0be03f287bd54d1801943700d13f8f93c6e
26fad67e1b435795d184c7c2e5375731b00a46551a9466790a633a2f4e2c5b66
1364defb8310020652998a81312d794c8a76ea8ae96da35ce278f9467eac40e1
6a09e667bb67ae853c6ef372a54ff53a510e527f9b05688c1f83d9ab5be0cd19
fffa9250406ed939ab98fa6e96038d4d7363d148bb23da08a999b9ca155e4eb5
6a09e667bb67ae853c6ef372a54ff53a510e527f9b05688c1f83d9ab5be0cd19
6a09e667bb67ae853c6ef372a54ff53a510e527f9b05688c1f83d9ab5be0cd19
6a09e667bb67ae853c6ef372a54ff53a510e527f9b05688c1f83d9ab5be0cd19
6a09e667bb67ae853c6ef372a54ff53a510e527f9b05688c1f83d9ab5be0cd19
6a09e667bb67ae853c6ef372a54ff53a510e527f9b05688c1f83d9ab5be0cd19
be913aac5fbe8576c295a4609a6596ef7a4364640d581527df3228c35ad34e6a
2947d65f291e641c3322331fbe0b0bc9c49765ca9d0939a6a98f097e4c947d51
2949781727968b714df5da8a499470c997cba40c8e0229a2809e105538187b75
6a09e667bb67ae853c6ef372a54ff53a510e527f9b05688c1f83d9ab5be0cd19
2426784320ee2e00de355762db953c872905ba7ad7c5160d9eb4c04c0855772a
3f8c2326a85f37d0de9235cff781d68a7df6d9ef6d62865ebe8167a751c23456
6a09e667bb67ae853c6ef372a54ff53a510e527f9b05688c1f83d9ab5be0cd19
59a50a751f1f2436f1d9b28eb930f6c67084a27e28f9177c83b4ebd944812f69
6a09e667bb67ae853c6ef372a54ff53a510e527f9b05688c1f83d9ab5be0cd19
6a09e667bb67ae853c6ef372a54ff53a510e527f9b05688c1f83d9ab5be0cd19
e2e4728a9d40b2c46ce8b04dd2b71ff8796cb39f7bc0a274720f38bba43eaccb
6a09e667bb67ae853c6ef372a54ff53a510e527f9b05688c1f83d9ab5be0cd19
6cb4e845f563eaa0729e8b988cc974896c1e8017b409105fb413ca86c3391446
e5a7c5d77e9dc39172cbcdd9ce7202617bb783ce9cf713b42a0e93ac731bb2b1
3fe21791c46cef1b0ee361aa44a799b7696eaf546c787ae9c4aa1dfbc39f4db8
6a09e667bb67ae853c6ef372a54ff53a510e527f9b05688c1f83d9ab5be0cd19
6a09e667bb67ae853c6ef372a54ff53a510e527f9b05688c1f83d9ab5be0cd19
6a09e667bb67ae853c6ef372a54ff53a510e527f9b05688c1f83d9ab5be0cd19
1e5ea133262515256e9431255d8c18e1ed8e949dcfc1ea3a38f3ccdc619c817f
9a959ef11aa039e0c3f94cddefa40253676bd5623004fb9ce984b16306b6dc54
74f673836e3552adb88d8c90fae61161f6c7385d4109dad4d7fb860797182ab6
6a50d277b441b77cc67d2c487da205b642bfc72c5aee1c31ae8d5336b0cd3e23
6a09e667bb67ae853c6ef372a54ff53a510e527f9b05688c1f83d9ab5be0cd19
5fe900567dac192a6add460fdca55cf4e541512a9607d7e2854b404d813dec91
9f7f8ddda7c43c5a88fc36ec594cd6ce6d1537037c83f9a3676c211cf19a5955
6a09e667bb67ae853c6ef372a54ff53a510e527f9b05688c1f83d9ab5be0cd19
da9edfcf344dc181e4d12712394a62bcaf1df0adc22a548aa809dd4c9ae3b67e
6a09e667bb67ae853c6ef372a54ff53a510e527f9b05688c1f83d9ab5be0cd19
57f7629163862b1252ca878dc49daefa94c146fe2448ff13184e54a68c1f92a3
6a09e667bb67ae853c6ef372a54ff53a510e527f9b05688c1f83d9ab5be0cd19
0b3f51864531f7a23c4d8b4d2af49ea26b87513ccd8e7381c51e6e09247f953f
56395d7d3fc56f3f58bbc2b90146e0a4478ff224fa1b792b99527abb325388cd
fe952a8d1bd6f5208dc0bc6b78302818d0413d2681ee18b5959fd1046d944532
6a09e667bb67ae853c6ef372a54ff53a510e527f9b05688c1f83d9ab5be0cd19
33c510bede2a1202befc23cf7e1623fcd24e2d4dd5d9aab140a3d332355fc8ec
6a09e667bb67ae853c6ef372a54ff53a510e527f9b05688c1f83d9ab5be0cd19
859571b7db9c2dcf5f76a9ca248f44f51bcc811d6df586c3a82e1ba165075014
3c869e78cdb844048bc79fd6deddeb9d03dfd58ad560895b4161baef24375fcc
6a09e667bb67ae853c6ef372a54ff53a510e527f9b05688c1f83d9ab5be0cd19
1e211a877a173ad31c0b6add3fc50bf7d19d49d87cfeee8ef40b725e5e2dbb7a
4a74440e69dd567fed71d51e279159fccb30b970f36d71b05f35809e47c228c6
6a09e667bb67ae853c6ef372a54ff53a510e527f9b05688c1f83d9ab5be0cd19
6959df07a3454d4b5beca3aca0d69908c4789b50e823bd04ad19a492b15674a0
5bc323b2e667169e351a33c239d623f5f880e244b5bfa28ff1c8241f3df013c4
e042f827b64886beceb3b47a7c7dc369b594f842d403d98f2b2586df8c0f5300
6a09e667bb67ae853c6ef372a54ff53a510e527f9b05688c1f83d9ab5be0cd19
cbf254cf55767102702e66b266965646a88ec6ab525cdf482a09c86c9ce29c87
dc217dd75a42d94a6794b3047f1387afdf747a9a9d6133bd799377813a1368b2
6a09e667bb67ae853c6ef372a54ff53a510e527f9b05688c1f83d9ab5be0cd19
6a09e667bb67ae853c6ef372a54ff53a510e527f9b05688c1f83d9ab5be0cd19
c2829e6aa2a030ae01156cf3562c7f882ed7c096d59749f15b4cda5cd65e8262
c3c39ec67028cedd2bf68340ab5c240da66d5e5b5fc0c7165e845cc059b8a970
6a09e667bb67ae853c6ef372a54ff53a510e527f9b05688c1f83d9ab5be0cd19
6a09e667bb67ae853c6ef372a54ff53a510e527f9b05688c1f83d9ab5be0cd19
6a09e667bb67ae853c6ef372a54ff53a510e527f9b05688c1f83d9ab5be0cd19
30100ac61a587bd4c03e7c63ec9166bcee6a4efd0b87a09fd54e4a4d69f294ec
6a09e667bb67ae853c6ef372a54ff53a510e527f9b05688c1f83d9ab5be0cd19
df7709a66fccdb9e4305d19a908d6f75d777adfcc3979084e1d3fc8b6e14f508
b282548329b109cef8195379dd2d554668427162fb03015916bb0a999105e88f
a5dae41037917c720d6f5d1489dedd74a682290bc3d143469ae5b926f115267b
6a09e667bb67ae853c6ef372a54ff53a510e527f9b05688c1f83d9ab5be0cd19
2abf5dc8900f9ae50b8f14ff5858d42a07abf243fc74ca31a62412fb42d40ad4
d5f914c6707ca4eee356097d1fbade99048ffa59bff138c01394d90971355484
6a09e667bb67ae853c6ef372a54ff53a510e527f9b05688c1f83d9ab5be0cd19
6a09e667bb67ae853c6ef372a54ff53a510e527f9b05688c1f83d9ab5be0cd19
03364cc6fe2129b26804d1ae6c8d675e07961a31e439ae98ccd3985cbe677850
af5e01c306dc402f9e7830ffd9fa231e67476fe167bc87510600d4c98f9853dc
3a5a4eada1062ab84e922a19f28df5d8edd9c01a12fb0c26a51d80b316b28e6c
6a09e667bb67ae853c6ef372a54ff53a510e527f9b05688c1f83d9ab5be0cd19
e113c5b7131d44cd066a36a94c75270ea50fddff9690322ca623be82fe009922
aac611fa2debdda012ccc21adbd1b452bfb4f736803db3ae300b47ed186761aa
bc4bc359830e788988cec0235938890b066d9f76afa86a66ab35c2be7a89131c
6a09e667bb67ae853c6ef372a54ff53a510e527f9b05688c1f83d9ab5be0cd19
6a09e667bb67ae853c6ef372a54ff53a510e527f9b05688c1f83d9ab5be0cd19
897dfcc7e8fffef290ff0c486db3392b3cf5363dcce746567a6ba641ec11cd71
f3ec0c7dcddff276846d3623f2b2a36e4be8c595522144092082f6d274724db4
a04c39d0b8130352125a7fba04a9891611015f7708f14629e5c680ae7a0a1602
6a09e667bb67ae853c6ef372a54ff53a510e527f9b05688c1f83d9ab5be0cd19
6a09e667bb67ae853c6ef372a54ff53a510e527f9b05688c1f83d9ab5be0cd19
ea496a8b4e42b85f5ee1ff424c07562c146973723622219ae5788e2ee9d21bf5
70b32bac0dc1485c760c2a90e44beb9f3d77709b26b2334b567bb41523bac291
0a2b6857755a25bfaa951000a7d4772011cb017a0147cca73442a47657d62839
6a09e667bb67ae853c6ef372a54ff53a510e527f9b05688c1f83d9ab5be0cd19
dc5dc894baee9c80a31362392fdb0fd2475e6e2859b2b187d274f1ee22ac7d1b
e05442b8317616fc30c61f9bbbc04e53937dbdae57cb998edeceb03c4d479322
0ec5b5bfd8e2d2b2b3fdf88d8bac3de11a9321b2b5a6c9514e03719c4a089ec5
fc0a71b7baceffea13f739ec9868986aecfeee4cd8c5eaf4aee3c874103b4820
6a09e667bb67ae853c6ef372a54ff53a510e527f9b05688c1f83d9ab5be0cd19
6a09e667bb67ae853c6ef372a54ff53a510e527f9b05688c1f83d9ab5be0cd19
5da8e928aed89a5c24c7819d1d4c57cc2c3ec9d564f7d0d608e766dc4a9e6a63
505162ec142be8bc3bc8f6bb5f348858a9bb60ba31c67a9ac1c835158b2458a0
e1e81d82b45ec0842ad0362298ef02e954f67260ff4fce8546ed15d384edfa27
6a09e667bb67ae853c6ef372a54ff53a510e527f9b05688c1f83d9ab5be0cd19
a56606bdc85dc34e01c40cf62b80db71519fa7c762fa959dd744b161027add90
6a09e667bb67ae853c6ef372a54ff53a510e527f9b05688c1f83d9ab5be0cd19
6a09e667bb67ae853c6ef372a54ff53a510e527f9b05688c1f83d9ab5be0cd19
21393d42c7ddce5620b772afcf8f7033c3db44598d2bd717b3c7f95a6ecdb7df
81d0ead78fd289fb4fe86d9ef8a7303c31692037d44d1b540c787ce7aa829b27
5f73fb14969e409800b1e4b1590e0d4d7b1566f9938f573514e7429249eb9a9c
711a80aca11573ae68517db71c8eb3f4673dcf3522d0e680282c6d77c5534e18
6a09e667bb67ae853c6ef372a54ff53a510e527f9b05688c1f83d9ab5be0cd19
74bc5a9657df47a0f1524dac592971e0e9358513d33b3b47842b857613119ddf
6a09e667bb67ae853c6ef372a54ff53a510e527f9b05688c1f83d9ab5be0cd19
05bcaba916b02f5cd61f73c2f086a6c11a0de03cc732aa51f636ed03f7a8cc73
0d90252ec1385a069c5d6954c520665481017d523a4d68c16aa1a97ed2cb9582
100117123dbeb8e2c77c37afd8e184781d6e88dcb21caffbc7cb09567e50dc3c
6a09e667bb67ae853c6ef372a54ff53a510e527f9b05688c1f83d9ab5be0cd19
b6241cb86a975f593b53c06a3b14cc8ecea36962051b5941318708b5441d737c
938cecb8da90993f7692d93cbd493a87b718105a6d061f12406cab8c2ebde73e
3c70dae6bb82566262d05461f5033d48208cb7b001cfe8cb63251bafb0ca4835
6a09e667bb67ae853c6ef372a54ff53a510e527f9b05688c1f83d9ab5be0cd19
f728070d595fdebddb23b2de046b0fdd25ea2c8bcec6e8d4bad50ecca338bbba
06deb4b9e00f2297dcf3e4d1e4f55c6b75ae0027b3c5c5b3002a890444075080
6d20f11a063de2c176e4c06cdf414a68f255dc93d9d328640205053fc509f494
6a09e667bb67ae853c6ef372a54ff53a510e527f9b05688c1f83d9ab5be0cd19
06d59f1ef1d79c38aea50d170ee6b1314b844d806ada51c925952061c0ccfbeb
27805364e6f7b73299d3c0795809bf5caa9aa211768baa2ff5ba24917931b25f
7c4eafc7675937a716019145582597a249cf54aa9858285fbd2ab0911bf4579e
6a09e667bb67ae853c6ef372a54ff53a510e527f9b05688c1f83d9ab5be0cd19
d22b3c1afbd343d89b709dbe3d6de937f76b5fd4820c446fda17382bab1ba870
6a09e667bb67ae853c6ef372a54ff53a510e527f9b05688c1f83d9ab5be0cd19
8b39ac7dbfee6f2123fdedc8988daa817cf2369809ded9c7d2dc913afc102cc4
7b8caaa9c72faa092fa9239cf42c52bda0333229addaa8faac4dc7d5a93cc7e3
34673ec60e4e989e077c70856996da6fb77f5bdf05d2d8507dc1d57ead4bef38
6a09e667bb67ae853c6ef372a54ff53a510e527f9b05688c1f83d9ab5be0cd19
6a09e667bb67ae853c6ef372a54ff53a510e527f9b05688c1f83d9ab5be0cd19
4ab29cd7524cad355a9897a30095dc7256e591427941b78360baf063e8675024
6a09e667bb67ae853c6ef372a54ff53a510e527f9b05688c1f83d9ab5be0cd19
6a09e667bb67ae853c6ef372a54ff53a510e527f9b05688c1f83d9ab5be0cd19
a498fe0667c7155745fa2e5d60f0ddfbbf639a91f0134a45f5622eb9c47fb8cd
774b477112723a2f1a1b9dca669862e69c5952b22957fbdf4351ea94f5dc264e
38667c6d83b8069778b825265c98e264271bd76c49f1ff146f2a1ce9dfd9d8bd
6a09e667bb67ae853c6ef372a54ff53a510e527f9b05688c1f83d9ab5be0cd19
c5b18ede20f7d061285d48d6316f69e9a30c59748bb8c7d4a20de32c30dea18d
6a09e667bb67ae853c6ef372a54ff53a510e527f9b05688c1f83d9ab5be0cd19
c1d38cd55ce6c532aac8fb3a0350e28fad3e8749a8c907aec836b5ee5a612ff9
993b9daa5d6cf61b3c44df1d35af4973262692aecc0f86b261d25a161ac60ae3
6449cfff385f28ba76bf8bda80370540948a78a3db58e70dd92ad1e3a9e06020
6a09e667bb67ae853c6ef372a54ff53a510e527f9b05688c1f83d9ab5be0cd19
6a09e667bb67ae853c6ef372a54ff53a510e527f9b05688c1f83d9ab5be0cd19
d44fb5ba00e10a1b2115b8acd69b015894e76332e8a0840c639a5590b5f49cdb
51dca1c062a049acc02162fb34a0d176c83f4388d4408dab1d2c7555a289dec7
6e7c249168b5fa47e6303b9e0f302ffff806b8ac49b6078564924b30d621b194
6a09e667bb67ae853c6ef372a54ff53a510e527f9b05688c1f83d9ab5be0cd19
6a09e667bb67ae853c6ef372a54ff53a510e527f9b05688c1f83d9ab5be0cd19
25679e6c0508e3eb156a64dfdeee2a1f955b85a2e381802e61e70e113b4ee4f5
203db4db0845d0fb96f9bf074fa20c89448ec21dfb4d0a7f537a9d19120cb718
0f3d926d40d0086d539eeb92dff74216f5464acff689cf18e5e25548a2e1b3d8
6a09e667bb67ae853c6ef372a54ff53a510e527f9b05688c1f83d9ab5be0cd19
d8fef1d840ca6aae5eb777ff89f64587052fbec79ade9bd27a87d107a14ec200
81df8784423905f93dbd01b7a3136d9948f74478f3700894ac9be1b64ec8cd40
75fd761cc304e9c52453b027537607b5b8c827703628bac13b388b2f02a4a1c4
6a09e667bb67ae853c6ef372a54ff53a510e527f9b05688c1f83d9ab5be0cd19
ad78913a047e552091c5690937a60745f69932ca028412b42fcd5af69a1ad27b
e11026bd5c4ae42cb3afb7adabbcb38dc5015a5fa75cd36265c3470b467f2c5c
c8429a88d9224e1dd51f9dad7336259388a52d0f119b97f212d474c1ce80c932
6a09e667bb67ae853c6ef372a54ff53a510e527f9b05688c1f83d9ab5be0cd19
6a09e667bb67ae853c6ef372a54ff53a510e527f9b05688c1f83d9ab5be0cd19
f7e7b529c91cec6511001b499a6b778f00b951302d99cae0c5aba378387fc1b9
c7b113ced60d09ac4778412e2f5ed31c2503519b9b90459cfb86f6f5312a788e
738f04d05c67e5fdddbe0534c9fba22b483fabd7f93e02e11471f74be232dda7
6a09e667bb67ae853c6ef372a54ff53a510e527f9b05688c1f83d9ab5be0cd19
8c74abcaae638294acf56beed271d36fc26051ede53ca7f241e5dd93f3cade99
24e793c64919c010bf8d068de7911de9ad1d709ffd10a390d4733d684e095950
6e0823e258d64b96bc11bc7a21b01ff606052ae24604e4dc10a7df9770e39084
d378ef91ffd52fff01c0459d578791584903a9fa14d4cddbe730fce2caa93f4d
6a09e667bb67ae853c6ef372a54ff53a510e527f9b05688c1f83d9ab5be0cd19
6a09e667bb67ae853c6ef372a54ff53a510e527f9b05688c1f83d9ab5be0cd19
6a09e667bb67ae853c6ef372a54ff53a510e527f9b05688c1f83d9ab5be0cd19
777df6879ba390bbaa3e5a477fb2395b7be8b13ee066b79a49cabc1fc1c437ad
6abee9e4aa9f691ebaf8f9a0e4b1c15c591c686acd299cc530aa13f9a3d8141a
85a5c4c27c78db6e071585a1fa66f140251a8bdeb44838089b6bb4a1bd1c97d3
6a09e667bb67ae853c6ef372a54ff53a510e527f9b05688c1f83d9ab5be0cd19
603b1611d2f05210c9aeb923248c40bc1f99b3a9fe5cacbfc51efd1efbfcf84c
6a09e667bb67ae853c6ef372a54ff53a510e527f9b05688c1f83d9ab5be0cd19
4fee6bb31074e4ed8b820595305fdaf3daeddb3106086221f41551d5b697c32b
889809109aaf5fb16d3e4f6cf3329c305af28926cb4548ef4299e6da7a6155ea
6a09e667bb67ae853c6ef372a54ff53a510e527f9b05688c1f83d9ab5be0cd19
cf1bdce5f2a341bffdc6d82727554e8e5f3b0c68af845982c9ab99aa7f0e957b
f128bd0350a1def3a699478d702a682abe431b16573983921b59d59fad2efb18
aec47d1f8d310c8525d68a36dff9bf0786e7a6b017c6b77c73cc4c9d384aec4e
6a09e667bb67ae853c6ef372a54ff53a510e527f9b05688c1f83d9ab5be0cd19
f540932a83ba41a30b02718e33095da1080b294c8cc65d1705a972bd12c3f5cd
a961b461909c06d34a39733097f22fff965c5f2b77d0b73355143ba2f2bc3d74
dc74ec62d11e2e4e887dcbd22c50ba83ef46eda55cd2872b75f73baf80e703cd
6a09e667bb67ae853c6ef372a54ff53a510e527f9b05688c1f83d9ab5be0cd19
54e42ff26c02c5c7dae6126dedd6be30dca4914a249495cb428075cb627dc7c9
6a09e667bb67ae853c6ef372a54ff53a510e527f9b05688c1f83d9ab5be0cd19
6a09e667bb67ae853c6ef372a54ff53a510e527f9b05688c1f83d9ab5be0cd19
7cbf5730a0eec8259ab962533c97a0574e7a149ae37bed9dbccfeaee9cb0a97a
257c99b292aefa8c26e6bda7ccd1da345c9c96c5828130943a13245b8a894f56
96fd5a7d42bd7dabdf496b5f7f666ae3dac379a53b4a2d8c38fbe5d1c2962535
6a09e667bb67ae853c6ef372a54ff53a510e527f9b05688c1f83d9ab5be0cd19
c7cba637bf4fd3ff99a9d254120b160ba61985dfcf0db9c04046d2139affc10c
6a09e667bb67ae853c6ef372a54ff53a510e527f9b05688c1f83d9ab5be0cd19
3713c1c42620a9a18d953c6f97555e4fbd0f4733f49fa541e77d8d2c7ee558ca
6a09e667bb67ae853c6ef372a54ff53a510e527f9b05688c1f83d9ab5be0cd19
f0630609a0b3200954c94b6e563ea3bbd2f82d02fb45faeedf3d4d77009dc6bc
256d6783881f3577fe64455ac12697e16b7f548306d0aa05b6c9c906106d16db
113d58a38a20e121ad3e528d82271fec62426f8a4118abf4a433d47489004395
6a09e667bb67ae853c6ef372a54ff53a510e527f9b05688c1f83d9ab5be0cd19
f2f04e3d9c7e2e880e435e1d6707287c26d0bff95579f786820efce5953ec22d
6a09e667bb67ae853c6ef372a54ff53a510e527f9b05688c1f83d9ab5be0cd19
c9381adfcb37d4ba1a30f536882af8fb50d2fd510dba004c249575d559c1b81c
2b0bb6eb107896e27a14a82a2df504ac3318bf3ba230377cb5eeac2e8bf0c33e
d6a6c985e597f29377fe36917b1c7bcb9f6ba479217b9d8b2a827cb564ebcc9b
6a09e667bb67ae853c6ef372a54ff53a510e527f9b05688c1f83d9ab5be0cd19
15f763128c92c161d0d0d644b159a8fd7ad01c4aaa84aefdf3ba5a5409d4bc00
de1360c20fa50c80f52f72c4ef042124c5bfd211722546e3a19b09f6e62fbd15
f860b476d08321f08bcf21bc0de364e4bc72c0de561a77b10ea6c6794ae14e91
6a09e667bb67ae853c6ef372a54ff53a510e527f9b05688c1f83d9ab5be0cd19
e6a1e646d4ce0335452cdb85ad986f7de2850e1e33ed5ae3c688ea1ceac3fca7
6a09e667bb67ae853c6ef372a54ff53a510e527f9b05688c1f83d9ab5be0cd19
6a09e667bb67ae853c6ef372a54ff53a510e527f9b05688c1f83d9ab5be0cd19
f5cb234995363f134f9a50747d8c0d2ca22dc2710a0b633c7933b3fcf0a2c1de
5f910b39ae5b12320e62f46a5fe163447596f5b90be6a5dd5b16d2c2a490f4a1
6a09e667bb67ae853c6ef372a54ff53a510e527f9b05688c1f83d9ab5be0cd19
bc2fff18b8fbd44401e989a003d49d813998e591318dd75c95c34344793087b4
b911f36c0f2b5ef9b587226e8c29e208ee351ed91e812e4b4af4a497e118b2fd
425e8b0e7a34cd223ca3e420f3670d2c8f5fea8f671f450ad538f2787a4dbf78
6a09e667bb67ae853c6ef372a54ff53a510e527f9b05688c1f83d9ab5be0cd19
0ae893eb0305081f88a922b797a29161a9b83a253428240fc8e495f125209eff
e1aced82c2ccaf8c6bf54b5eb1ea3df534ff8f1e737f4c065163ca8db71c052d
f769ae45f9d87e478496c61ec989686028a202a85c6b72675e2b67282b7fea44
6a09e667bb67ae853c6ef372a54ff53a510e527f9b05688c1f83d9ab5be0cd19
6a09e667bb67ae853c6ef372a54ff53a510e527f9b05688c1f83d9ab5be0cd19
53757a20fcd82ad5190a96c684d9d92f4b9cd255d9d5563f82616b4f91d91821
b1b072e22eff7a07e6c1b6442925e4635907cd4d5fc3d00bd75e25dada09ad01
2174e4f3ba72324c3ec1a370766beca5c13a708dfc186b1b3e747d4088236ac6
eeae499276b66f9f952418c487fd458b5e466ce4fcc922d9b1d25be14c06d375
6a09e667bb67ae853c6ef372a54ff53a510e527f9b05688c1f83d9ab5be0cd19
6a09e667bb67ae853c6ef372a54ff53a510e527f9b05688c1f83d9ab5be0cd19
7b2c6ba68bda732657d20b71112780b69ce668671fc9eaf3daae1b99e9f03145
4fd6b69fa1ee15c731e4bc6c8f86093b5f3fe4e77aa8615ab231d08c3814df42
af9260f41c631684a6fbafa9806a05b6e6b3cf097b3c807f1fe3091452501341
6a09e667bb67ae853c6ef372a54ff53a510e527f9b05688c1f83d9ab5be0cd19
ab01c4c4d3d62c1f92f5e5fac2e6c5a46b4f4a881739eab77950509989b3130d
9e7ffe635ed2f453ed014ef233bf680b9dbcedc85769a349bac10a774ce92054
6a09e667bb67ae853c6ef372a54ff53a510e527f9b05688c1f83d9ab5be0cd19
fef0274953830faa68777edc759b3ae7ac99e719c05007fe7284ed156919f3e1
983d316dc4cab0ab6dca404e8d2603459699440d3eb644106c0ca9a6295368b3
65539be76f14c798180a3e01e9d41328d5980bf6dc5b35c49e4f86b90b1836e7
a4d08c44fe31e1669ee630a59bf745e1d0c7411d18b2954817010cba59aa11e9
6a09e667bb67ae853c6ef372a54ff53a510e527f9b05688c1f83d9ab5be0cd19
bf5f8eb1cd9047d057a9ad1d2f8e40775ec5a4b6c3a13fade16ea03200d08cc6
6a09e667bb67ae853c6ef372a54ff53a510e527f9b05688c1f83d9ab5be0cd19
2c9833c67c278f99acdf23f956a792f8b5990239d6ee3b6de23e9cd6eae7ab5c
6a09e667bb67ae853c6ef372a54ff53a510e527f9b05688c1f83d9ab5be0cd19
e98fa15d481752708ff8b25b80f4a09a61a492cb0586fc3e7ad0f5ba5a34c349
cc4d6fabd30423909610677b3a045f208f9ba7ea5d515d188b911669ea10e6c8
6a09e667bb67ae853c6ef372a54ff53a510e527f9b05688c1f83d9ab5be0cd19
97765efcd344e5ec47f4c116426f1c2c792ab895fad6d06e88d7ca970e05ecca
5b0d905dca6b6220b39d987adcffb8cef16660f36965dd6c19d80b77914093de
6a09e667bb67ae853c6ef372a54ff53a510e527f9b05688c1f83d9ab5be0cd19
6a09e667bb67ae853c6ef372a54ff53a510e527f9b05688c1f83d9ab5be0cd19
ee13c8b4ed9a7026312b6420550f51e732ba2184e3e9ed23e1616be3ed378268
6a09e667bb67ae853c6ef372a54ff53a510e527f9b05688c1f83d9ab5be0cd19
6a09e667bb67ae853c6ef372a54ff53a510e527f9b05688c1f83d9ab5be0cd19
36cd3a2bf2ef4f0c726a5aa9f3dfde6e9ee755a0f10e36e59f72b73af1298ae6
4581a6a1a16fd10ddba4c70ed5a73d2d8a7d84a33730d78526aa9cb717267f29
6a09e667bb67ae853c6ef372a54ff53a510e527f9b05688c1f83d9ab5be0cd19
44c2830ba0f621300cf8832c99f1bcddaa732239cecb6325df0e45fad99d859a
05a1610fc8ea90cc77ec5063517c6d1b7d032323c7be4c8a4b935d284e9d496f
9cc7b43585f6177819baf32614b5402ba4d326e39b29058d9efe7d80c8eb49fe
6a09e667bb67ae853c6ef372a54ff53a510e527f9b05688c1f83d9ab5be0cd19
891ffa06bf12d7b57a6514451a0ce9449b814a98ed58d7ad527fc8e17180ade4
7506ac05c877590167c2a11961d3697be75b150e8382089f2b3f0518d77f27b0
6a09e667bb67ae853c6ef372a54ff53a510e527f9b05688c1f83d9ab5be0cd19
3d98afd39785b1b20e9b99ac8a54977175b965328c0fcd2f9b748c226c13cc6b
93fb04a07ccbe5587d7e041d63c365e2be3f3f3220b7cd047aeaf024119e1f65
6a09e667bb67ae853c6ef372a54ff53a510e527f9b05688c1f83d9ab5be0cd19
7adaff7205d4e34fb29612dfb2f3e05e3f4aa4b1c57630daa5625b68592b0950
6fec26a4ff44f08c733836e1c88ebc065684e46faad81d488c9b4068cae8650e
1a0d37699f98331b3efd0da8297a32ad273ddf6862fb694bdc1e79f6c630f14f
79bc419a569117e8980ac9bd94e030a67bddc6790f0275dc7abfd774fe94d165
6a09e667bb67ae853c6ef372a54ff53a510e527f9b05688c1f83d9ab5be0cd19
15a0798cbf9d89a9237f64eabe8749b320fdc2baf52eb78b6a3554dcb20b7d8d
6a09e667bb67ae853c6ef372a54ff53a510e527f9b05688c1f83d9ab5be0cd19
655eab339a788894d3dfc7076f48e4a0d38ff55a69ff9b82cc6c563b30422b16
a09ca54caddb1228e37528f15bb8c40669308b1b16c6f24b8e05f8b0d68d5037
23b91ebe21edf5ef216b66d82bede2e1198e7d7200f2eae36d520fbb405c2c3f
ce5072281e6e6b4401fab06e255f3df4e9c632928c649cc3eb4d1a0ae021319b
6a09e667bb67ae853c6ef372a54ff53a510e527f9b05688c1f83d9ab5be0cd19
6a09e667bb67ae853c6ef372a54ff53a510e527f9b05688c1f83d9ab5be0cd19
6e21caf8ccb46f037de187a03041ab8e9643e7d8010abcb1602abc0f319ca98a
9a9eda8814ffe6e7505879794f871529a0fcc9140e730febfc7520da95a07c04
6a09e667bb67ae853c6ef372a54ff53a510e527f9b05688c1f83d9ab5be0cd19
fdf141ca8c13859a15567d73ad93500fbb24b3ebeb5ee5ce1dcdd1782dbd6491
1ff0f0d179540fdbcc1dd730ac70e094cd8ceeba7b2aed59a218e733b8130c47
3f7a90eb3e20bba104465440d69a1eaa80d1609c7ce1a246874f31354926dce0
6a09e667bb67ae853c6ef372a54ff53a510e527f9b05688c1f83d9ab5be0cd19
00fae60a948b793c755431dc19b80c88237bf322f0dffec811b71741feb58b47
5c0e8d3969f59d597137ea6613fc7da88623afd188552d629b840811da3d6d2f
6a09e667bb67ae853c6ef372a54ff53a510e527f9b05688c1f83d9ab5be0cd19
ddd7484e54ab79b215569644d797785457b201af06f00c59d8901e6bd21d10ac
aad1f1733708c448ae84bd580c0583e6197b4640c079955dd9c37998c8e23c53
76597b9542999431c2bbdf7eae136cd03219556f83db8e4fc6cb56f49dc581c4
edf82659fb30359237999c4e62a8e193618921ebbe0f4861f3016eac396755b3
6a09e667bb67ae853c6ef372a54ff53a510e527f9b05688c1f83d9ab5be0cd19
317ccb767beec7ded1e482fdc6bfbc6e0a63d4828eb1c4e68acd070c1d4f1c09
6a09e667bb67ae853c6ef372a54ff53a510e527f9b05688c1f83d9ab5be0cd19
6a09e667bb67ae853c6ef372a54ff53a510e527f9b05688c1f83d9ab5be0cd19
01f7a9df5407ab838c0dd7d82464c5075c10a4f3fc87e84419acc015ad4ad63c
6a09e667bb67ae853c6ef372a54ff53a510e527f9b05688c1f83d9ab5be0cd19
1b4db3b0f1fe36ae7529544657aca38bcd2d7dc46148a23f7c032c89ca002d8c
6a09e667bb67ae853c6ef372a54ff53a510e527f9b05688c1f83d9ab5be0cd19
895cebb492d10b537ad1a027b770af7a1ea033d4f7a11288ba880977d5c6db43
f69aca6c094c521d98fd93a0f8646b9044ed94562b1787205bf61624855b70d7
6a09e667bb67ae853c6ef372a54ff53a510e527f9b05688c1f83d9ab5be0cd19
5ebb1b110b823f48bb235dc2ac82edbd1e99ce693b0a34b471ac8c5857de453c
0a88ab30a52c31ffe99c00cff5039ca3f1b5a0c349ed550011d19e4bddc4043f
6a09e667bb67ae853c6ef372a54ff53a510e527f9b05688c1f83d9ab5be0cd19
62e8d56a7644b4b918b78b2349ca51148ab629d5092ee4754aa7af91bb6021b5
6a09e667bb67ae853c6ef372a54ff53a510e527f9b05688c1f83d9ab5be0cd19
753d62786230d82fa24a7e769aa4ab9e6250c6d88f8dee789a68304d18716626
f69d1dc70a04146a5045dee845852a221d61b9f9fa151408bb5304d3b750fb4d
6a09e667bb67ae853c6ef372a54ff53a510e527f9b05688c1f83d9ab5be0cd19
6a09e667bb67ae853c6ef372a54ff53a510e527f9b05688c1f83d9ab5be0cd19
78f8f008058cd5b535cf53c053b03acbf241a05e6daa417c3b261edc9fde9c72
6a09e667bb67ae853c6ef372a54ff53a510e527f9b05688c1f83d9ab5be0cd19
967e1dc91e8b00801fd367cb7f339029a8e34fa00dee78d4a109dd363f5b97a3
174dc7b59f54ed8d0de3c23c632c1ac64d36a42016bc1d3e7cc30c8e5eae2142
6a09e667bb67ae853c6ef372a54ff53a510e527f9b05688c1f83d9ab5be0cd19
e9d54ea490fd3d2d2405038bd969158da416279a2785e5666418fad6b9a6929e
f96b08be008f7cadfad055ee2a382cdb00eeda6a0f98eece8e0b2c61b23abf70
b2c7017b36e719c8d1128d1d3d96f1d8cae717501ea968ac5f2d99d50ddbd028
6a09e667bb67ae853c6ef372a54ff53a510e527f9b05688c1f83d9ab5be0cd19
87b72a9c08e13a2c41e73ee5959890dc06a8ff7956de8f680c0681ab6ded292e
cd7ec5e8960a298fe281df8c4bb33d1aac881e5c03f19e4f5a3cafccac1958f2
b7f3831418460befe1ffeb41a4763ece63a5acc691946dc53110a12a5473f2c8
6a09e667bb67ae853c6ef372a54ff53a510e527f9b05688c1f83d9ab5be0cd19
5649d1805a30a198a9d6c9ecf7af334a0b21f1ca032757d78f1462784d0f4ea9
6a09e667bb67ae853c6ef372a54ff53a510e527f9b05688c1f83d9ab5be0cd19
